id,FTID,belongtoDevice,Function,Location,Device,Type,description,voltage,current,resistance,isSocket,isSetPoint,isSensePoint
1,=A01+K1.H2-Q1:D2,=A01+K1.H2-Q1,A01,K1.H2,Q1,coil,D2,0,0,0,0,0,0
2,=A01+K1.B1-K3:14,=A01+K1.B1-K3,A01,K1.B1,K3,AX_NO_1,14,0,0,0,0,0,0
3,=A01+K1.H2-W0:L1,=A01+K1.H2-W0,A01,K1.H2,W0,,L1,0,0,0,0,0,0
4,=A01+K1.H2-Q1:T1,=A01+K1.H2-Q1,A01,K1.H2,Q1,MC_NO_1,T1,0,0,0,0,0,0
5,=A01+K1.H2-F0:2,=A01+K1.H2-F0,A01,K1.H2,F0,,2,0,0,0,0,0,0
6,=A01+K1.H2-Q1:L1,=A01+K1.H2-Q1,A01,K1.H2,Q1,MC_NO_1,L1,0,0,0,0,0,0
8,=A01+K1.H2-Q2:L1,=A01+K1.H2-Q2,A01,K1.H2,Q2,MC_NO_1,L1,0,0,0,0,0,0
9,=A01+K1.H2-W0:L2,=A01+K1.H2-W0,A01,K1.H2,W0,,L2,0,0,0,0,0,0
10,=A01+K1.H2-Q1:T2,=A01+K1.H2-Q1,A01,K1.H2,Q1,MC_NO_2,T2,0,0,0,0,0,0
11,=A01+K1.H2-F0:4,=A01+K1.H2-F0,A01,K1.H2,F0,,4,0,0,0,0,0,0
12,=A01+K1.H2-Q1:L2,=A01+K1.H2-Q1,A01,K1.H2,Q1,MC_NO_2,L2,0,0,0,0,0,0
14,=A01+K1.H2-Q2:L2,=A01+K1.H2-Q2,A01,K1.H2,Q2,MC_NO_2,L2,0,0,0,0,0,0
15,=A01+K1.H2-W0:L3,=A01+K1.H2-W0,A01,K1.H2,W0,,L3,0,0,0,0,0,0
16,=A01+K1.H2-Q1:T3,=A01+K1.H2-Q1,A01,K1.H2,Q1,MC_NO_3,T3,0,0,0,0,0,0
17,=A01+K1.H2-Q1:L3,=A01+K1.H2-Q1,A01,K1.H2,Q1,MC_NO_3,L3,0,0,0,0,0,0
18,=A01+K1.H2-F0:6,=A01+K1.H2-F0,A01,K1.H2,F0,,6,0,0,0,0,0,0
20,=A01+K1.H2-Q2:L3,=A01+K1.H2-Q2,A01,K1.H2,Q2,MC_NO_3,L3,0,0,0,0,0,0
21,=A01+K1.H2-X1:N,=A01+K1.H2-X1,A01,K1.H2,X1,Terminal_Point,N,0,0,0,0,0,0
24,=A02+K1.H2-X5:N,=A02+K1.H2-X5,A02,K1.H2,X5,Terminal_Point,N,0,0,0,0,0,0
26,=A01+K1.H2-X1:PE,=A01+K1.H2-X1,A01,K1.H2,X1,Terminal_Point,PE,0,0,0,0,0,0
29,=A02+K1.H2-W20:SE,=A02+K1.H2-W20,A02,K1.H2,W20,,SE,0,0,0,0,0,0
32,=A02+K1.H2-X6:PE,=A02+K1.H2-X6,A02,K1.H2,X6,Terminal_Point,PE,0,0,0,0,0,0
33,=A01+K1.H2-Q1:3.14,=A01+K1.H2-Q1,A01,K1.H2,Q1,AC_NO_2,3.14,0,0,0,0,0,0
34,=A01+K1.H2-G1:SEC,=A01+K1.H2-G1,A01,K1.H2,G1,,SEC,0,0,0,0,0,0
35,=A01+K1.H2-Q1:3.13,=A01+K1.H2-Q1,A01,K1.H2,Q1,AC_NO_1,3.13,0,0,0,0,0,0
36,=A01+K1.H2-Q1:D1,=A01+K1.H2-Q1,A01,K1.H2,Q1,coil,D1,0,0,0,0,0,0
40,=A01+K1.H2-G1:PRI,=A01+K1.H2-G1,A01,K1.H2,G1,,PRI,0,0,0,0,0,0
41,=A01+K1.H2-Q2:T1,=A01+K1.H2-Q2,A01,K1.H2,Q2,MC_NO_1,T1,0,0,0,0,0,0
44,=A02+K1.B1-X21-X21.1F:12,=A02+K1.B1-X21-X21.1F,A02,K1.B1,X21-X21.1F,Terminal_Point,12,0,0,0,1,0,0
45,=A01+K1.H2-Q2:T2,=A01+K1.H2-Q2,A01,K1.H2,Q2,MC_NO_2,T2,0,0,0,0,0,0
47,=A01+K1.H2-Q2:T3,=A01+K1.H2-Q2,A01,K1.H2,Q2,MC_NO_3,T3,0,0,0,0,0,0
48,=A01+K1.H2-X1:5,=A01+K1.H2-X1,A01,K1.H2,X1,Terminal_Point,5,0,0,0,0,0,0
50,=A01+K1.H2-X1:7,=A01+K1.H2-X1,A01,K1.H2,X1,Terminal_Point,7,0,0,0,0,0,0
51,=A01+K1.B1-K3:11,=A01+K1.B1-K3,A01,K1.B1,K3,AX_COM_1,11,0,0,0,0,0,0
52,=A01+K1.H2-X1:3,=A01+K1.H2-X1,A01,K1.H2,X1,Terminal_Point,3,0,0,0,0,0,0
53,=A01+K1.H2-X1:2,=A01+K1.H2-X1,A01,K1.H2,X1,Terminal_Point,2,0,0,0,0,0,0
54,=A02+K1.B1-A3:13,=A02+K1.B1-A3,A02,K1.B1,A3,,13,0,0,0,0,0,0
55,=A01+K1.G2-S1:4,=A01+K1.G2-S1,A01,K1.G2,S1,S_NC_1,4,0,0,0,0,0,0
57,=A01+K1.H2-X1:1,=A01+K1.H2-X1,A01,K1.H2,X1,Terminal_Point,1,0,0,0,0,0,0
58,=A01+K1.G2-S1:3,=A01+K1.G2-S1,A01,K1.G2,S1,S_NC_1,3,0,0,0,0,0,0
59,=A01+K1.B1-W7(-P1):P1,=A01+K1.B1-W7(-P1),A01,K1.B1,W7(-P1),,P1,0,0,0,0,0,0
61,=A01+K1.G2-S1:2,=A01+K1.G2-S1,A01,K1.G2,S1,S_NO_1,2,0,0,0,0,0,0
63,=A01+K1.G2-S1:1,=A01+K1.G2-S1,A01,K1.G2,S1,S_NO_1,1,0,0,0,0,0,0
64,=A01+K1.H2-X1:4,=A01+K1.H2-X1,A01,K1.H2,X1,Terminal_Point,4,0,0,0,0,0,0
66,=A02+K1.B1-X21-X21.1F:11,=A02+K1.B1-X21-X21.1F,A02,K1.B1,X21-X21.1F,Terminal_Point,11,0,0,0,1,0,0
67,=A02+K1.B1-X21-X21.1F:10,=A02+K1.B1-X21-X21.1F,A02,K1.B1,X21-X21.1F,Terminal_Point,10,0,0,0,1,0,0
68,=A02+K1.B1-A3:14,=A02+K1.B1-A3,A02,K1.B1,A3,,14,0,0,0,0,0,0
70,=A02+K1.B1-X21-X21.1M:10,=A02+K1.B1-X21-X21.1M,A02,K1.B1,X21-X21.1M,Terminal_Point,10,0,0,0,1,0,0
71,=A02+K1.B1-X21-X21.1F:9,=A02+K1.B1-X21-X21.1F,A02,K1.B1,X21-X21.1F,Terminal_Point,9,0,0,0,1,0,0
74,=A02+K1.B1-X21-X21.1M:9,=A02+K1.B1-X21-X21.1M,A02,K1.B1,X21-X21.1M,Terminal_Point,9,0,0,0,1,0,0
76,=A02+K1.B1-X21-X21.1M:11,=A02+K1.B1-X21-X21.1M,A02,K1.B1,X21-X21.1M,Terminal_Point,11,0,0,0,1,0,0
78,=A02+K1.B1-X21-X21.1M:12,=A02+K1.B1-X21-X21.1M,A02,K1.B1,X21-X21.1M,Terminal_Point,12,0,0,0,1,0,0
80,=A01+K1.B1-X20:L,=A01+K1.B1-X20,A01,K1.B1,X20,Terminal_Point,L,0,0,0,0,0,0
81,=A01+K1.H2-X1:6,=A01+K1.H2-X1,A01,K1.H2,X1,Terminal_Point,6,0,0,0,0,0,0
82,=A01+K1.B1-X20:N,=A01+K1.B1-X20,A01,K1.B1,X20,Terminal_Point,N,0,0,0,0,0,0
86,=A01+K1.B1-X20:PE,=A01+K1.B1-X20,A01,K1.B1,X20,Terminal_Point,PE,0,0,0,0,0,0
88,=A01+K1.E1-E1:L,=A01+K1.E1-E1,A01,K1.E1,E1,,L,0,0,0,0,0,0
90,=A01+K1.E1-E1:PE,=A01+K1.E1-E1,A01,K1.E1,E1,,PE,0,0,0,0,0,0
91,=A01+K1.H2-X1:8,=A01+K1.H2-X1,A01,K1.H2,X1,Terminal_Point,8,0,0,0,0,0,0
92,=A01+K1.E1-E1:N,=A01+K1.E1-E1,A01,K1.E1,E1,,N,0,0,0,0,0,0
96,=A01+K1.H1-G2-L+,=A01+K1.H1-G2-L+,A01,K1.H1,G2-L+,,,0,0,0,0,0,0
97,=A01+K1.H2-F1:2,=A01+K1.H2-F1,A01,K1.H2,F1,,2,0,0,0,0,0,0
98,=A01+K1.H1-G2-L,=A01+K1.H1-G2-L,A01,K1.H1,G2-L,,,0,0,0,0,0,0
99,=A01+K1.H2-X1:9,=A01+K1.H2-X1,A01,K1.H2,X1,Terminal_Point,9,0,0,0,0,0,0
100,=A01+K1.H2-F1:1,=A01+K1.H2-F1,A01,K1.H2,F1,,1,0,0,0,0,0,0
101,=P01+K1.G1-E1:X4,=P01+K1.G1-E1,P01,K1.G1,E1,,X4,0,0,0,0,0,0
103,=A01+K1.H2-X1:10,=A01+K1.H2-X1,A01,K1.H2,X1,Terminal_Point,10,0,0,0,0,0,0
104,=A01+K1.H1-G2-N,=A01+K1.H1-G2-N,A01,K1.H1,G2-N,,,0,0,0,0,0,0
107,=A01+K1.H1-G2-L-,=A01+K1.H1-G2-L-,A01,K1.H1,G2-L-,,,0,0,0,0,0,0
108,=A01+K1.B1-W7(-P2):P2,=A01+K1.B1-W7(-P2),A01,K1.B1,W7(-P2),,P2,0,0,0,0,0,0
110,=A01+K1.H1-G2-PE,=A01+K1.H1-G2-PE,A01,K1.H1,G2-PE,,,0,0,0,0,0,0
111,=A02+K1.H2-X6:2,=A02+K1.H2-X6,A02,K1.H2,X6,Terminal_Point,2,0,0,0,0,0,0
112,=A01+K1.H1-G2-PE:PE,=A01+K1.H1-G2-PE,A01,K1.H1,G2-PE,,PE,0,0,0,0,0,0
114,=A02+K1.H2-X6:3,=A02+K1.H2-X6,A02,K1.H2,X6,Terminal_Point,3,0,0,0,0,0,0
115,=A01+K1.H2-X1:11,=A01+K1.H2-X1,A01,K1.H2,X1,Terminal_Point,11,0,0,0,0,0,0
116,=A02+K1.B1-A5:1,=A02+K1.B1-A5,A02,K1.B1,A5,,1,0,0,0,0,0,0
118,=A02+K1.H2-Q1:T1,=A02+K1.H2-Q1,A02,K1.H2,Q1,MC_NO_1,T1,0,0,0,0,0,0
120,=A02+K1.H1-G2:L1,=A02+K1.H1-G2,A02,K1.H1,G2,,L1,0,0,0,0,0,0
121,=A01+K1.H2-X1:12,=A01+K1.H2-X1,A01,K1.H2,X1,Terminal_Point,12,0,0,0,0,0,0
122,=A02+K1.B1-A5:2,=A02+K1.B1-A5,A02,K1.B1,A5,,2,0,0,0,0,0,0
124,=A02+K1.H2-Q1:T2,=A02+K1.H2-Q1,A02,K1.H2,Q1,MC_NO_2,T2,0,0,0,0,0,0
126,=A02+K1.H1-G2:L2,=A02+K1.H1-G2,A02,K1.H1,G2,,L2,0,0,0,0,0,0
127,=A01+K1.H2-X1:13,=A01+K1.H2-X1,A01,K1.H2,X1,Terminal_Point,13,0,0,0,0,0,0
128,=A02+K1.B1-A5:3,=A02+K1.B1-A5,A02,K1.B1,A5,,3,0,0,0,0,0,0
130,=A02+K1.H2-Q1:T3,=A02+K1.H2-Q1,A02,K1.H2,Q1,MC_NO_3,T3,0,0,0,0,0,0
132,=A02+K1.H1-G2:L3,=A02+K1.H1-G2,A02,K1.H1,G2,,L3,0,0,0,0,0,0
133,=A01+K1.H2-X1:15,=A01+K1.H2-X1,A01,K1.H2,X1,Terminal_Point,15,0,0,0,0,0,0
134,=A02+K1.B1-A5:4,=A02+K1.B1-A5,A02,K1.B1,A5,,4,0,0,0,0,0,0
135,=A01+K1.H2-X1:14,=A01+K1.H2-X1,A01,K1.H2,X1,Terminal_Point,14,0,0,0,0,0,0
137,=A01+K1.H2-X1:16,=A01+K1.H2-X1,A01,K1.H2,X1,Terminal_Point,16,0,0,0,0,0,0
138,=A02+K1.B1-A5:5,=A02+K1.B1-A5,A02,K1.B1,A5,,5,0,0,0,0,0,0
139,=A01+K1.H2-T1:-L1i,=A01+K1.H2-T1,A01,K1.H2,T1,,-L1i,0,0,0,0,0,0
141,=A01+K1.H2-T1:-L1k,=A01+K1.H2-T1,A01,K1.H2,T1,,-L1k,0,0,0,0,0,0
142,=A01+K1.H2-T1:-L2k,=A01+K1.H2-T1,A01,K1.H2,T1,,-L2k,0,0,0,0,0,0
144,=A01+K1.H2-T1:-L3k,=A01+K1.H2-T1,A01,K1.H2,T1,,-L3k,0,0,0,0,0,0
146,=A01+K1.H2-X1:19,=A01+K1.H2-X1,A01,K1.H2,X1,Terminal_Point,19,0,0,0,0,0,0
147,=A01+K1.H2-X1:17,=A01+K1.H2-X1,A01,K1.H2,X1,Terminal_Point,17,0,0,0,0,0,0
148,=A02+K1.B1-A5:6,=A02+K1.B1-A5,A02,K1.B1,A5,,6,0,0,0,0,0,0
149,=A01+K1.H2-T1:-L2i,=A01+K1.H2-T1,A01,K1.H2,T1,,-L2i,0,0,0,0,0,0
151,=A01+K1.H2-X1:18,=A01+K1.H2-X1,A01,K1.H2,X1,Terminal_Point,18,0,0,0,0,0,0
152,=A02+K1.B1-A5:7,=A02+K1.B1-A5,A02,K1.B1,A5,,7,0,0,0,0,0,0
153,=A01+K1.H2-T1:-L3i,=A01+K1.H2-T1,A01,K1.H2,T1,,-L3i,0,0,0,0,0,0
156,=A02+K1.B1-A5:8,=A02+K1.B1-A5,A02,K1.B1,A5,,8,0,0,0,0,0,0
157,=A01+K1.H2-K1:A2,=A01+K1.H2-K1,A01,K1.H2,K1,coil,A2,0,0,0,0,0,0
158,=A02+K1.B1-W5(-P2):P2,=A02+K1.B1-W5(-P2),A02,K1.B1,W5(-P2),,P2,0,0,0,0,0,0
159,=A02+K1.B1-K20:34,=A02+K1.B1-K20,A02,K1.B1,K20,AX_NO_3,34,0,0,0,0,0,0
160,=A01+K1.H2-K1:A1,=A01+K1.H2-K1,A01,K1.H2,K1,coil,A1,0,0,0,0,0,0
162,=A01+K1.H2-K1:13,=A01+K1.H2-K1,A01,K1.H2,K1,AX_NO_1,13,0,0,0,0,0,0
163,=F01+K1.B1-K1:64,=F01+K1.B1-K1,F01,K1.B1,K1,AX_NO_6,64,0,0,0,0,0,0
164,=A02+K1.B1-K20:33,=A02+K1.B1-K20,A02,K1.B1,K20,AX_NO_3,33,0,0,0,0,0,0
165,=A02+K1.B1-W5(-P1):P1,=A02+K1.B1-W5(-P1),A02,K1.B1,W5(-P1),,P1,0,0,0,0,0,0
166,=F01+K1.B1-K1:63,=F01+K1.B1-K1,F01,K1.B1,K1,AX_NO_6,63,0,0,0,0,0,0
167,=A01+K1.H2-K2:A2,=A01+K1.H2-K2,A01,K1.H2,K2,coil,A2,0,0,0,0,0,0
169,=A01+K1.H2-K1:14,=A01+K1.H2-K1,A01,K1.H2,K1,AX_NO_1,14,0,0,0,0,0,0
170,=A01+K1.H2-K2:A1,=A01+K1.H2-K2,A01,K1.H2,K2,coil,A1,0,0,0,0,0,0
171,=A01+K1.H2-K2:44,=A01+K1.H2-K2,A01,K1.H2,K2,AX_NO_4,44,0,0,0,0,0,0
172,=Q15+K1.H2-F11:14,=Q15+K1.H2-F11,Q15,K1.H2,F11,,14,0,0,0,0,0,0
174,=Q15+K1.H2-F12:13,=Q15+K1.H2-F12,Q15,K1.H2,F12,,13,0,0,0,0,0,0
176,=Q15+K1.H2-F13:13,=Q15+K1.H2-F13,Q15,K1.H2,F13,,13,0,0,0,0,0,0
178,=Q15+K1.H2-F14:14,=Q15+K1.H2-F14,Q15,K1.H2,F14,,14,0,0,0,0,0,0
180,=Q01+K1.H2-Q1:13,=Q01+K1.H2-Q1,Q01,K1.H2,Q1,AC_NO_1,13,0,0,0,0,0,0
181,=A01+K1.H2-K1:44,=A01+K1.H2-K1,A01,K1.H2,K1,AX_NO_4,44,0,0,0,0,0,0
182,=A01+K1.H2-K2:43,=A01+K1.H2-K2,A01,K1.H2,K2,AX_NO_4,43,0,0,0,0,0,0
184,=A01+K1.H2-K1:43,=A01+K1.H2-K1,A01,K1.H2,K1,AX_NO_4,43,0,0,0,0,0,0
185,=A01+K1.B1-K3:A2,=A01+K1.B1-K3,A01,K1.B1,K3,coil,A2,0,0,0,0,0,0
187,=A02+K1.B1-A1:1,=A02+K1.B1-A1,A02,K1.B1,A1,,1,0,0,0,0,0,0
188,=A01+K1.B1-K3:A1,=A01+K1.B1-K3,A01,K1.B1,K3,coil,A1,0,0,0,0,0,0
189,=A01+K1.B1-K3:21,=A01+K1.B1-K3,A01,K1.B1,K3,AX_COM_2,21,0,0,0,0,0,0
190,=A02+K1.B1-A3:15,=A02+K1.B1-A3,A02,K1.B1,A3,,15,0,0,0,0,0,0
192,=A01+K1.B1-K3:22,=A01+K1.B1-K3,A01,K1.B1,K3,AX_NC_2,22,0,0,0,0,0,0
194,=A02+K1.H2-W1:1L1,=A02+K1.H2-W1,A02,K1.H2,W1,,1L1,0,0,0,0,0,0
196,=A02+K1.H2-W1:1L2,=A02+K1.H2-W1,A02,K1.H2,W1,,1L2,0,0,0,0,0,0
198,=A02+K1.H2-W1:1L3,=A02+K1.H2-W1,A02,K1.H2,W1,,1L3,0,0,0,0,0,0
199,=A01+K1.H2-K1:2,=A01+K1.H2-K1,A01,K1.H2,K1,MC_NO_1,2,0,0,0,0,0,0
200,=A02+K1.H2-W2:2L1,=A02+K1.H2-W2,A02,K1.H2,W2,,2L1,0,0,0,0,0,0
202,=A01+K1.H2-K1:1,=A01+K1.H2-K1,A01,K1.H2,K1,MC_NO_1,1,0,0,0,0,0,0
203,=A01+K1.H2-K1:4,=A01+K1.H2-K1,A01,K1.H2,K1,MC_NO_2,4,0,0,0,0,0,0
204,=A02+K1.H2-W2:2L2,=A02+K1.H2-W2,A02,K1.H2,W2,,2L2,0,0,0,0,0,0
206,=A01+K1.H2-K1:3,=A01+K1.H2-K1,A01,K1.H2,K1,MC_NO_2,3,0,0,0,0,0,0
207,=A01+K1.H2-K1:6,=A01+K1.H2-K1,A01,K1.H2,K1,MC_NO_3,6,0,0,0,0,0,0
208,=A02+K1.H2-W2:2L3,=A02+K1.H2-W2,A02,K1.H2,W2,,2L3,0,0,0,0,0,0
210,=A01+K1.H2-K1:5,=A01+K1.H2-K1,A01,K1.H2,K1,MC_NO_3,5,0,0,0,0,0,0
212,=A02+K1.H2-W3:3L1,=A02+K1.H2-W3,A02,K1.H2,W3,,3L1,0,0,0,0,0,0
214,=A02+K1.H2-W3:3L2,=A02+K1.H2-W3,A02,K1.H2,W3,,3L2,0,0,0,0,0,0
216,=A02+K1.H2-W3:3L3,=A02+K1.H2-W3,A02,K1.H2,W3,,3L3,0,0,0,0,0,0
217,=A01+K1.H2-K2:2,=A01+K1.H2-K2,A01,K1.H2,K2,MC_NO_1,2,0,0,0,0,0,0
218,=A02+K1.H2-W4:1L1,=A02+K1.H2-W4,A02,K1.H2,W4,,1L1,0,0,0,0,0,0
220,=A01+K1.H2-K2:1,=A01+K1.H2-K2,A01,K1.H2,K2,MC_NO_1,1,0,0,0,0,0,0
221,=A01+K1.H2-K2:4,=A01+K1.H2-K2,A01,K1.H2,K2,MC_NO_2,4,0,0,0,0,0,0
222,=A02+K1.H2-W4:1L2,=A02+K1.H2-W4,A02,K1.H2,W4,,1L2,0,0,0,0,0,0
224,=A01+K1.H2-K2:3,=A01+K1.H2-K2,A01,K1.H2,K2,MC_NO_2,3,0,0,0,0,0,0
225,=A01+K1.H2-K2:6,=A01+K1.H2-K2,A01,K1.H2,K2,MC_NO_3,6,0,0,0,0,0,0
226,=A02+K1.H2-W4:1L3,=A02+K1.H2-W4,A02,K1.H2,W4,,1L3,0,0,0,0,0,0
228,=A01+K1.H2-K2:5,=A01+K1.H2-K2,A01,K1.H2,K2,MC_NO_3,5,0,0,0,0,0,0
230,=A02+K1.H2-W2.1:2L3,=A02+K1.H2-W2.1,A02,K1.H2,W2.1,,2L3,0,0,0,0,0,0
232,=A02+K1.H2-W2.1:2L2,=A02+K1.H2-W2.1,A02,K1.H2,W2.1,,2L2,0,0,0,0,0,0
234,=A02+K1.H2-W2.1:2L1,=A02+K1.H2-W2.1,A02,K1.H2,W2.1,,2L1,0,0,0,0,0,0
235,=A02+K1.H1-G2:+V,=A02+K1.H1-G2,A02,K1.H1,G2,,+V,0,0,0,0,0,0
236,=A02+K1.B1-V1(0):1,=A02+K1.B1-V1(0),A02,K1.B1,V1(0),,1,0,0,0,0,0,0
237,=A02+K1.H2-Q1:L1,=A02+K1.H2-Q1,A02,K1.H2,Q1,MC_NO_1,L1,0,0,0,0,0,0
240,=A02+K1.H2-Q1:L2,=A02+K1.H2-Q1,A02,K1.H2,Q1,MC_NO_2,L2,0,0,0,0,0,0
242,=A02+K1.H2-Q1:L3,=A02+K1.H2-Q1,A02,K1.H2,Q1,MC_NO_3,L3,0,0,0,0,0,0
243,=A02+K1.H1-G2:-V,=A02+K1.H1-G2,A02,K1.H1,G2,,-V,0,0,0,0,0,0
244,=A02+K1.B1-W6(-P2):P2,=A02+K1.B1-W6(-P2),A02,K1.B1,W6(-P2),,P2,0,0,0,0,0,0
246,=A02+K1.H1-G2:PE,=A02+K1.H1-G2,A02,K1.H1,G2,,PE,0,0,0,0,0,0
247,=A02+K1.H1-G2:-V',=A02+K1.H1-G2,A02,K1.H1,G2,,-V',0,0,0,0,0,0
249,=A02+K1.H2-F2:2,=A02+K1.H2-F2,A02,K1.H2,F2,,2,0,0,0,0,0,0
250,=A02+K1.B1-X200:L,=A02+K1.B1-X200,A02,K1.B1,X200,Terminal_Point,L,0,0,0,0,0,0
252,=A02+K1.H2-F2:1,=A02+K1.H2-F2,A02,K1.H2,F2,,1,0,0,0,0,0,0
253,=A02+K1.H2-X5:2,=A02+K1.H2-X5,A02,K1.H2,X5,Terminal_Point,2,0,0,0,0,0,0
254,=A02+K1.B1-X200:N,=A02+K1.B1-X200,A02,K1.B1,X200,Terminal_Point,N,0,0,0,0,0,0
255,=A02+K1.H2-X6:4,=A02+K1.H2-X6,A02,K1.H2,X6,Terminal_Point,4,0,0,0,0,0,0
256,=A02+K1.B1-X200:PE,=A02+K1.B1-X200,A02,K1.B1,X200,Terminal_Point,PE,0,0,0,0,0,0
257,=A02+K1.H1-K1:2,=A02+K1.H1-K1,A02,K1.H1,K1,MC_NO_1,2,0,0,0,0,0,0
258,=A02+K1.A1-X21:L,=A02+K1.A1-X21,A02,K1.A1,X21,Terminal_Point,L,0,0,0,0,0,0
260,=A02+K1.H1-K1:4,=A02+K1.H1-K1,A02,K1.H1,K1,MC_NO_2,4,0,0,0,0,0,0
262,=A02+K1.H1-K1:6,=A02+K1.H1-K1,A02,K1.H1,K1,MC_NO_3,6,0,0,0,0,0,0
263,=A02+K1.A1-X21:N,=A02+K1.A1-X21,A02,K1.A1,X21,Terminal_Point,N,0,0,0,0,0,0
264,=A02+K1.H2-X22:N,=A02+K1.H2-X22,A02,K1.H2,X22,Terminal_Point,N,0,0,0,0,0,0
266,=A02+K1.H2-F3.1:4/3,=A02+K1.H2-F3.1,A02,K1.H2,F3.1,,4/3,0,0,0,0,0,0
268,=A02+K1.A1-X21:PE,=A02+K1.A1-X21,A02,K1.A1,X21,Terminal_Point,PE,0,0,0,0,0,0
269,=A02+K1.H1-K1:3,=A02+K1.H1-K1,A02,K1.H1,K1,MC_NO_2,3,0,0,0,0,0,0
270,=A02+K1.H1-K1:5,=A02+K1.H1-K1,A02,K1.H1,K1,MC_NO_3,5,0,0,0,0,0,0
271,=A02+K1.H1-K1:1,=A02+K1.H1-K1,A02,K1.H1,K1,MC_NO_1,1,0,0,0,0,0,0
274,=A02+K1.H2-F3.1:2/1,=A02+K1.H2-F3.1,A02,K1.H2,F3.1,,2/1,0,0,0,0,0,0
276,=A02+K1.H2-X22:L,=A02+K1.H2-X22,A02,K1.H2,X22,Terminal_Point,L,0,0,0,0,0,0
277,=A02+K1.H2-F3:2,=A02+K1.H2-F3,A02,K1.H2,F3,,2,0,0,0,0,0,0
278,=A02+K1.H2-F3.1:1/2,=A02+K1.H2-F3.1,A02,K1.H2,F3.1,,1/2,0,0,0,0,0,0
280,=A02+K1.H2-F3:1,=A02+K1.H2-F3,A02,K1.H2,F3,,1,0,0,0,0,0,0
281,=A02+K1.H2-X22:PE,=A02+K1.H2-X22,A02,K1.H2,X22,Terminal_Point,PE,0,0,0,0,0,0
283,=A02+K1.H2-F3.1:3/4,=A02+K1.H2-F3.1,A02,K1.H2,F3.1,,3/4,0,0,0,0,0,0
285,=A02+K1.H1-K1:A2,=A02+K1.H1-K1,A02,K1.H1,K1,coil,A2,0,0,0,0,0,0
287,=A02+K1.B1-A1:2,=A02+K1.B1-A1,A02,K1.B1,A1,,2,0,0,0,0,0,0
288,=A02+K1.H1-K1:A1,=A02+K1.H1-K1,A02,K1.H1,K1,coil,A1,0,0,0,0,0,0
289,=A02+K1.E1-S1:14,=A02+K1.E1-S1,A02,K1.E1,S1,S_NO_1,14,0,0,0,0,0,0
290,=A02+K1.B1-X9:2,=A02+K1.B1-X9,A02,K1.B1,X9,Terminal_Point,2,0,0,0,0,0,0
291,=A02+K1.B1-X9:1,=A02+K1.B1-X9,A02,K1.B1,X9,Terminal_Point,1,0,0,0,0,0,0
292,=A02+K1.E1-S1:13,=A02+K1.E1-S1,A02,K1.E1,S1,S_NO_1,13,0,0,0,0,0,0
293,=A02+K1.H2-F4:2,=A02+K1.H2-F4,A02,K1.H2,F4,,2,0,0,0,0,0,0
296,=A02+K1.H2-F4:1,=A02+K1.H2-F4,A02,K1.H2,F4,,1,0,0,0,0,0,0
298,=A02+K1.B1-X9:3,=A02+K1.B1-X9,A02,K1.B1,X9,Terminal_Point,3,0,0,0,0,0,0
299,=A02+K1.E1-S2:14,=A02+K1.E1-S2,A02,K1.E1,S2,S_NO_1,14,0,0,0,0,0,0
300,=A02+K1.B1-X9:4,=A02+K1.B1-X9,A02,K1.B1,X9,Terminal_Point,4,0,0,0,0,0,0
302,=A02+K1.E1-S2:13,=A02+K1.E1-S2,A02,K1.E1,S2,S_NO_1,13,0,0,0,0,0,0
304,=A02+K1.B1-X9:5,=A02+K1.B1-X9,A02,K1.B1,X9,Terminal_Point,5,0,0,0,0,0,0
305,=A02+K1.E1-S3:14,=A02+K1.E1-S3,A02,K1.E1,S3,S_NO_1,14,0,0,0,0,0,0
306,=A02+K1.B1-X9:6,=A02+K1.B1-X9,A02,K1.B1,X9,Terminal_Point,6,0,0,0,0,0,0
308,=A02+K1.E1-S3:13,=A02+K1.E1-S3,A02,K1.E1,S3,S_NO_1,13,0,0,0,0,0,0
310,=A02+K1.B1-X9:7,=A02+K1.B1-X9,A02,K1.B1,X9,Terminal_Point,7,0,0,0,0,0,0
312,=A02+K1.A1-M1:X1,=A02+K1.A1-M1,A02,K1.A1,M1,,X1,0,0,0,0,0,0
314,=A02+K1.B1-X9:8,=A02+K1.B1-X9,A02,K1.B1,X9,Terminal_Point,8,0,0,0,0,0,0
316,=A02+K1.B1-X9:PE,=A02+K1.B1-X9,A02,K1.B1,X9,Terminal_Point,PE,0,0,0,0,0,0
320,=A02+K1.A1-M1:RS485+,=A02+K1.A1-M1,A02,K1.A1,M1,,RS485+,0,0,0,0,0,0
322,=P01+K1.G1-D1:USB6,=P01+K1.G1-D1,P01,K1.G1,D1,,USB6,0,0,0,0,0,0
324,=A02+K1.A1-M1:RS485-,=A02+K1.A1-M1,A02,K1.A1,M1,,RS485-,0,0,0,0,0,0
330,=A02+K1.B1-X100:1,=A02+K1.B1-X100,A02,K1.B1,X100,Terminal_Point,1,0,0,0,0,0,0
332,=A02+K1.B1-X100:2,=A02+K1.B1-X100,A02,K1.B1,X100,Terminal_Point,2,0,0,0,0,0,0
334,=A02+K1.B1-X100:3,=A02+K1.B1-X100,A02,K1.B1,X100,Terminal_Point,3,0,0,0,0,0,0
336,=A01+K1.I1-X1:1,=A01+K1.I1-X1,A01,K1.I1,X1,Terminal_Point,1,0,0,0,0,0,0
338,=A01+K1.I1-X1:4,=A01+K1.I1-X1,A01,K1.I1,X1,Terminal_Point,4,0,0,0,0,0,0
340,=A02+K1.H1-W21:SE,=A02+K1.H1-W21,A02,K1.H1,W21,,SE,0,0,0,0,0,0
341,=A02+K1.B1-W22:SE,=A02+K1.B1-W22,A02,K1.B1,W22,,SE,0,0,0,0,0,0
344,=A02+K1.H1-W12:SE,=A02+K1.H1-W12,A02,K1.H1,W12,,SE,0,0,0,0,0,0
345,=A02+K1.B1-W10:SE,=A02+K1.B1-W10,A02,K1.B1,W10,,SE,0,0,0,0,0,0
347,=A02+K1.B1-W9:SE,=A02+K1.B1-W9,A02,K1.B1,W9,,SE,0,0,0,0,0,0
349,=A02+K1.B1-W11:SE,=A02+K1.B1-W11,A02,K1.B1,W11,,SE,0,0,0,0,0,0
351,=A02+K1.B1-X20-X20.1M:13,=A02+K1.B1-X20-X20.1M,A02,K1.B1,X20-X20.1M,Terminal_Point,13,0,0,0,1,0,0
354,=A02+K1.B1-X20-X20.1F:13,=A02+K1.B1-X20-X20.1F,A02,K1.B1,X20-X20.1F,Terminal_Point,13,0,0,0,1,0,0
355,=A02+K1.B1-X20-X20.1M:14,=A02+K1.B1-X20-X20.1M,A02,K1.B1,X20-X20.1M,Terminal_Point,14,0,0,0,1,0,0
358,=A02+K1.B1-X20-X20.1F:14,=A02+K1.B1-X20-X20.1F,A02,K1.B1,X20-X20.1F,Terminal_Point,14,0,0,0,1,0,0
359,=A02+K1.B1-X20-X20.1M:15,=A02+K1.B1-X20-X20.1M,A02,K1.B1,X20-X20.1M,Terminal_Point,15,0,0,0,1,0,0
362,=A02+K1.B1-X20-X20.1F:15,=A02+K1.B1-X20-X20.1F,A02,K1.B1,X20-X20.1F,Terminal_Point,15,0,0,0,1,0,0
363,=A02+K1.B1-X20-X20.2M:13,=A02+K1.B1-X20-X20.2M,A02,K1.B1,X20-X20.2M,Terminal_Point,13,0,0,0,1,0,0
366,=A02+K1.B1-X20-X20.2F:13,=A02+K1.B1-X20-X20.2F,A02,K1.B1,X20-X20.2F,Terminal_Point,13,0,0,0,1,0,0
367,=A02+K1.B1-X20-X20.2M:14,=A02+K1.B1-X20-X20.2M,A02,K1.B1,X20-X20.2M,Terminal_Point,14,0,0,0,1,0,0
370,=A02+K1.B1-X20-X20.2F:14,=A02+K1.B1-X20-X20.2F,A02,K1.B1,X20-X20.2F,Terminal_Point,14,0,0,0,1,0,0
371,=A02+K1.B1-X20-X20.2M:15,=A02+K1.B1-X20-X20.2M,A02,K1.B1,X20-X20.2M,Terminal_Point,15,0,0,0,1,0,0
374,=A02+K1.B1-X20-X20.2F:15,=A02+K1.B1-X20-X20.2F,A02,K1.B1,X20-X20.2F,Terminal_Point,15,0,0,0,1,0,0
375,=A02+K1.B1-X20-X20.1M:9,=A02+K1.B1-X20-X20.1M,A02,K1.B1,X20-X20.1M,Terminal_Point,9,0,0,0,1,0,0
377,=A02+K1.B1-A1:4,=A02+K1.B1-A1,A02,K1.B1,A1,,4,0,0,0,0,0,0
378,=A02+K1.B1-X20-X20.1F:9,=A02+K1.B1-X20-X20.1F,A02,K1.B1,X20-X20.1F,Terminal_Point,9,0,0,0,1,0,0
379,=A02+K1.B1-X20-X20.1M:10,=A02+K1.B1-X20-X20.1M,A02,K1.B1,X20-X20.1M,Terminal_Point,10,0,0,0,1,0,0
381,=A02+K1.B1-A1:5,=A02+K1.B1-A1,A02,K1.B1,A1,,5,0,0,0,0,0,0
382,=A02+K1.B1-X20-X20.1F:10,=A02+K1.B1-X20-X20.1F,A02,K1.B1,X20-X20.1F,Terminal_Point,10,0,0,0,1,0,0
383,=A02+K1.B1-X20-X20.3F:2,=A02+K1.B1-X20-X20.3F,A02,K1.B1,X20-X20.3F,Terminal_Point,2,0,0,0,1,0,0
384,=A02+K1.B1-A3:4,=A02+K1.B1-A3,A02,K1.B1,A3,,4,0,0,0,0,0,0
386,=A02+K1.B1-X20-X20.3M:2,=A02+K1.B1-X20-X20.3M,A02,K1.B1,X20-X20.3M,Terminal_Point,2,0,0,0,1,0,0
387,=A02+K1.B1-X20-X20.3M:1,=A02+K1.B1-X20-X20.3M,A02,K1.B1,X20-X20.3M,Terminal_Point,1,0,0,0,1,0,0
389,=A02+K1.B1-W5(-P1):X1,=A02+K1.B1-W5(-P1),A02,K1.B1,W5(-P1),,X1,0,0,0,0,0,0
390,=A02+K1.B1-X20-X20.3F:1,=A02+K1.B1-X20-X20.3F,A02,K1.B1,X20-X20.3F,Terminal_Point,1,0,0,0,1,0,0
391,=A02+K1.B1-X20-X20.3F:4,=A02+K1.B1-X20-X20.3F,A02,K1.B1,X20-X20.3F,Terminal_Point,4,0,0,0,1,0,0
392,=A02+K1.B1-A3:5,=A02+K1.B1-A3,A02,K1.B1,A3,,5,0,0,0,0,0,0
394,=A02+K1.B1-X20-X20.3M:4,=A02+K1.B1-X20-X20.3M,A02,K1.B1,X20-X20.3M,Terminal_Point,4,0,0,0,1,0,0
395,=A02+K1.B1-X20-X20.3M:3,=A02+K1.B1-X20-X20.3M,A02,K1.B1,X20-X20.3M,Terminal_Point,3,0,0,0,1,0,0
398,=A02+K1.B1-X20-X20.3F:3,=A02+K1.B1-X20-X20.3F,A02,K1.B1,X20-X20.3F,Terminal_Point,3,0,0,0,1,0,0
399,=A02+K1.B1-X20-X20.1M:11,=A02+K1.B1-X20-X20.1M,A02,K1.B1,X20-X20.1M,Terminal_Point,11,0,0,0,1,0,0
401,=A02+K1.B1-A1:6,=A02+K1.B1-A1,A02,K1.B1,A1,,6,0,0,0,0,0,0
402,=A02+K1.B1-X20-X20.1F:11,=A02+K1.B1-X20-X20.1F,A02,K1.B1,X20-X20.1F,Terminal_Point,11,0,0,0,1,0,0
403,=A02+K1.B1-X20-X20.1M:12,=A02+K1.B1-X20-X20.1M,A02,K1.B1,X20-X20.1M,Terminal_Point,12,0,0,0,1,0,0
405,=A02+K1.B1-A1:7,=A02+K1.B1-A1,A02,K1.B1,A1,,7,0,0,0,0,0,0
406,=A02+K1.B1-X20-X20.1F:12,=A02+K1.B1-X20-X20.1F,A02,K1.B1,X20-X20.1F,Terminal_Point,12,0,0,0,1,0,0
407,=A02+K1.B1-X20-X20.3F:6,=A02+K1.B1-X20-X20.3F,A02,K1.B1,X20-X20.3F,Terminal_Point,6,0,0,0,1,0,0
408,=A02+K1.B1-A3:6,=A02+K1.B1-A3,A02,K1.B1,A3,,6,0,0,0,0,0,0
410,=A02+K1.B1-X20-X20.3M:6,=A02+K1.B1-X20-X20.3M,A02,K1.B1,X20-X20.3M,Terminal_Point,6,0,0,0,1,0,0
411,=A02+K1.B1-X20-X20.3M:5,=A02+K1.B1-X20-X20.3M,A02,K1.B1,X20-X20.3M,Terminal_Point,5,0,0,0,1,0,0
414,=A02+K1.B1-X20-X20.3F:5,=A02+K1.B1-X20-X20.3F,A02,K1.B1,X20-X20.3F,Terminal_Point,5,0,0,0,1,0,0
415,=A02+K1.B1-X20-X20.3F:8,=A02+K1.B1-X20-X20.3F,A02,K1.B1,X20-X20.3F,Terminal_Point,8,0,0,0,1,0,0
416,=A02+K1.B1-A3:7,=A02+K1.B1-A3,A02,K1.B1,A3,,7,0,0,0,0,0,0
418,=A02+K1.B1-X20-X20.3M:8,=A02+K1.B1-X20-X20.3M,A02,K1.B1,X20-X20.3M,Terminal_Point,8,0,0,0,1,0,0
419,=A02+K1.B1-X20-X20.3M:7,=A02+K1.B1-X20-X20.3M,A02,K1.B1,X20-X20.3M,Terminal_Point,7,0,0,0,1,0,0
422,=A02+K1.B1-X20-X20.3F:7,=A02+K1.B1-X20-X20.3F,A02,K1.B1,X20-X20.3F,Terminal_Point,7,0,0,0,1,0,0
423,=A02+K1.B1-X20-X20.2M:1,=A02+K1.B1-X20-X20.2M,A02,K1.B1,X20-X20.2M,Terminal_Point,1,0,0,0,1,0,0
425,=A02+K1.B1-A1:8,=A02+K1.B1-A1,A02,K1.B1,A1,,8,0,0,0,0,0,0
426,=A02+K1.B1-X20-X20.2F:1,=A02+K1.B1-X20-X20.2F,A02,K1.B1,X20-X20.2F,Terminal_Point,1,0,0,0,1,0,0
427,=A02+K1.B1-X20-X20.2M:2,=A02+K1.B1-X20-X20.2M,A02,K1.B1,X20-X20.2M,Terminal_Point,2,0,0,0,1,0,0
429,=A02+K1.B1-A1:9,=A02+K1.B1-A1,A02,K1.B1,A1,,9,0,0,0,0,0,0
430,=A02+K1.B1-X20-X20.2F:2,=A02+K1.B1-X20-X20.2F,A02,K1.B1,X20-X20.2F,Terminal_Point,2,0,0,0,1,0,0
431,=A02+K1.B1-X20-X20.2M:3,=A02+K1.B1-X20-X20.2M,A02,K1.B1,X20-X20.2M,Terminal_Point,3,0,0,0,1,0,0
433,=A02+K1.B1-A1:10,=A02+K1.B1-A1,A02,K1.B1,A1,,10,0,0,0,0,0,0
434,=A02+K1.B1-X20-X20.2F:3,=A02+K1.B1-X20-X20.2F,A02,K1.B1,X20-X20.2F,Terminal_Point,3,0,0,0,1,0,0
435,=A02+K1.B1-X20-X20.2M:4,=A02+K1.B1-X20-X20.2M,A02,K1.B1,X20-X20.2M,Terminal_Point,4,0,0,0,1,0,0
437,=A02+K1.B1-A1:11,=A02+K1.B1-A1,A02,K1.B1,A1,,11,0,0,0,0,0,0
438,=A02+K1.B1-X20-X20.2F:4,=A02+K1.B1-X20-X20.2F,A02,K1.B1,X20-X20.2F,Terminal_Point,4,0,0,0,1,0,0
439,=A02+K1.B1-X20-X20.2M:5,=A02+K1.B1-X20-X20.2M,A02,K1.B1,X20-X20.2M,Terminal_Point,5,0,0,0,1,0,0
441,=A02+K1.B1-A1:12,=A02+K1.B1-A1,A02,K1.B1,A1,,12,0,0,0,0,0,0
442,=A02+K1.B1-X20-X20.2F:5,=A02+K1.B1-X20-X20.2F,A02,K1.B1,X20-X20.2F,Terminal_Point,5,0,0,0,1,0,0
443,=A02+K1.B1-X20-X20.2M:6,=A02+K1.B1-X20-X20.2M,A02,K1.B1,X20-X20.2M,Terminal_Point,6,0,0,0,1,0,0
445,=A02+K1.B1-A1:13,=A02+K1.B1-A1,A02,K1.B1,A1,,13,0,0,0,0,0,0
446,=A02+K1.B1-X20-X20.2F:6,=A02+K1.B1-X20-X20.2F,A02,K1.B1,X20-X20.2F,Terminal_Point,6,0,0,0,1,0,0
448,=A02+K1.B1-X20-X20.2M:7,=A02+K1.B1-X20-X20.2M,A02,K1.B1,X20-X20.2M,Terminal_Point,7,0,0,0,1,0,0
449,=A02+K1.B1-A1:14,=A02+K1.B1-A1,A02,K1.B1,A1,,14,0,0,0,0,0,0
450,=A02+K1.B1-X20-X20.2F:7,=A02+K1.B1-X20-X20.2F,A02,K1.B1,X20-X20.2F,Terminal_Point,7,0,0,0,1,0,0
452,=A02+K1.B1-X20-X20.2M:8,=A02+K1.B1-X20-X20.2M,A02,K1.B1,X20-X20.2M,Terminal_Point,8,0,0,0,1,0,0
453,=A02+K1.B1-A1:15,=A02+K1.B1-A1,A02,K1.B1,A1,,15,0,0,0,0,0,0
454,=A02+K1.B1-X20-X20.2F:8,=A02+K1.B1-X20-X20.2F,A02,K1.B1,X20-X20.2F,Terminal_Point,8,0,0,0,1,0,0
456,=A02+K1.B1-X20-X20.2M:9,=A02+K1.B1-X20-X20.2M,A02,K1.B1,X20-X20.2M,Terminal_Point,9,0,0,0,1,0,0
457,=A02+K1.B1-A1:16,=A02+K1.B1-A1,A02,K1.B1,A1,,16,0,0,0,0,0,0
458,=A02+K1.B1-X20-X20.2F:9,=A02+K1.B1-X20-X20.2F,A02,K1.B1,X20-X20.2F,Terminal_Point,9,0,0,0,1,0,0
460,=A02+K1.B1-X20-X20.2M:10,=A02+K1.B1-X20-X20.2M,A02,K1.B1,X20-X20.2M,Terminal_Point,10,0,0,0,1,0,0
461,=A02+K1.B1-A2:1,=A02+K1.B1-A2,A02,K1.B1,A2,,1,0,0,0,0,0,0
462,=A02+K1.B1-X20-X20.2F:10,=A02+K1.B1-X20-X20.2F,A02,K1.B1,X20-X20.2F,Terminal_Point,10,0,0,0,1,0,0
463,=A02+K1.B1-X20-X20.2M:11,=A02+K1.B1-X20-X20.2M,A02,K1.B1,X20-X20.2M,Terminal_Point,11,0,0,0,1,0,0
465,=A02+K1.B1-A2:2,=A02+K1.B1-A2,A02,K1.B1,A2,,2,0,0,0,0,0,0
466,=A02+K1.B1-X20-X20.2F:11,=A02+K1.B1-X20-X20.2F,A02,K1.B1,X20-X20.2F,Terminal_Point,11,0,0,0,1,0,0
467,=A02+K1.B1-X20-X20.2M:12,=A02+K1.B1-X20-X20.2M,A02,K1.B1,X20-X20.2M,Terminal_Point,12,0,0,0,1,0,0
469,=A02+K1.B1-A2:3,=A02+K1.B1-A2,A02,K1.B1,A2,,3,0,0,0,0,0,0
470,=A02+K1.B1-X20-X20.2F:12,=A02+K1.B1-X20-X20.2F,A02,K1.B1,X20-X20.2F,Terminal_Point,12,0,0,0,1,0,0
471,=A02+K1.B1-X20-X20.3M:9,=A02+K1.B1-X20-X20.3M,A02,K1.B1,X20-X20.3M,Terminal_Point,9,0,0,0,1,0,0
473,=A02+K1.B1-A2:4,=A02+K1.B1-A2,A02,K1.B1,A2,,4,0,0,0,0,0,0
474,=A02+K1.B1-X20-X20.3F:9,=A02+K1.B1-X20-X20.3F,A02,K1.B1,X20-X20.3F,Terminal_Point,9,0,0,0,1,0,0
475,=A02+K1.B1-X20-X20.3F:10,=A02+K1.B1-X20-X20.3F,A02,K1.B1,X20-X20.3F,Terminal_Point,10,0,0,0,1,0,0
476,=A02+K1.B1-A3:8,=A02+K1.B1-A3,A02,K1.B1,A3,,8,0,0,0,0,0,0
478,=A02+K1.B1-X20-X20.3M:10,=A02+K1.B1-X20-X20.3M,A02,K1.B1,X20-X20.3M,Terminal_Point,10,0,0,0,1,0,0
479,=A02+K1.B1-A4:1,=A02+K1.B1-A4,A02,K1.B1,A4,,1,0,0,0,0,0,0
480,=A02+K1.B1-X20-X20.3F:11,=A02+K1.B1-X20-X20.3F,A02,K1.B1,X20-X20.3F,Terminal_Point,11,0,0,0,1,0,0
481,=A02+K1.B1-X20-X20.3M:11,=A02+K1.B1-X20-X20.3M,A02,K1.B1,X20-X20.3M,Terminal_Point,11,0,0,0,1,0,0
483,=A02+K1.B1-X20-X20.3M:12,=A02+K1.B1-X20-X20.3M,A02,K1.B1,X20-X20.3M,Terminal_Point,12,0,0,0,1,0,0
485,=A02+K1.B1-X20-X20.3F:12,=A02+K1.B1-X20-X20.3F,A02,K1.B1,X20-X20.3F,Terminal_Point,12,0,0,0,1,0,0
486,=A02+K1.B1-A4:2,=A02+K1.B1-A4,A02,K1.B1,A4,,2,0,0,0,0,0,0
487,=A02+K1.B1-A4:5,=A02+K1.B1-A4,A02,K1.B1,A4,,5,0,0,0,0,0,0
488,=A02+K1.B1-X20-X20.3F:13,=A02+K1.B1-X20-X20.3F,A02,K1.B1,X20-X20.3F,Terminal_Point,13,0,0,0,1,0,0
489,=A02+K1.B1-X20-X20.3M:13,=A02+K1.B1-X20-X20.3M,A02,K1.B1,X20-X20.3M,Terminal_Point,13,0,0,0,1,0,0
491,=A02+K1.B1-X20-X20.3M:14,=A02+K1.B1-X20-X20.3M,A02,K1.B1,X20-X20.3M,Terminal_Point,14,0,0,0,1,0,0
493,=A02+K1.B1-X20-X20.3F:14,=A02+K1.B1-X20-X20.3F,A02,K1.B1,X20-X20.3F,Terminal_Point,14,0,0,0,1,0,0
494,=A02+K1.B1-A4:6,=A02+K1.B1-A4,A02,K1.B1,A4,,6,0,0,0,0,0,0
495,=A02+K1.B1-X20-X20.5M:6,=A02+K1.B1-X20-X20.5M,A02,K1.B1,X20-X20.5M,Terminal_Point,6,0,0,0,1,0,0
496,=A02+K1.B1-X20-X20.5M:7,=A02+K1.B1-X20-X20.5M,A02,K1.B1,X20-X20.5M,Terminal_Point,7,0,0,0,1,0,0
500,=A02+K1.B1-X20-X20.5F:6,=A02+K1.B1-X20-X20.5F,A02,K1.B1,X20-X20.5F,Terminal_Point,6,0,0,0,1,0,0
504,=A02+K1.B1-X20-X20.5F:7,=A02+K1.B1-X20-X20.5F,A02,K1.B1,X20-X20.5F,Terminal_Point,7,0,0,0,1,0,0
507,=A02+K1.B1-X20-X20.5M:8,=A02+K1.B1-X20-X20.5M,A02,K1.B1,X20-X20.5M,Terminal_Point,8,0,0,0,1,0,0
508,=A02+K1.B1-X20-X20.5M:11,=A02+K1.B1-X20-X20.5M,A02,K1.B1,X20-X20.5M,Terminal_Point,11,0,0,0,1,0,0
510,=A02+K1.B1-X20-X20.5F:8,=A02+K1.B1-X20-X20.5F,A02,K1.B1,X20-X20.5F,Terminal_Point,8,0,0,0,1,0,0
513,=A02+K1.B1-X20-X20.5M:9,=A02+K1.B1-X20-X20.5M,A02,K1.B1,X20-X20.5M,Terminal_Point,9,0,0,0,1,0,0
514,=A02+K1.B1-X20-X20.5M:10,=A02+K1.B1-X20-X20.5M,A02,K1.B1,X20-X20.5M,Terminal_Point,10,0,0,0,1,0,0
516,=A02+K1.B1-K21.1:72,=A02+K1.B1-K21.1,A02,K1.B1,K21.1,AX_NC_7,72,0,0,0,0,0,0
518,=A02+K1.B1-X20-X20.5F:9,=A02+K1.B1-X20-X20.5F,A02,K1.B1,X20-X20.5F,Terminal_Point,9,0,0,0,1,0,0
524,=A02+K1.B1-X20-X20.5F:10,=A02+K1.B1-X20-X20.5F,A02,K1.B1,X20-X20.5F,Terminal_Point,10,0,0,0,1,0,0
528,=A02+K1.B1-X20-X20.5F:11,=A02+K1.B1-X20-X20.5F,A02,K1.B1,X20-X20.5F,Terminal_Point,11,0,0,0,1,0,0
531,=A02+K1.B1-X20-X20.5M:12,=A02+K1.B1-X20-X20.5M,A02,K1.B1,X20-X20.5M,Terminal_Point,12,0,0,0,1,0,0
534,=A02+K1.B1-X20-X20.5F:12,=A02+K1.B1-X20-X20.5F,A02,K1.B1,X20-X20.5F,Terminal_Point,12,0,0,0,1,0,0
537,=A02+K1.B1-K21.1:71,=A02+K1.B1-K21.1,A02,K1.B1,K21.1,AX_COM_7,71,0,0,0,0,0,0
538,=A02+K1.B1-X20-X20.5M:13,=A02+K1.B1-X20-X20.5M,A02,K1.B1,X20-X20.5M,Terminal_Point,13,0,0,0,1,0,0
539,=A02+K1.B1-X20-X20.5F:13,=A02+K1.B1-X20-X20.5F,A02,K1.B1,X20-X20.5F,Terminal_Point,13,0,0,0,1,0,0
541,=A02+K1.B1-X20-X20.5M:14,=A02+K1.B1-X20-X20.5M,A02,K1.B1,X20-X20.5M,Terminal_Point,14,0,0,0,1,0,0
544,=A02+K1.B1-X20-X20.5F:14,=A02+K1.B1-X20-X20.5F,A02,K1.B1,X20-X20.5F,Terminal_Point,14,0,0,0,1,0,0
546,=A02+K1.B1-K19:A2,=A02+K1.B1-K19,A02,K1.B1,K19,coil,A2,0,0,0,0,0,0
548,=A02+K1.B1-K19:A1,=A02+K1.B1-K19,A02,K1.B1,K19,coil,A1,0,0,0,0,0,0
549,=A02+K1.B1-X20-X20.4F:1,=A02+K1.B1-X20-X20.4F,A02,K1.B1,X20-X20.4F,Terminal_Point,1,0,0,0,1,0,0
550,=A02+K1.B1-K19:S11,=A02+K1.B1-K19,A02,K1.B1,K19,DO,S11,0,0,0,0,0,0
552,=A02+K1.B1-X20-X20.4M:1,=A02+K1.B1-X20-X20.4M,A02,K1.B1,X20-X20.4M,Terminal_Point,1,0,0,0,1,0,0
554,=A02+K1.B1-X20-X20.4M:4,=A02+K1.B1-X20-X20.4M,A02,K1.B1,X20-X20.4M,Terminal_Point,4,0,0,0,1,0,0
555,=A02+K1.B1-X20-X20.4F:2,=A02+K1.B1-X20-X20.4F,A02,K1.B1,X20-X20.4F,Terminal_Point,2,0,0,0,1,0,0
556,=A02+K1.B1-K19:S21,=A02+K1.B1-K19,A02,K1.B1,K19,DO,S21,0,0,0,0,0,0
558,=A02+K1.B1-X20-X20.4M:2,=A02+K1.B1-X20-X20.4M,A02,K1.B1,X20-X20.4M,Terminal_Point,2,0,0,0,1,0,0
560,=A02+K1.B1-X20-X20.4M:3,=A02+K1.B1-X20-X20.4M,A02,K1.B1,X20-X20.4M,Terminal_Point,3,0,0,0,1,0,0
561,=A02+K1.B1-X20-X20.4F:3,=A02+K1.B1-X20-X20.4F,A02,K1.B1,X20-X20.4F,Terminal_Point,3,0,0,0,1,0,0
562,=A02+K1.B1-X20-X20.4F:6,=A02+K1.B1-X20-X20.4F,A02,K1.B1,X20-X20.4F,Terminal_Point,6,0,0,0,1,0,0
563,=A02+K1.B1-X20-X20.4F:4,=A02+K1.B1-X20-X20.4F,A02,K1.B1,X20-X20.4F,Terminal_Point,4,0,0,0,1,0,0
564,=A02+K1.B1-X20-X20.4F:5,=A02+K1.B1-X20-X20.4F,A02,K1.B1,X20-X20.4F,Terminal_Point,5,0,0,0,1,0,0
565,=A02+K1.B1-K21.1:12,=A02+K1.B1-K21.1,A02,K1.B1,K21.1,AX_NC_1,12,0,0,0,0,0,0
566,=A02+K1.B1-K22:43,=A02+K1.B1-K22,A02,K1.B1,K22,AX_NO_4,43,0,0,0,0,0,0
567,=A02+K1.B1-K21:12,=A02+K1.B1-K21,A02,K1.B1,K21,AX_NC_1,12,0,0,0,0,0,0
568,=A02+K1.B1-K21.1:11,=A02+K1.B1-K21.1,A02,K1.B1,K21.1,AX_COM_1,11,0,0,0,0,0,0
569,=A02+K1.B1-K21:11,=A02+K1.B1-K21,A02,K1.B1,K21,AX_COM_1,11,0,0,0,0,0,0
570,=A02+K1.B1-K20:12,=A02+K1.B1-K20,A02,K1.B1,K20,AX_NC_1,12,0,0,0,0,0,0
571,=A02+K1.B1-K19:S34,=A02+K1.B1-K19,A02,K1.B1,K19,DI,S34,0,0,0,0,0,0
572,=A02+K1.B1-K20:11,=A02+K1.B1-K20,A02,K1.B1,K20,AX_COM_1,11,0,0,0,0,0,0
574,=A02+K1.B1-X20-X20.4M:5,=A02+K1.B1-X20-X20.4M,A02,K1.B1,X20-X20.4M,Terminal_Point,5,0,0,0,1,0,0
576,=A02+K1.B1-X20-X20.4M:8,=A02+K1.B1-X20-X20.4M,A02,K1.B1,X20-X20.4M,Terminal_Point,8,0,0,0,1,0,0
578,=A02+K1.B1-X20-X20.4M:6,=A02+K1.B1-X20-X20.4M,A02,K1.B1,X20-X20.4M,Terminal_Point,6,0,0,0,1,0,0
580,=A02+K1.B1-X20-X20.4M:7,=A02+K1.B1-X20-X20.4M,A02,K1.B1,X20-X20.4M,Terminal_Point,7,0,0,0,1,0,0
581,=A02+K1.B1-X20-X20.4F:7,=A02+K1.B1-X20-X20.4F,A02,K1.B1,X20-X20.4F,Terminal_Point,7,0,0,0,1,0,0
582,=A02+K1.B1-K19:S22,=A02+K1.B1-K19,A02,K1.B1,K19,DI,S22,0,0,0,0,0,0
583,=A02+K1.B1-X20-X20.4F:8,=A02+K1.B1-X20-X20.4F,A02,K1.B1,X20-X20.4F,Terminal_Point,8,0,0,0,1,0,0
584,=A02+K1.B1-K19:S12,=A02+K1.B1-K19,A02,K1.B1,K19,DI,S12,0,0,0,0,0,0
585,=F01+K1.B1-K1:12,=F01+K1.B1-K1,F01,K1.B1,K1,AX_NC_1,12,0,0,0,0,0,0
586,=A02+K1.B1-X9:12,=A02+K1.B1-X9,A02,K1.B1,X9,Terminal_Point,12,0,0,0,0,0,0
587,=F01+K1.B1-K1:11,=F01+K1.B1-K1,F01,K1.B1,K1,AX_COM_1,11,0,0,0,0,0,0
588,=A02+K1.B1-K22:44,=A02+K1.B1-K22,A02,K1.B1,K22,AX_NO_4,44,0,0,0,0,0,0
589,=A02+K1.G2-S2:.4,=A02+K1.G2-S2,A02,K1.G2,S2,AC_NO_2,.4,0,0,0,0,0,0
591,=A02+K1.B1-X9:11,=A02+K1.B1-X9,A02,K1.B1,X9,Terminal_Point,11,0,0,0,0,0,0
592,=A02+K1.G2-S2:.3,=A02+K1.G2-S2,A02,K1.G2,S2,AC_NO_2,.3,0,0,0,0,0,0
593,=A02+K1.B1-X9:10,=A02+K1.B1-X9,A02,K1.B1,X9,Terminal_Point,10,0,0,0,0,0,0
595,=A02+K1.G2-S3:12,=A02+K1.G2-S3,A02,K1.G2,S3,S_NC_1,12,0,0,0,0,0,0
597,=A02+K1.B1-X9:9,=A02+K1.B1-X9,A02,K1.B1,X9,Terminal_Point,9,0,0,0,0,0,0
598,=A02+K1.G2-S3:11,=A02+K1.G2-S3,A02,K1.G2,S3,S_NC_1,11,0,0,0,0,0,0
601,=A02+K1.B1-X9:16,=A02+K1.B1-X9,A02,K1.B1,X9,Terminal_Point,16,0,0,0,0,0,0
603,=A02+K1.G2-S2:X2,=A02+K1.G2-S2,A02,K1.G2,S2,LAMP,X2,0,0,0,0,0,0
605,=A02+K1.B1-X9:15,=A02+K1.B1-X9,A02,K1.B1,X9,Terminal_Point,15,0,0,0,0,0,0
606,=A02+K1.G2-S2:X1,=A02+K1.G2-S2,A02,K1.G2,S2,LAMP,X1,0,0,0,0,0,0
607,=A02+K1.B1-K20:72,=A02+K1.B1-K20,A02,K1.B1,K20,AX_NC_7,72,0,0,0,0,0,0
609,=A02+K1.B1-X9:14,=A02+K1.B1-X9,A02,K1.B1,X9,Terminal_Point,14,0,0,0,0,0,0
610,=A02+K1.B1-K20:71,=A02+K1.B1-K20,A02,K1.B1,K20,AX_COM_7,71,0,0,0,0,0,0
611,=A02+K1.G2-S3:.4,=A02+K1.G2-S3,A02,K1.G2,S3,AC_NO_2,.4,0,0,0,0,0,0
613,=A02+K1.B1-X9:13,=A02+K1.B1-X9,A02,K1.B1,X9,Terminal_Point,13,0,0,0,0,0,0
614,=A02+K1.G2-S3:.3,=A02+K1.G2-S3,A02,K1.G2,S3,AC_NO_2,.3,0,0,0,0,0,0
618,=A02+K1.B1-K20:A2,=A02+K1.B1-K20,A02,K1.B1,K20,coil,A2,0,0,0,0,0,0
619,=A02+K1.B1-K20,=A02+K1.B1-K20,A02,K1.B1,K20,,,0,0,0,0,0,0
621,=A02+K1.B1-K19:14,=A02+K1.B1-K19,A02,K1.B1,K19,AX_NO_1,14,0,0,0,0,0,0
622,=A02+K1.B1-K20:A11,=A02+K1.B1-K20,A02,K1.B1,K20,coil,A11,0,0,0,0,0,0
624,=A02+K1.B1-K21:A11,=A02+K1.B1-K21,A02,K1.B1,K21,coil,A11,0,0,0,0,0,0
626,=A02+K1.B1-K21.1:A11,=A02+K1.B1-K21.1,A02,K1.B1,K21.1,coil,A11,0,0,0,0,0,0
628,=A02+K1.B1-K19:13,=A02+K1.B1-K19,A02,K1.B1,K19,AX_NO_1,13,0,0,0,0,0,0
629,=A02+K1.B1-K19:24,=A02+K1.B1-K19,A02,K1.B1,K19,AX_NO_2,24,0,0,0,0,0,0
630,=A02+K1.B1-K20:A12,=A02+K1.B1-K20,A02,K1.B1,K20,coil,A12,0,0,0,0,0,0
632,=A02+K1.B1-K21:A12,=A02+K1.B1-K21,A02,K1.B1,K21,coil,A12,0,0,0,0,0,0
634,=A02+K1.B1-K21.1:A12,=A02+K1.B1-K21.1,A02,K1.B1,K21.1,coil,A12,0,0,0,0,0,0
635,=A02+K1.B1-A3:9,=A02+K1.B1-A3,A02,K1.B1,A3,,9,0,0,0,0,0,0
638,=A02+K1.B1-K19:23,=A02+K1.B1-K19,A02,K1.B1,K19,AX_NO_2,23,0,0,0,0,0,0
639,=A02+K1.B1-K21:A2,=A02+K1.B1-K21,A02,K1.B1,K21,coil,A2,0,0,0,0,0,0
641,=A02+K1.B1-K21,=A02+K1.B1-K21,A02,K1.B1,K21,,,0,0,0,0,0,0
643,=A02+K1.B1-K21.1:A2,=A02+K1.B1-K21.1,A02,K1.B1,K21.1,coil,A2,0,0,0,0,0,0
645,=A02+K1.B1-K21.1,=A02+K1.B1-K21.1,A02,K1.B1,K21.1,,,0,0,0,0,0,0
648,=A02+K1.B1-K22:A2,=A02+K1.B1-K22,A02,K1.B1,K22,coil,A2,0,0,0,0,0,0
649,=A02+K1.B1-K22,=A02+K1.B1-K22,A02,K1.B1,K22,,,0,0,0,0,0,0
651,=A01+K1.H2-K1:22,=A01+K1.H2-K1,A01,K1.H2,K1,AX_NC_2,22,0,0,0,0,0,0
652,=A02+K1.B1-K22:A11,=A02+K1.B1-K22,A02,K1.B1,K22,coil,A11,0,0,0,0,0,0
654,=A02+K1.B1-X20-X20.5F:5,=A02+K1.B1-X20-X20.5F,A02,K1.B1,X20-X20.5F,Terminal_Point,5,0,0,0,1,0,0
655,=A01+K1.H2-K2:22,=A01+K1.H2-K2,A01,K1.H2,K2,AX_NC_2,22,0,0,0,0,0,0
656,=A02+K1.B1-K22:A12,=A02+K1.B1-K22,A02,K1.B1,K22,coil,A12,0,0,0,0,0,0
657,=A01+K1.H2-K1:21,=A01+K1.H2-K1,A01,K1.H2,K1,AX_COM_2,21,0,0,0,0,0,0
658,=A01+K1.H2-K2:21,=A01+K1.H2-K2,A01,K1.H2,K2,AX_COM_2,21,0,0,0,0,0,0
660,=A02+K1.B1-X20-X20.5F:4,=A02+K1.B1-X20-X20.5F,A02,K1.B1,X20-X20.5F,Terminal_Point,4,0,0,0,1,0,0
661,=A02+K1.B1-K22:54,=A02+K1.B1-K22,A02,K1.B1,K22,AX_NO_5,54,0,0,0,0,0,0
662,=A02+K1.B1-A3:10,=A02+K1.B1-A3,A02,K1.B1,A3,,10,0,0,0,0,0,0
664,=A02+K1.B1-K22:53,=A02+K1.B1-K22,A02,K1.B1,K22,AX_NO_5,53,0,0,0,0,0,0
665,=A02+K1.B1-X9:17,=A02+K1.B1-X9,A02,K1.B1,X9,Terminal_Point,17,0,0,0,0,0,0
666,=A02+K1.G2-H1:0,=A02+K1.G2-H1,A02,K1.G2,H1,,0,0,0,0,0,0,0
669,=A02+K1.B1-X9:18,=A02+K1.B1-X9,A02,K1.B1,X9,Terminal_Point,18,0,0,0,0,0,0
670,=A02+K1.G2-H1:1,=A02+K1.G2-H1,A02,K1.G2,H1,,1,0,0,0,0,0,0
671,=A02+K1.B1-A2:5,=A02+K1.B1-A2,A02,K1.B1,A2,,5,0,0,0,0,0,0
673,=A02+K1.B1-X9:19,=A02+K1.B1-X9,A02,K1.B1,X9,Terminal_Point,19,0,0,0,0,0,0
674,=A02+K1.G2-H1:2,=A02+K1.G2-H1,A02,K1.G2,H1,,2,0,0,0,0,0,0
675,=A02+K1.B1-A2:6,=A02+K1.B1-A2,A02,K1.B1,A2,,6,0,0,0,0,0,0
677,=A02+K1.B1-X9:20,=A02+K1.B1-X9,A02,K1.B1,X9,Terminal_Point,20,0,0,0,0,0,0
678,=A02+K1.G2-H1:3,=A02+K1.G2-H1,A02,K1.G2,H1,,3,0,0,0,0,0,0
679,=A02+K1.B1-A2:7,=A02+K1.B1-A2,A02,K1.B1,A2,,7,0,0,0,0,0,0
681,=A02+K1.B1-X9:21,=A02+K1.B1-X9,A02,K1.B1,X9,Terminal_Point,21,0,0,0,0,0,0
682,=A02+K1.G2-H1:4,=A02+K1.G2-H1,A02,K1.G2,H1,,4,0,0,0,0,0,0
683,=A02+K1.B1-A2:8,=A02+K1.B1-A2,A02,K1.B1,A2,,8,0,0,0,0,0,0
686,=A02+K1.G2-H1:PE,=A02+K1.G2-H1,A02,K1.G2,H1,,PE,0,0,0,0,0,0
688,=A02+K1.B1-V1:1.1,=A02+K1.B1-V1,A02,K1.B1,V1,,1.1,0,0,0,0,0,0
690,=A02+K1.B1-V1:3.1,=A02+K1.B1-V1,A02,K1.B1,V1,,3.1,0,0,0,0,0,0
691,=F01+K1.B1-V1:1.1,=F01+K1.B1-V1,F01,K1.B1,V1,,1.1,0,0,0,0,0,0
693,=F01+K1.B1-V1:3.2,=F01+K1.B1-V1,F01,K1.B1,V1,,3.2,0,0,0,0,0,0
694,=A02+K1.B1-V1:3.2,=A02+K1.B1-V1,A02,K1.B1,V1,,3.2,0,0,0,0,0,0
695,=O01+K1.B1-V1:1.1,=O01+K1.B1-V1,O01,K1.B1,V1,,1.1,0,0,0,0,0,0
697,=O01+K1.B1-V1:3.2,=O01+K1.B1-V1,O01,K1.B1,V1,,3.2,0,0,0,0,0,0
699,=Q01+K1.B1-V1:1.1,=Q01+K1.B1-V1,Q01,K1.B1,V1,,1.1,0,0,0,0,0,0
701,=Q01+K1.B1-V1:3.2,=Q01+K1.B1-V1,Q01,K1.B1,V1,,3.2,0,0,0,0,0,0
703,=S02+K1.B1-V1:1.1,=S02+K1.B1-V1,S02,K1.B1,V1,,1.1,0,0,0,0,0,0
704,=Q15+K1.B1-V1:1.1,=Q15+K1.B1-V1,Q15,K1.B1,V1,,1.1,0,0,0,0,0,0
706,=V01+K1.B1-V1:1.1,=V01+K1.B1-V1,V01,K1.B1,V1,,1.1,0,0,0,0,0,0
707,=S02+K1.B1-V1:3.2,=S02+K1.B1-V1,S02,K1.B1,V1,,3.2,0,0,0,0,0,0
708,=Q15+K1.B1-V1:3.2,=Q15+K1.B1-V1,Q15,K1.B1,V1,,3.2,0,0,0,0,0,0
710,=V01+K1.B1-V1:3.2,=V01+K1.B1-V1,V01,K1.B1,V1,,3.2,0,0,0,0,0,0
711,=V01+K1.B1-V2:1.1,=V01+K1.B1-V2,V01,K1.B1,V2,,1.1,0,0,0,0,0,0
713,=V01+K1.B1-V2:3.2,=V01+K1.B1-V2,V01,K1.B1,V2,,3.2,0,0,0,0,0,0
715,=A02+K1.B1-V1:2.1,=A02+K1.B1-V1,A02,K1.B1,V1,,2.1,0,0,0,0,0,0
719,=A02+K1.B1-X20-X20.4M:9,=A02+K1.B1-X20-X20.4M,A02,K1.B1,X20-X20.4M,Terminal_Point,9,0,0,0,1,0,0
721,=F01+K1.B1-W5(-P1):X1,=F01+K1.B1-W5(-P1),F01,K1.B1,W5(-P1),,X1,0,0,0,0,0,0
722,=A02+K1.B1-X20-X20.4F:9,=A02+K1.B1-X20-X20.4F,A02,K1.B1,X20-X20.4F,Terminal_Point,9,0,0,0,1,0,0
723,=A02+K1.B1-X20-X20.4M:10,=A02+K1.B1-X20-X20.4M,A02,K1.B1,X20-X20.4M,Terminal_Point,10,0,0,0,1,0,0
725,=F01+K1.B1-W5(-P2):X1,=F01+K1.B1-W5(-P2),F01,K1.B1,W5(-P2),,X1,0,0,0,0,0,0
726,=A02+K1.B1-X20-X20.4F:10,=A02+K1.B1-X20-X20.4F,A02,K1.B1,X20-X20.4F,Terminal_Point,10,0,0,0,1,0,0
727,=A02+K1.B1-X20-X20.4M:11,=A02+K1.B1-X20-X20.4M,A02,K1.B1,X20-X20.4M,Terminal_Point,11,0,0,0,1,0,0
729,=F01+K1.B1-K1:34,=F01+K1.B1-K1,F01,K1.B1,K1,AX_NO_3,34,0,0,0,0,0,0
730,=A02+K1.B1-X20-X20.4F:11,=A02+K1.B1-X20-X20.4F,A02,K1.B1,X20-X20.4F,Terminal_Point,11,0,0,0,1,0,0
732,=F01+K1.B1-K1:33,=F01+K1.B1-K1,F01,K1.B1,K1,AX_NO_3,33,0,0,0,0,0,0
737,=A02+K1.B1-X20-X20.4M:12,=A02+K1.B1-X20-X20.4M,A02,K1.B1,X20-X20.4M,Terminal_Point,12,0,0,0,1,0,0
740,=A02+K1.B1-X20-X20.4F:12,=A02+K1.B1-X20-X20.4F,A02,K1.B1,X20-X20.4F,Terminal_Point,12,0,0,0,1,0,0
741,=A02+K1.B1-X20-X20.4M:13,=A02+K1.B1-X20-X20.4M,A02,K1.B1,X20-X20.4M,Terminal_Point,13,0,0,0,1,0,0
744,=A02+K1.B1-X20-X20.4F:13,=A02+K1.B1-X20-X20.4F,A02,K1.B1,X20-X20.4F,Terminal_Point,13,0,0,0,1,0,0
745,=A02+K1.B1-X20-X20.4M:14,=A02+K1.B1-X20-X20.4M,A02,K1.B1,X20-X20.4M,Terminal_Point,14,0,0,0,1,0,0
747,=F01+K1.B1-K1:54,=F01+K1.B1-K1,F01,K1.B1,K1,AX_NO_5,54,0,0,0,0,0,0
748,=A02+K1.B1-X20-X20.4F:14,=A02+K1.B1-X20-X20.4F,A02,K1.B1,X20-X20.4F,Terminal_Point,14,0,0,0,1,0,0
750,=F01+K1.B1-K1:53,=F01+K1.B1-K1,F01,K1.B1,K1,AX_NO_5,53,0,0,0,0,0,0
755,=V01+K1.B1-A3:13,=V01+K1.B1-A3,V01,K1.B1,A3,,13,0,0,0,0,0,0
756,=A02+K1.B1-X22-X22.6F:10,=A02+K1.B1-X22-X22.6F,A02,K1.B1,X22-X22.6F,Terminal_Point,10,0,0,0,1,0,0
758,=F01+K1.B1-K1:A11,=F01+K1.B1-K1,F01,K1.B1,K1,coil,A11,0,0,0,0,0,0
759,=F01+K1.B1-K1:A2,=F01+K1.B1-K1,F01,K1.B1,K1,coil,A2,0,0,0,0,0,0
761,=F01+K1.B1-K1,=F01+K1.B1-K1,F01,K1.B1,K1,,,0,0,0,0,0,0
763,=V01+K1.B1-A1:9,=V01+K1.B1-A1,V01,K1.B1,A1,,9,0,0,0,0,0,0
764,=A02+K1.B1-K21:33,=A02+K1.B1-K21,A02,K1.B1,K21,AX_NO_3,33,0,0,0,0,0,0
765,=A02+K1.B1-X22-X22.6F:6,=A02+K1.B1-X22-X22.6F,A02,K1.B1,X22-X22.6F,Terminal_Point,6,0,0,0,1,0,0
766,=F01+K1.B1-K1:A12,=F01+K1.B1-K1,F01,K1.B1,K1,coil,A12,0,0,0,0,0,0
767,=V01+K1.B1-A3:14,=V01+K1.B1-A3,V01,K1.B1,A3,,14,0,0,0,0,0,0
769,=A02+K1.B1-X20-X20.5F:2,=A02+K1.B1-X20-X20.5F,A02,K1.B1,X20-X20.5F,Terminal_Point,2,0,0,0,1,0,0
772,=A02+K1.B1-X20-X20.5M:2,=A02+K1.B1-X20-X20.5M,A02,K1.B1,X20-X20.5M,Terminal_Point,2,0,0,0,1,0,0
773,=A02+K1.B1-X20-X20.5M:1,=A02+K1.B1-X20-X20.5M,A02,K1.B1,X20-X20.5M,Terminal_Point,1,0,0,0,1,0,0
775,=F01+K1.B1-K1:24,=F01+K1.B1-K1,F01,K1.B1,K1,AX_NO_2,24,0,0,0,0,0,0
776,=A02+K1.B1-X20-X20.5F:1,=A02+K1.B1-X20-X20.5F,A02,K1.B1,X20-X20.5F,Terminal_Point,1,0,0,0,1,0,0
778,=F01+K1.B1-K1:23,=F01+K1.B1-K1,F01,K1.B1,K1,AX_NO_2,23,0,0,0,0,0,0
779,=A02+K1.B1-X20-X20.5M:3,=A02+K1.B1-X20-X20.5M,A02,K1.B1,X20-X20.5M,Terminal_Point,3,0,0,0,1,0,0
782,=A02+K1.B1-X20-X20.5M:4,=A02+K1.B1-X20-X20.5M,A02,K1.B1,X20-X20.5M,Terminal_Point,4,0,0,0,1,0,0
784,=A02+K1.B1-X20-X20.5M:5,=A02+K1.B1-X20-X20.5M,A02,K1.B1,X20-X20.5M,Terminal_Point,5,0,0,0,1,0,0
785,=F01+K1.B1-V1:2.1,=F01+K1.B1-V1,F01,K1.B1,V1,,2.1,0,0,0,0,0,0
787,=A02+K1.B1-W6(-P2):X1,=A02+K1.B1-W6(-P2),A02,K1.B1,W6(-P2),,X1,0,0,0,0,0,0
791,=M01+K1.D2-X1:1,=M01+K1.D2-X1,M01,K1.D2,X1,Terminal_Point,1,0,0,0,0,0,0
793,=M01+K1.H1-Z1:L/L1,=M01+K1.H1-Z1,M01,K1.H1,Z1,,L/L1,0,0,0,0,0,0
794,=M01+K1.H1-U1:L1,=M01+K1.H1-U1,M01,K1.H1,U1,,L1,0,0,0,0,0,0
795,=M01+K1.H2-F2:2,=M01+K1.H2-F2,M01,K1.H2,F2,,2,0,0,0,0,0,0
798,=M01+K1.H2-F2:1,=M01+K1.H2-F2,M01,K1.H2,F2,,1,0,0,0,0,0,0
799,=M01+K1.H1-Z1:N/L2,=M01+K1.H1-Z1,M01,K1.H1,Z1,,N/L2,0,0,0,0,0,0
800,=M01+K1.H1-U1:N,=M01+K1.H1-U1,M01,K1.H1,U1,,N,0,0,0,0,0,0
804,=M01+K1.H1-Z1:PE,=M01+K1.H1-Z1,M01,K1.H1,Z1,,PE,0,0,0,0,0,0
806,=M01+K1.H1-U1:G,=M01+K1.H1-U1,M01,K1.H1,U1,,G,0,0,0,0,0,0
807,=M01+K1.H1-U1:P24,=M01+K1.H1-U1,M01,K1.H1,U1,,P24,0,0,0,0,0,0
808,=M01+K1.H1-U1:PSC,=M01+K1.H1-U1,M01,K1.H1,U1,,PSC,0,0,0,0,0,0
811,=M01+K1.H1-U1:U/T1,=M01+K1.H1-U1,M01,K1.H1,U1,,U/T1,0,0,0,0,0,0
813,=M01+K1.D2-X1:2,=M01+K1.D2-X1,M01,K1.D2,X1,Terminal_Point,2,0,0,0,0,0,0
817,=M01+K1.H1-U1:V/T2,=M01+K1.H1-U1,M01,K1.H1,U1,,V/T2,0,0,0,0,0,0
819,=M01+K1.D2-X1:3,=M01+K1.D2-X1,M01,K1.D2,X1,Terminal_Point,3,0,0,0,0,0,0
823,=M01+K1.H1-U1:W/T3,=M01+K1.H1-U1,M01,K1.H1,U1,,W/T3,0,0,0,0,0,0
825,=M01+K1.D2-X1:PE,=M01+K1.D2-X1,M01,K1.D2,X1,Terminal_Point,PE,0,0,0,0,0,0
829,=M01+K1.H1-U1:G',=M01+K1.H1-U1,M01,K1.H1,U1,,G',0,0,0,0,0,0
831,=A02+K1.B1-X20-X20.6M:1,=A02+K1.B1-X20-X20.6M,A02,K1.B1,X20-X20.6M,Terminal_Point,1,0,0,0,1,0,0
833,=M01+K1.H1-U1:S5/TH,=M01+K1.H1-U1,M01,K1.H1,U1,,S5/TH,0,0,0,0,0,0
834,=A02+K1.B1-X20-X20.6F:1,=A02+K1.B1-X20-X20.6F,A02,K1.B1,X20-X20.6F,Terminal_Point,1,0,0,0,1,0,0
835,=A02+K1.B1-X20-X20.6M:2,=A02+K1.B1-X20-X20.6M,A02,K1.B1,X20-X20.6M,Terminal_Point,2,0,0,0,1,0,0
837,=M01+K1.H1-U1:SC,=M01+K1.H1-U1,M01,K1.H1,U1,,SC,0,0,0,0,0,0
838,=A02+K1.B1-X20-X20.6F:2,=A02+K1.B1-X20-X20.6F,A02,K1.B1,X20-X20.6F,Terminal_Point,2,0,0,0,1,0,0
839,=A02+K1.B1-W5(-P1):X2,=A02+K1.B1-W5(-P1),A02,K1.B1,W5(-P1),,X2,0,0,0,0,0,0
840,=A02+K1.B1-X20-X20.6F:3,=A02+K1.B1-X20-X20.6F,A02,K1.B1,X20-X20.6F,Terminal_Point,3,0,0,0,1,0,0
841,=A02+K1.B1-X20-X20.6M:3,=A02+K1.B1-X20-X20.6M,A02,K1.B1,X20-X20.6M,Terminal_Point,3,0,0,0,1,0,0
843,=A02+K1.B1-X20-X20.6M:4,=A02+K1.B1-X20-X20.6M,A02,K1.B1,X20-X20.6M,Terminal_Point,4,0,0,0,1,0,0
845,=A02+K1.B1-A3:11,=A02+K1.B1-A3,A02,K1.B1,A3,,11,0,0,0,0,0,0
846,=A02+K1.B1-X20-X20.6F:4,=A02+K1.B1-X20-X20.6F,A02,K1.B1,X20-X20.6F,Terminal_Point,4,0,0,0,1,0,0
847,=A02+K1.B1-X20-X20.6M:5,=A02+K1.B1-X20-X20.6M,A02,K1.B1,X20-X20.6M,Terminal_Point,5,0,0,0,1,0,0
849,=A02+K1.B1-X20-X20.6F:5,=A02+K1.B1-X20-X20.6F,A02,K1.B1,X20-X20.6F,Terminal_Point,5,0,0,0,1,0,0
850,=A02+K1.B1-W5(-P2):X3,=A02+K1.B1-W5(-P2),A02,K1.B1,W5(-P2),,X3,0,0,0,0,0,0
851,=A02+K1.B1-X20-X20.6M:6,=A02+K1.B1-X20-X20.6M,A02,K1.B1,X20-X20.6M,Terminal_Point,6,0,0,0,1,0,0
854,=A02+K1.B1-X20-X20.6F:6,=A02+K1.B1-X20-X20.6F,A02,K1.B1,X20-X20.6F,Terminal_Point,6,0,0,0,1,0,0
856,=A02+K1.B1-X20-X20.6M:7,=A02+K1.B1-X20-X20.6M,A02,K1.B1,X20-X20.6M,Terminal_Point,7,0,0,0,1,0,0
857,=A02+K1.B1-K20:44,=A02+K1.B1-K20,A02,K1.B1,K20,AX_NO_4,44,0,0,0,0,0,0
858,=A02+K1.B1-X20-X20.6F:7,=A02+K1.B1-X20-X20.6F,A02,K1.B1,X20-X20.6F,Terminal_Point,7,0,0,0,1,0,0
860,=M01+K1.B1-K10:41,=M01+K1.B1-K10,M01,K1.B1,K10,AX_COM_4,41,0,0,0,0,0,0
862,=M01+K1.B1-K11:41,=M01+K1.B1-K11,M01,K1.B1,K11,AX_COM_4,41,0,0,0,0,0,0
863,=A02+K1.B1-A2:9,=A02+K1.B1-A2,A02,K1.B1,A2,,9,0,0,0,0,0,0
864,=A02+K1.B1-K20:43,=A02+K1.B1-K20,A02,K1.B1,K20,AX_NO_4,43,0,0,0,0,0,0
866,=M01+K1.B1-K9:42,=M01+K1.B1-K9,M01,K1.B1,K9,AX_NC_4,42,0,0,0,0,0,0
867,=M01+K1.B1-K9:41,=M01+K1.B1-K9,M01,K1.B1,K9,AX_COM_4,41,0,0,0,0,0,0
868,=M01+K1.B1-K10:44,=M01+K1.B1-K10,M01,K1.B1,K10,AX_NO_4,44,0,0,0,0,0,0
870,=M01+K1.B1-K11:44,=M01+K1.B1-K11,M01,K1.B1,K11,AX_NO_4,44,0,0,0,0,0,0
871,=A02+K1.B1-X20-X20.6M:8,=A02+K1.B1-X20-X20.6M,A02,K1.B1,X20-X20.6M,Terminal_Point,8,0,0,0,1,0,0
873,=A02+K1.B1-W5(-P2):X4,=A02+K1.B1-W5(-P2),A02,K1.B1,W5(-P2),,X4,0,0,0,0,0,0
874,=A02+K1.B1-X20-X20.6F:8,=A02+K1.B1-X20-X20.6F,A02,K1.B1,X20-X20.6F,Terminal_Point,8,0,0,0,1,0,0
876,=A02+K1.B1-X20-X20.6M:9,=A02+K1.B1-X20-X20.6M,A02,K1.B1,X20-X20.6M,Terminal_Point,9,0,0,0,1,0,0
877,=A02+K1.B1-A2:10,=A02+K1.B1-A2,A02,K1.B1,A2,,10,0,0,0,0,0,0
878,=A02+K1.B1-X20-X20.6F:9,=A02+K1.B1-X20-X20.6F,A02,K1.B1,X20-X20.6F,Terminal_Point,9,0,0,0,1,0,0
879,=M01+K1.B1-K10:A2,=M01+K1.B1-K10,M01,K1.B1,K10,coil,A2,0,0,0,0,0,0
881,=M01+K1.B1-K10:A1,=M01+K1.B1-K10,M01,K1.B1,K10,coil,A1,0,0,0,0,0,0
882,=P01+K1.B1-X9:8,=P01+K1.B1-X9,P01,K1.B1,X9,Terminal_Point,8,0,0,0,0,0,0
883,=M01+K1.B1-K11:A2,=M01+K1.B1-K11,M01,K1.B1,K11,coil,A2,0,0,0,0,0,0
885,=M01+K1.B1-K11:A1,=M01+K1.B1-K11,M01,K1.B1,K11,coil,A1,0,0,0,0,0,0
886,=P01+K1.B1-X9:9,=P01+K1.B1-X9,P01,K1.B1,X9,Terminal_Point,9,0,0,0,0,0,0
887,=M01+K1.B1-K9:A2,=M01+K1.B1-K9,M01,K1.B1,K9,coil,A2,0,0,0,0,0,0
889,=A02+K1.B1-K20:54,=A02+K1.B1-K20,A02,K1.B1,K20,AX_NO_5,54,0,0,0,0,0,0
890,=M01+K1.B1-K9:A1,=M01+K1.B1-K9,M01,K1.B1,K9,coil,A1,0,0,0,0,0,0
891,=A02+K1.B1-W5(-P1):X3,=A02+K1.B1-W5(-P1),A02,K1.B1,W5(-P1),,X3,0,0,0,0,0,0
892,=A02+K1.B1-K20:53,=A02+K1.B1-K20,A02,K1.B1,K20,AX_NO_5,53,0,0,0,0,0,0
893,=M01+K1.B1-K10:11,=M01+K1.B1-K10,M01,K1.B1,K10,AX_COM_1,11,0,0,0,0,0,0
894,=M01+K1.H1-U1:S1,=M01+K1.H1-U1,M01,K1.H1,U1,,S1,0,0,0,0,0,0
895,=M01+K1.B1-K10:14,=M01+K1.B1-K10,M01,K1.B1,K10,AX_NO_1,14,0,0,0,0,0,0
896,=M01+K1.B1-K11:14,=M01+K1.B1-K11,M01,K1.B1,K11,AX_NO_1,14,0,0,0,0,0,0
898,=M01+K1.B1-K9:12,=M01+K1.B1-K9,M01,K1.B1,K9,AX_NC_1,12,0,0,0,0,0,0
900,=M01+K1.H1-U1:SC',=M01+K1.H1-U1,M01,K1.H1,U1,,SC',0,0,0,0,0,0
901,=M01+K1.B1-K11:11,=M01+K1.B1-K11,M01,K1.B1,K11,AX_COM_1,11,0,0,0,0,0,0
902,=M01+K1.H1-U1:S2,=M01+K1.H1-U1,M01,K1.H1,U1,,S2,0,0,0,0,0,0
903,=M01+K1.B1-K9:11,=M01+K1.B1-K9,M01,K1.B1,K9,AX_COM_1,11,0,0,0,0,0,0
904,=M01+K1.H1-U1:S6,=M01+K1.H1-U1,M01,K1.H1,U1,,S6,0,0,0,0,0,0
906,=M01+K1.H1-U1:S7/EB,=M01+K1.H1-U1,M01,K1.H1,U1,,S7/EB,0,0,0,0,0,0
907,=O01+K1.B1-V2:3,=O01+K1.B1-V2,O01,K1.B1,V2,,3,0,0,0,0,0,0
908,=O01+K1.B1-W5(-P2):X1,=O01+K1.B1-W5(-P2),O01,K1.B1,W5(-P2),,X1,0,0,0,0,0,0
909,=O01+K1.B1-A1:9,=O01+K1.B1-A1,O01,K1.B1,A1,,9,0,0,0,0,0,0
910,=O01+K1.B1-V2:1,=O01+K1.B1-V2,O01,K1.B1,V2,,1,0,0,0,0,0,0
912,=O01+K1.B1-V2:21,=O01+K1.B1-V2,O01,K1.B1,V2,,21,0,0,0,0,0,0
914,=A02+K1.B1-X20-X20.6F:11,=A02+K1.B1-X20-X20.6F,A02,K1.B1,X20-X20.6F,Terminal_Point,11,0,0,0,1,0,0
915,=O01+K1.B1-K4:14,=O01+K1.B1-K4,O01,K1.B1,K4,AX_NO_1,14,0,0,0,0,0,0
917,=O01+K1.B1-V2:2,=O01+K1.B1-V2,O01,K1.B1,V2,,2,0,0,0,0,0,0
918,=O01+K1.B1-K4:12,=O01+K1.B1-K4,O01,K1.B1,K4,AX_NC_1,12,0,0,0,0,0,0
933,=A02+K1.B1-X20-X20.6M:10,=A02+K1.B1-X20-X20.6M,A02,K1.B1,X20-X20.6M,Terminal_Point,10,0,0,0,1,0,0
935,=O01+K1.B1-K4:11,=O01+K1.B1-K4,O01,K1.B1,K4,AX_COM_1,11,0,0,0,0,0,0
936,=A02+K1.B1-X20-X20.6F:10,=A02+K1.B1-X20-X20.6F,A02,K1.B1,X20-X20.6F,Terminal_Point,10,0,0,0,1,0,0
939,=A02+K1.B1-X20-X20.6M:11,=A02+K1.B1-X20-X20.6M,A02,K1.B1,X20-X20.6M,Terminal_Point,11,0,0,0,1,0,0
941,=O01+K1.B1-K1:0,=O01+K1.B1-K1,O01,K1.B1,K1,,0,0,0,0,0,0,0
943,=O01+K1.B1-K4:A2,=O01+K1.B1-K4,O01,K1.B1,K4,coil,A2,0,0,0,0,0,0
944,=O01+K1.B1-K1:A,=O01+K1.B1-K1,O01,K1.B1,K1,coil,A,0,0,0,0,0,0
947,=A02+K1.B1-X20-X20.6M:12,=A02+K1.B1-X20-X20.6M,A02,K1.B1,X20-X20.6M,Terminal_Point,12,0,0,0,1,0,0
951,=A02+K1.B1-X20-X20.6M:13,=A02+K1.B1-X20-X20.6M,A02,K1.B1,X20-X20.6M,Terminal_Point,13,0,0,0,1,0,0
955,=A02+K1.B1-X20-X20.6M:14,=A02+K1.B1-X20-X20.6M,A02,K1.B1,X20-X20.6M,Terminal_Point,14,0,0,0,1,0,0
957,=O01+K1.B1-W5(-P1):X1,=O01+K1.B1-W5(-P1),O01,K1.B1,W5(-P1),,X1,0,0,0,0,0,0
958,=A02+K1.B1-X20-X20.6F:14,=A02+K1.B1-X20-X20.6F,A02,K1.B1,X20-X20.6F,Terminal_Point,14,0,0,0,1,0,0
961,=A02+K1.B1-X20-X20.6M:15,=A02+K1.B1-X20-X20.6M,A02,K1.B1,X20-X20.6M,Terminal_Point,15,0,0,0,1,0,0
963,=O01+K1.B1-A1:2,=O01+K1.B1-A1,O01,K1.B1,A1,,2,0,0,0,0,0,0
964,=A02+K1.B1-X20-X20.6F:15,=A02+K1.B1-X20-X20.6F,A02,K1.B1,X20-X20.6F,Terminal_Point,15,0,0,0,1,0,0
967,=O01+K1.B1-K1:A2,=O01+K1.B1-K1,O01,K1.B1,K1,coil,A2,0,0,0,0,0,0
969,=O01+K1.B1-A1:16,=O01+K1.B1-A1,O01,K1.B1,A1,,16,0,0,0,0,0,0
970,=O01+K1.B1-K1:A1,=O01+K1.B1-K1,O01,K1.B1,K1,coil,A1,0,0,0,0,0,0
973,=O01+K1.B1-K4:A1,=O01+K1.B1-K4,O01,K1.B1,K4,coil,A1,0,0,0,0,0,0
974,=O01+K1.B1-A1:1,=O01+K1.B1-A1,O01,K1.B1,A1,,1,0,0,0,0,0,0
976,=A02+K1.B1-X20-X20.6F:13,=A02+K1.B1-X20-X20.6F,A02,K1.B1,X20-X20.6F,Terminal_Point,13,0,0,0,1,0,0
977,=O01+K1.B1-K1:+,=O01+K1.B1-K1,O01,K1.B1,K1,,+,0,0,0,0,0,0
978,=A02+K1.B1-X20-X20.6F:12,=A02+K1.B1-X20-X20.6F,A02,K1.B1,X20-X20.6F,Terminal_Point,12,0,0,0,1,0,0
981,=O01+K1.B1-A1:5,=O01+K1.B1-A1,O01,K1.B1,A1,,5,0,0,0,0,0,0
982,=A02+K1.B1-X21-X21.4F:10,=A02+K1.B1-X21-X21.4F,A02,K1.B1,X21-X21.4F,Terminal_Point,10,0,0,0,1,0,0
984,=Q01+K1.B1-A4:6,=Q01+K1.B1-A4,Q01,K1.B1,A4,,6,0,0,0,0,0,0
985,=O01+K1.B1-V1:2.1,=O01+K1.B1-V1,O01,K1.B1,V1,,2.1,0,0,0,0,0,0
989,=O01+K1.B1-A2:2,=O01+K1.B1-A2,O01,K1.B1,A2,,2,0,0,0,0,0,0
991,=O01+K1.B1-A2:7,=O01+K1.B1-A2,O01,K1.B1,A2,,7,0,0,0,0,0,0
993,=P01+K1.G1-E1:X3,=P01+K1.G1-E1,P01,K1.G1,E1,,X3,0,0,0,0,0,0
994,=O02+K1.G1-D2:L,=O02+K1.G1-D2,O02,K1.G1,D2,,L,0,0,0,0,0,0
996,=O02+K1.G1-D2:N,=O02+K1.G1-D2,O02,K1.G1,D2,,N,0,0,0,0,0,0
998,=O02+K1.G1-D2:PE,=O02+K1.G1-D2,O02,K1.G1,D2,,PE,0,0,0,0,0,0
999,=O02+K1.G1-D2:RJ45,=O02+K1.G1-D2,O02,K1.G1,D2,,RJ45,0,0,0,0,0,0
1000,=P01+K1.B1-A0.10:3,=P01+K1.B1-A0.10,P01,K1.B1,A0.10,,3,0,0,0,0,0,0
1001,=O01+K1.B1-A1:3,=O01+K1.B1-A1,O01,K1.B1,A1,,3,0,0,0,0,0,0
1002,=O02+K1.B1-X9:1,=O02+K1.B1-X9,O02,K1.B1,X9,Terminal_Point,1,0,0,0,0,0,0
1003,=O02+K1.G1-D2-X6:7,=O02+K1.G1-D2-X6,O02,K1.G1,D2-X6,,7,0,0,0,0,0,0
1005,=O02+K1.B1-X9:2,=O02+K1.B1-X9,O02,K1.B1,X9,Terminal_Point,2,0,0,0,0,0,0
1006,=O01+K1.B1-W5(-P1):P1,=O01+K1.B1-W5(-P1),O01,K1.B1,W5(-P1),,P1,0,0,0,0,0,0
1007,=O02+K1.G1-D2-X6:8,=O02+K1.G1-D2-X6,O02,K1.G1,D2-X6,,8,0,0,0,0,0,0
1009,=O02+K1.B1-X9:3,=O02+K1.B1-X9,O02,K1.B1,X9,Terminal_Point,3,0,0,0,0,0,0
1010,=O01+K1.B1-W5(-P2):P2,=O01+K1.B1-W5(-P2),O01,K1.B1,W5(-P2),,P2,0,0,0,0,0,0
1011,=O02+K1.G1-D2-X6:9,=O02+K1.G1-D2-X6,O02,K1.G1,D2-X6,,9,0,0,0,0,0,0
1019,=A02+K1.B1-X21-X21.1M:1,=A02+K1.B1-X21-X21.1M,A02,K1.B1,X21-X21.1M,Terminal_Point,1,0,0,0,1,0,0
1022,=A02+K1.B1-X21-X21.1M:2,=A02+K1.B1-X21-X21.1M,A02,K1.B1,X21-X21.1M,Terminal_Point,2,0,0,0,1,0,0
1023,=O02+K1.G1-D2-X2:.1,=O02+K1.G1-D2-X2,O02,K1.G1,D2-X2,,.1,0,0,0,0,0,0
1024,=A02+K1.B1-X21-X21.1F:1,=A02+K1.B1-X21-X21.1F,A02,K1.B1,X21-X21.1F,Terminal_Point,1,0,0,0,1,0,0
1025,=O02+K1.G1-D2-X2:.2,=O02+K1.G1-D2-X2,O02,K1.G1,D2-X2,,.2,0,0,0,0,0,0
1026,=A02+K1.B1-X21-X21.1F:2,=A02+K1.B1-X21-X21.1F,A02,K1.B1,X21-X21.1F,Terminal_Point,2,0,0,0,1,0,0
1029,=A02+K1.B1-X21-X21.1M:3,=A02+K1.B1-X21-X21.1M,A02,K1.B1,X21-X21.1M,Terminal_Point,3,0,0,0,1,0,0
1032,=A02+K1.B1-X21-X21.1M:4,=A02+K1.B1-X21-X21.1M,A02,K1.B1,X21-X21.1M,Terminal_Point,4,0,0,0,1,0,0
1033,=O02+K1.G1-D2-X2:.6,=O02+K1.G1-D2-X2,O02,K1.G1,D2-X2,,.6,0,0,0,0,0,0
1034,=A02+K1.B1-X21-X21.1F:3,=A02+K1.B1-X21-X21.1F,A02,K1.B1,X21-X21.1F,Terminal_Point,3,0,0,0,1,0,0
1035,=O02+K1.G1-D2-X2:.7,=O02+K1.G1-D2-X2,O02,K1.G1,D2-X2,,.7,0,0,0,0,0,0
1036,=A02+K1.B1-X21-X21.1F:4,=A02+K1.B1-X21-X21.1F,A02,K1.B1,X21-X21.1F,Terminal_Point,4,0,0,0,1,0,0
1043,=A02+K1.B1-X21-X21.1M:5,=A02+K1.B1-X21-X21.1M,A02,K1.B1,X21-X21.1M,Terminal_Point,5,0,0,0,1,0,0
1046,=A02+K1.B1-X21-X21.1M:6,=A02+K1.B1-X21-X21.1M,A02,K1.B1,X21-X21.1M,Terminal_Point,6,0,0,0,1,0,0
1047,=O02+K1.G1-D2-X2:.4,=O02+K1.G1-D2-X2,O02,K1.G1,D2-X2,,.4,0,0,0,0,0,0
1048,=A02+K1.B1-X21-X21.1F:5,=A02+K1.B1-X21-X21.1F,A02,K1.B1,X21-X21.1F,Terminal_Point,5,0,0,0,1,0,0
1049,=O02+K1.G1-D2-X2:.5,=O02+K1.G1-D2-X2,O02,K1.G1,D2-X2,,.5,0,0,0,0,0,0
1050,=A02+K1.B1-X21-X21.1F:6,=A02+K1.B1-X21-X21.1F,A02,K1.B1,X21-X21.1F,Terminal_Point,6,0,0,0,1,0,0
1053,=A02+K1.B1-X21-X21.1M:7,=A02+K1.B1-X21-X21.1M,A02,K1.B1,X21-X21.1M,Terminal_Point,7,0,0,0,1,0,0
1056,=A02+K1.B1-X21-X21.1M:8,=A02+K1.B1-X21-X21.1M,A02,K1.B1,X21-X21.1M,Terminal_Point,8,0,0,0,1,0,0
1057,=O02+K1.G1-D2-X2:.8,=O02+K1.G1-D2-X2,O02,K1.G1,D2-X2,,.8,0,0,0,0,0,0
1058,=A02+K1.B1-X21-X21.1F:7,=A02+K1.B1-X21-X21.1F,A02,K1.B1,X21-X21.1F,Terminal_Point,7,0,0,0,1,0,0
1059,=O02+K1.G1-D2-X2:.9,=O02+K1.G1-D2-X2,O02,K1.G1,D2-X2,,.9,0,0,0,0,0,0
1060,=A02+K1.B1-X21-X21.1F:8,=A02+K1.B1-X21-X21.1F,A02,K1.B1,X21-X21.1F,Terminal_Point,8,0,0,0,1,0,0
1061,=O02+K1.B1-X9:4,=O02+K1.B1-X9,O02,K1.B1,X9,Terminal_Point,4,0,0,0,0,0,0
1063,=O02+K1.G1-D2-X5:1,=O02+K1.G1-D2-X5,O02,K1.G1,D2-X5,,1,0,0,0,0,0,0
1066,=O02+K1.G1-D2-X5:2,=O02+K1.G1-D2-X5,O02,K1.G1,D2-X5,,2,0,0,0,0,0,0
1067,=O02+K1.B1-X9:5,=O02+K1.B1-X9,O02,K1.B1,X9,Terminal_Point,5,0,0,0,0,0,0
1069,=O02+K1.G1-D2-X5:4,=O02+K1.G1-D2-X5,O02,K1.G1,D2-X5,,4,0,0,0,0,0,0
1072,=O02+K1.G1-D2-X5:5,=O02+K1.G1-D2-X5,O02,K1.G1,D2-X5,,5,0,0,0,0,0,0
1073,=O02+K1.H1-A20-X4:CASE,=O02+K1.H1-A20-X4,O02,K1.H1,A20-X4,,CASE,0,0,0,0,0,0
1075,=O02+K1.G1-D2:X4.CASE,=O02+K1.G1-D2,O02,K1.G1,D2,,X4.CASE,0,0,0,0,0,0
1077,=O02+K1.G1-D2:X4.4,=O02+K1.G1-D2,O02,K1.G1,D2,,X4.4,0,0,0,0,0,0
1078,=O02+K1.H1-A20-X4:3,=O02+K1.H1-A20-X4,O02,K1.H1,A20-X4,,3,0,0,0,0,0,0
1079,=O02+K1.G1-D2:X4.3,=O02+K1.G1-D2,O02,K1.G1,D2,,X4.3,0,0,0,0,0,0
1080,=O02+K1.H1-A20-X4:1,=O02+K1.H1-A20-X4,O02,K1.H1,A20-X4,,1,0,0,0,0,0,0
1081,=O02+K1.G1-D2:X4.5,=O02+K1.G1-D2,O02,K1.G1,D2,,X4.5,0,0,0,0,0,0
1082,=O02+K1.H1-A20-X4:7,=O02+K1.H1-A20-X4,O02,K1.H1,A20-X4,,7,0,0,0,0,0,0
1083,=O02+K1.G1-D2:X4.1,=O02+K1.G1-D2,O02,K1.G1,D2,,X4.1,0,0,0,0,0,0
1084,=O02+K1.H1-A20-X4:5,=O02+K1.H1-A20-X4,O02,K1.H1,A20-X4,,5,0,0,0,0,0,0
1086,=A02+K1.H1-W10:SE,=A02+K1.H1-W10,A02,K1.H1,W10,,SE,0,0,0,0,0,0
1087,=O02+K1.H1-A20-X1:2,=O02+K1.H1-A20-X1,O02,K1.H1,A20-X1,,2,0,0,0,0,0,0
1089,=O02+K1.H1-A20-X1:4,=O02+K1.H1-A20-X1,O02,K1.H1,A20-X1,,4,0,0,0,0,0,0
1090,=O02+K1.B1-O01-W5(-P2):P2,=O02+K1.B1-O01-W5(-P2),O02,K1.B1,O01-W5(-P2),,P2,0,0,0,0,0,0
1091,=O02+K1.H1-A20-X2:CASE,=O02+K1.H1-A20-X2,O02,K1.H1,A20-X2,,CASE,0,0,0,0,0,0
1095,=A02+K1.B1-X21-X21.2F:1,=A02+K1.B1-X21-X21.2F,A02,K1.B1,X21-X21.2F,Terminal_Point,1,0,0,0,1,0,0
1096,=O02+K1.H1-A20-X2:3,=O02+K1.H1-A20-X2,O02,K1.H1,A20-X2,,3,0,0,0,0,0,0
1098,=A02+K1.B1-X21-X21.2M:1,=A02+K1.B1-X21-X21.2M,A02,K1.B1,X21-X21.2M,Terminal_Point,1,0,0,0,1,0,0
1099,=A02+K1.B1-X21-X21.2F:2,=A02+K1.B1-X21-X21.2F,A02,K1.B1,X21-X21.2F,Terminal_Point,2,0,0,0,1,0,0
1100,=O02+K1.H1-A20-X2:2,=O02+K1.H1-A20-X2,O02,K1.H1,A20-X2,,2,0,0,0,0,0,0
1102,=A02+K1.B1-X21-X21.2M:2,=A02+K1.B1-X21-X21.2M,A02,K1.B1,X21-X21.2M,Terminal_Point,2,0,0,0,1,0,0
1103,=A02+K1.B1-X21-X21.2F:3,=A02+K1.B1-X21-X21.2F,A02,K1.B1,X21-X21.2F,Terminal_Point,3,0,0,0,1,0,0
1104,=O02+K1.H1-A20-X2:1,=O02+K1.H1-A20-X2,O02,K1.H1,A20-X2,,1,0,0,0,0,0,0
1106,=A02+K1.B1-X21-X21.2M:3,=A02+K1.B1-X21-X21.2M,A02,K1.B1,X21-X21.2M,Terminal_Point,3,0,0,0,1,0,0
1107,=A02+K1.B1-X21-X21.2F:4,=A02+K1.B1-X21-X21.2F,A02,K1.B1,X21-X21.2F,Terminal_Point,4,0,0,0,1,0,0
1108,=O02+K1.H1-A20-X2:9,=O02+K1.H1-A20-X2,O02,K1.H1,A20-X2,,9,0,0,0,0,0,0
1110,=A02+K1.B1-X21-X21.2M:4,=A02+K1.B1-X21-X21.2M,A02,K1.B1,X21-X21.2M,Terminal_Point,4,0,0,0,1,0,0
1111,=A02+K1.B1-X21-X21.2F:5,=A02+K1.B1-X21-X21.2F,A02,K1.B1,X21-X21.2F,Terminal_Point,5,0,0,0,1,0,0
1112,=O02+K1.H1-A20-X2:7,=O02+K1.H1-A20-X2,O02,K1.H1,A20-X2,,7,0,0,0,0,0,0
1114,=A02+K1.B1-X21-X21.2M:5,=A02+K1.B1-X21-X21.2M,A02,K1.B1,X21-X21.2M,Terminal_Point,5,0,0,0,1,0,0
1115,=A02+K1.B1-X21-X21.2F:6,=A02+K1.B1-X21-X21.2F,A02,K1.B1,X21-X21.2F,Terminal_Point,6,0,0,0,1,0,0
1116,=O02+K1.H1-A20-X2:6,=O02+K1.H1-A20-X2,O02,K1.H1,A20-X2,,6,0,0,0,0,0,0
1118,=A02+K1.B1-X21-X21.2M:6,=A02+K1.B1-X21-X21.2M,A02,K1.B1,X21-X21.2M,Terminal_Point,6,0,0,0,1,0,0
1119,=A02+K1.B1-X21-X21.2F:7,=A02+K1.B1-X21-X21.2F,A02,K1.B1,X21-X21.2F,Terminal_Point,7,0,0,0,1,0,0
1120,=O02+K1.H1-A20-X2:4,=O02+K1.H1-A20-X2,O02,K1.H1,A20-X2,,4,0,0,0,0,0,0
1122,=A02+K1.B1-X21-X21.2M:7,=A02+K1.B1-X21-X21.2M,A02,K1.B1,X21-X21.2M,Terminal_Point,7,0,0,0,1,0,0
1123,=A02+K1.B1-X21-X21.2F:8,=A02+K1.B1-X21-X21.2F,A02,K1.B1,X21-X21.2F,Terminal_Point,8,0,0,0,1,0,0
1124,=O02+K1.H1-A20-X2:5,=O02+K1.H1-A20-X2,O02,K1.H1,A20-X2,,5,0,0,0,0,0,0
1126,=A02+K1.B1-X21-X21.2M:8,=A02+K1.B1-X21-X21.2M,A02,K1.B1,X21-X21.2M,Terminal_Point,8,0,0,0,1,0,0
1131,=A02+K1.B1-X20-X20.1M:7,=A02+K1.B1-X20-X20.1M,A02,K1.B1,X20-X20.1M,Terminal_Point,7,0,0,0,1,0,0
1133,=O01+K1.B1-A1:10,=O01+K1.B1-A1,O01,K1.B1,A1,,10,0,0,0,0,0,0
1134,=A02+K1.B1-X20-X20.1F:7,=A02+K1.B1-X20-X20.1F,A02,K1.B1,X20-X20.1F,Terminal_Point,7,0,0,0,1,0,0
1135,=A02+K1.B1-X20-X20.1M:8,=A02+K1.B1-X20-X20.1M,A02,K1.B1,X20-X20.1M,Terminal_Point,8,0,0,0,1,0,0
1137,=O01+K1.B1-A1:11,=O01+K1.B1-A1,O01,K1.B1,A1,,11,0,0,0,0,0,0
1138,=A02+K1.B1-X20-X20.1F:8,=A02+K1.B1-X20-X20.1F,A02,K1.B1,X20-X20.1F,Terminal_Point,8,0,0,0,1,0,0
1139,=O02+K1.H1-A20-X3:5,=O02+K1.H1-A20-X3,O02,K1.H1,A20-X3,,5,0,0,0,0,0,0
1141,=O02+K1.H1-A20-X3:3,=O02+K1.H1-A20-X3,O02,K1.H1,A20-X3,,3,0,0,0,0,0,0
1142,=O01+K1.B1-A2:1,=O01+K1.B1-A2,O01,K1.B1,A2,,1,0,0,0,0,0,0
1143,=O02+K1.H1-A20-X3:1,=O02+K1.H1-A20-X3,O02,K1.H1,A20-X3,,1,0,0,0,0,0,0
1144,=O01+K1.B1-A2:5,=O01+K1.B1-A2,O01,K1.B1,A2,,5,0,0,0,0,0,0
1145,=O02+K1.H1-A20-X3:7,=O02+K1.H1-A20-X3,O02,K1.H1,A20-X3,,7,0,0,0,0,0,0
1146,=O01+K1.B1-A2:4,=O01+K1.B1-A2,O01,K1.B1,A2,,4,0,0,0,0,0,0
1147,=P01+K1.G1-D1:L,=P01+K1.G1-D1,P01,K1.G1,D1,,L,0,0,0,0,0,0
1148,=P01+K1.G1-E1:X1,=P01+K1.G1-E1,P01,K1.G1,E1,,X1,0,0,0,0,0,0
1149,=P01+K1.G1-E1:X0,=P01+K1.G1-E1,P01,K1.G1,E1,,X0,0,0,0,0,0,0
1151,=P01+K1.G1-D1:N,=P01+K1.G1-D1,P01,K1.G1,D1,,N,0,0,0,0,0,0
1155,=P01+K1.G1-D1:PE,=P01+K1.G1-D1,P01,K1.G1,D1,,PE,0,0,0,0,0,0
1159,=P01+K1.G1-D1:USB1,=P01+K1.G1-D1,P01,K1.G1,D1,,USB1,0,0,0,0,0,0
1160,=P01+K1.G1-E1:USB,=P01+K1.G1-E1,P01,K1.G1,E1,,USB,0,0,0,0,0,0
1161,=P01+K1.G1-D1:USB3,=P01+K1.G1-D1,P01,K1.G1,D1,,USB3,0,0,0,0,0,0
1162,=P01+K1.G2-X1,=P01+K1.G2-X1,P01,K1.G2,X1,Terminal_Point,,0,0,0,0,0,0
1163,=P01+K1.G2-X1:USB A,=P01+K1.G2-X1,P01,K1.G2,X1,Terminal_Point,USB A,0,0,0,0,0,0
1165,=P01+K1.G1-D1:MOUSE,=P01+K1.G1-D1,P01,K1.G1,D1,,MOUSE,0,0,0,0,0,0
1166,=P01+K1.G2-X2,=P01+K1.G2-X2,P01,K1.G2,X2,Terminal_Point,,0,0,0,0,0,0
1167,=P01+K1.G2-X2:USB A,=P01+K1.G2-X2,P01,K1.G2,X2,Terminal_Point,USB A,0,0,0,0,0,0
1169,=P01+K1.G2-P1:L,=P01+K1.G2-P1,P01,K1.G2,P1,,L,0,0,0,0,0,0
1170,=P01+K1.G1-E1:X2,=P01+K1.G1-E1,P01,K1.G1,E1,,X2,0,0,0,0,0,0
1171,=P01+K1.G2-P1:N,=P01+K1.G2-P1,P01,K1.G2,P1,,N,0,0,0,0,0,0
1173,=P01+K1.G2-P1:PE,=P01+K1.G2-P1,P01,K1.G2,P1,,PE,0,0,0,0,0,0
1177,=A02+K1.A1-X21:Ethernet,=A02+K1.A1-X21,A02,K1.A1,X21,Terminal_Point,Ethernet,0,0,0,0,0,0
1178,=P01+K1.G1-D1:RJ45,=P01+K1.G1-D1,P01,K1.G1,D1,,RJ45,0,0,0,0,0,0
1179,=P01+K1.B1-X9:1,=P01+K1.B1-X9,P01,K1.B1,X9,Terminal_Point,1,0,0,0,0,0,0
1180,=P01+K1.H1-D2:X101,=P01+K1.H1-D2,P01,K1.H1,D2,,X101,0,0,0,0,0,0
1181,=P01+K1.B1-V1:2.1,=P01+K1.B1-V1,P01,K1.B1,V1,,2.1,0,0,0,0,0,0
1184,=P01+K1.B1-V1:1.1,=P01+K1.B1-V1,P01,K1.B1,V1,,1.1,0,0,0,0,0,0
1185,=P01+K1.B1-X9:2,=P01+K1.B1-X9,P01,K1.B1,X9,Terminal_Point,2,0,0,0,0,0,0
1190,=P01+K1.B1-V1:3.1,=P01+K1.B1-V1,P01,K1.B1,V1,,3.1,0,0,0,0,0,0
1191,=P01+K1.H1-D2:X102,=P01+K1.H1-D2,P01,K1.H1,D2,,X102,0,0,0,0,0,0
1194,=P01+K1.B1-A0.10:US,=P01+K1.B1-A0.10,P01,K1.B1,A0.10,,US,0,0,0,0,0,0
1195,=P01+K1.B1-A0.10:1,=P01+K1.B1-A0.10,P01,K1.B1,A0.10,,1,0,0,0,0,0,0
1199,=P01+K1.B1-A0.10:2,=P01+K1.B1-A0.10,P01,K1.B1,A0.10,,2,0,0,0,0,0,0
1200,=P01+K1.H1-D2:X104,=P01+K1.H1-D2,P01,K1.H1,D2,,X104,0,0,0,0,0,0
1203,=P01+K1.B1-A0.0:1,=P01+K1.B1-A0.0,P01,K1.B1,A0.0,,1,0,0,0,0,0,0
1204,=A01+K1.B1-W7(-P1):X3,=A01+K1.B1-W7(-P1),A01,K1.B1,W7(-P1),,X3,0,0,0,0,0,0
1205,=P01+K1.B1-A0.0:5,=P01+K1.B1-A0.0,P01,K1.B1,A0.0,,5,0,0,0,0,0,0
1206,=A01+K1.B1-W7(-P2):X4,=A01+K1.B1-W7(-P2),A01,K1.B1,W7(-P2),,X4,0,0,0,0,0,0
1207,=P01+K1.B1-A0.0:2,=P01+K1.B1-A0.0,P01,K1.B1,A0.0,,2,0,0,0,0,0,0
1209,=P01+K1.B1-A0.0:7,=P01+K1.B1-A0.0,P01,K1.B1,A0.0,,7,0,0,0,0,0,0
1211,=P01+K1.B1-A0.0:EtherCAT IN,=P01+K1.B1-A0.0,P01,K1.B1,A0.0,,EtherCAT IN,0,0,0,0,0,0
1212,=P01+K1.H1-D2:X103,=P01+K1.H1-D2,P01,K1.H1,D2,,X103,0,0,0,0,0,0
1213,=P01+K1.B1-A0:EtherCAT IN,=P01+K1.B1-A0,P01,K1.B1,A0,,EtherCAT IN,0,0,0,0,0,0
1214,=P01+K1.B1-A0.0:EtherCAT OUT,=P01+K1.B1-A0.0,P01,K1.B1,A0.0,,EtherCAT OUT,0,0,0,0,0,0
1216,=F01+K1.D2-X11:1,=F01+K1.D2-X11,F01,K1.D2,X11,Terminal_Point,1,0,0,0,0,0,0
1220,=P01+K1.B1-A0.2:EtherCAT X2,=P01+K1.B1-A0.2,P01,K1.B1,A0.2,,EtherCAT X2,0,0,0,0,0,0
1221,=M01+K1.H1-U1:IN,=M01+K1.H1-U1,M01,K1.H1,U1,,IN,0,0,0,0,0,0
1222,=P01+K1.B1-A0.2:EtherCAT X1,=P01+K1.B1-A0.2,P01,K1.B1,A0.2,,EtherCAT X1,0,0,0,0,0,0
1225,=P01+K1.B1-A0:1,=P01+K1.B1-A0,P01,K1.B1,A0,,1,0,0,0,0,0,0
1227,=P01+K1.B1-A0:5,=P01+K1.B1-A0,P01,K1.B1,A0,,5,0,0,0,0,0,0
1229,=P01+K1.B1-A0:2,=P01+K1.B1-A0,P01,K1.B1,A0,,2,0,0,0,0,0,0
1232,=P01+K1.B1-A0:7,=P01+K1.B1-A0,P01,K1.B1,A0,,7,0,0,0,0,0,0
1233,=P01+K1.B1-T1:1,=P01+K1.B1-T1,P01,K1.B1,T1,,1,0,0,0,0,0,0
1235,=P01+K1.B1-T1:5,=P01+K1.B1-T1,P01,K1.B1,T1,,5,0,0,0,0,0,0
1237,=P01+K1.B1-T1:2,=P01+K1.B1-T1,P01,K1.B1,T1,,2,0,0,0,0,0,0
1239,=P01+K1.B1-T1:3,=P01+K1.B1-T1,P01,K1.B1,T1,,3,0,0,0,0,0,0
1241,=P01+K1.B1-T2:1,=P01+K1.B1-T2,P01,K1.B1,T2,,1,0,0,0,0,0,0
1243,=P01+K1.B1-T2:5,=P01+K1.B1-T2,P01,K1.B1,T2,,5,0,0,0,0,0,0
1245,=P01+K1.B1-T2:2,=P01+K1.B1-T2,P01,K1.B1,T2,,2,0,0,0,0,0,0
1247,=P01+K1.B1-T2:3,=P01+K1.B1-T2,P01,K1.B1,T2,,3,0,0,0,0,0,0
1249,=P01+K1.B1-X9:3,=P01+K1.B1-X9,P01,K1.B1,X9,Terminal_Point,3,0,0,0,0,0,0
1251,=P01+K1.B1-X9:4,=P01+K1.B1-X9,P01,K1.B1,X9,Terminal_Point,4,0,0,0,0,0,0
1252,=Q01+K1.B1-X9:33,=Q01+K1.B1-X9,Q01,K1.B1,X9,Terminal_Point,33,0,0,0,0,0,0
1253,=P01+K1.B1-X9:5,=P01+K1.B1-X9,P01,K1.B1,X9,Terminal_Point,5,0,0,0,0,0,0
1254,=Q01+K1.B1-X9:41,=Q01+K1.B1-X9,Q01,K1.B1,X9,Terminal_Point,41,0,0,0,0,0,0
1255,=P01+K1.B1-X9:7,=P01+K1.B1-X9,P01,K1.B1,X9,Terminal_Point,7,0,0,0,0,0,0
1256,=A02+K1.B1-K21:71,=A02+K1.B1-K21,A02,K1.B1,K21,AX_COM_7,71,0,0,0,0,0,0
1257,=P01+K1.G2-X3:1-15,=P01+K1.G2-X3,P01,K1.G2,X3,Terminal_Point,1-15,0,0,0,0,0,0
1283,=A02+K1.B1-K21:72,=A02+K1.B1-K21,A02,K1.B1,K21,AX_NC_7,72,0,0,0,0,0,0
1284,=A02+K1.B1-A3:12,=A02+K1.B1-A3,A02,K1.B1,A3,,12,0,0,0,0,0,0
1286,=Q01+K1.G1-G1:PE,=Q01+K1.G1-G1,Q01,K1.G1,G1,,PE,0,0,0,0,0,0
1287,=Q01+K1.B1-X20:1,=Q01+K1.B1-X20,Q01,K1.B1,X20,Terminal_Point,1,0,0,0,0,0,0
1288,=Q01+K1.G1-G1:A,=Q01+K1.G1-G1,Q01,K1.G1,G1,,A,0,0,0,0,0,0
1289,=Q01+K1.H2-Q1:T1,=Q01+K1.H2-Q1,Q01,K1.H2,Q1,MC_NO_1,T1,0,0,0,0,0,0
1292,=Q01+K1.H2-Q1:L1,=Q01+K1.H2-Q1,Q01,K1.H2,Q1,MC_NO_1,L1,0,0,0,0,0,0
1293,=Q01+K1.B1-X20:2,=Q01+K1.B1-X20,Q01,K1.B1,X20,Terminal_Point,2,0,0,0,0,0,0
1294,=Q01+K1.G1-G1:B,=Q01+K1.G1-G1,Q01,K1.G1,G1,,B,0,0,0,0,0,0
1295,=Q01+K1.H2-Q1:T2,=Q01+K1.H2-Q1,Q01,K1.H2,Q1,MC_NO_2,T2,0,0,0,0,0,0
1298,=Q01+K1.H2-Q1:L2,=Q01+K1.H2-Q1,Q01,K1.H2,Q1,MC_NO_2,L2,0,0,0,0,0,0
1299,=Q01+K1.B1-X20:3,=Q01+K1.B1-X20,Q01,K1.B1,X20,Terminal_Point,3,0,0,0,0,0,0
1300,=Q01+K1.G1-G1:C,=Q01+K1.G1-G1,Q01,K1.G1,G1,,C,0,0,0,0,0,0
1301,=Q01+K1.H2-Q1:T3,=Q01+K1.H2-Q1,Q01,K1.H2,Q1,MC_NO_3,T3,0,0,0,0,0,0
1304,=Q01+K1.H2-Q1:L3,=Q01+K1.H2-Q1,Q01,K1.H2,Q1,MC_NO_3,L3,0,0,0,0,0,0
1305,=Q01+K1.B1-X20:PE,=Q01+K1.B1-X20,Q01,K1.B1,X20,Terminal_Point,PE,0,0,0,0,0,0
1322,=Q01+K1.G1-G1:B.S,=Q01+K1.G1-G1,Q01,K1.G1,G1,,B.S,0,0,0,0,0,0
1326,=Q01+K1.G1-G1:GND,=Q01+K1.G1-G1,Q01,K1.G1,G1,,GND,0,0,0,0,0,0
1327,=Q01+K1.H2-Q1:14,=Q01+K1.H2-Q1,Q01,K1.H2,Q1,AC_NO_2,14,0,0,0,0,0,0
1328,=Q01+K1.B1-A1:1,=Q01+K1.B1-A1,Q01,K1.B1,A1,,1,0,0,0,0,0,0
1329,=Q01+K1.G1-G1:GND.S,=Q01+K1.G1-G1,Q01,K1.G1,G1,,GND.S,0,0,0,0,0,0
1331,=Q01+K1.B1-X9:1,=Q01+K1.B1-X9,Q01,K1.B1,X9,Terminal_Point,1,0,0,0,0,0,0
1332,=Q01+K1.G1-G1:J2.1,=Q01+K1.G1-G1,Q01,K1.G1,G1,,J2.1,0,0,0,0,0,0
1334,=Q01+K1.B1-X9:2,=Q01+K1.B1-X9,Q01,K1.B1,X9,Terminal_Point,2,0,0,0,0,0,0
1336,=Q01+K1.G1-G1:J2.2,=Q01+K1.G1-G1,Q01,K1.G1,G1,,J2.2,0,0,0,0,0,0
1337,=Q01+K1.G1-G1:J3.CASE,=Q01+K1.G1-G1,Q01,K1.G1,G1,,J3.CASE,0,0,0,0,0,0
1339,=Q01+K1.B1-A10:7,=Q01+K1.B1-A10,Q01,K1.B1,A10,,7,0,0,0,0,0,0
1340,=Q01+K1.G1-G1:J3.1,=Q01+K1.G1-G1,Q01,K1.G1,G1,,J3.1,0,0,0,0,0,0
1341,=Q01+K1.B1-A10:8,=Q01+K1.B1-A10,Q01,K1.B1,A10,,8,0,0,0,0,0,0
1342,=Q01+K1.G1-G1:J3.2,=Q01+K1.G1-G1,Q01,K1.G1,G1,,J3.2,0,0,0,0,0,0
1343,=Q01+K1.B1-A11:3,=Q01+K1.B1-A11,Q01,K1.B1,A11,,3,0,0,0,0,0,0
1344,=Q01+K1.G1-G1:J3.5,=Q01+K1.G1-G1,Q01,K1.G1,G1,,J3.5,0,0,0,0,0,0
1345,=Q01+K1.B1-A11:4,=Q01+K1.B1-A11,Q01,K1.B1,A11,,4,0,0,0,0,0,0
1346,=Q01+K1.G1-G1:J3.6,=Q01+K1.G1-G1,Q01,K1.G1,G1,,J3.6,0,0,0,0,0,0
1347,=Q01+K1.B1-A11:7,=Q01+K1.B1-A11,Q01,K1.B1,A11,,7,0,0,0,0,0,0
1348,=Q01+K1.G1-G1:J3.7,=Q01+K1.G1-G1,Q01,K1.G1,G1,,J3.7,0,0,0,0,0,0
1349,=Q01+K1.B1-A11:8,=Q01+K1.B1-A11,Q01,K1.B1,A11,,8,0,0,0,0,0,0
1350,=Q01+K1.G1-G1:J3.9,=Q01+K1.G1-G1,Q01,K1.G1,G1,,J3.9,0,0,0,0,0,0
1351,=Q01+K1.B1-W5(-P2):P2,=Q01+K1.B1-W5(-P2),Q01,K1.B1,W5(-P2),,P2,0,0,0,0,0,0
1352,=Q01+K1.B1-X9:4,=Q01+K1.B1-X9,Q01,K1.B1,X9,Terminal_Point,4,0,0,0,0,0,0
1353,=Q01+K1.G1-G1:J4.CASE,=Q01+K1.G1-G1,Q01,K1.G1,G1,,J4.CASE,0,0,0,0,0,0
1355,=Q01+K1.B1-X9:3,=Q01+K1.B1-X9,Q01,K1.B1,X9,Terminal_Point,3,0,0,0,0,0,0
1356,=Q01+K1.B1-A1:9,=Q01+K1.B1-A1,Q01,K1.B1,A1,,9,0,0,0,0,0,0
1357,=Q01+K1.G1-G1:J4.1,=Q01+K1.G1-G1,Q01,K1.G1,G1,,J4.1,0,0,0,0,0,0
1359,=Q01+K1.G1-G1:J4.2,=Q01+K1.G1-G1,Q01,K1.G1,G1,,J4.2,0,0,0,0,0,0
1361,=Q01+K1.B1-X9:5,=Q01+K1.B1-X9,Q01,K1.B1,X9,Terminal_Point,5,0,0,0,0,0,0
1362,=Q01+K1.B1-A1:2,=Q01+K1.B1-A1,Q01,K1.B1,A1,,2,0,0,0,0,0,0
1363,=Q01+K1.G1-G1:J4.5,=Q01+K1.G1-G1,Q01,K1.G1,G1,,J4.5,0,0,0,0,0,0
1365,=Q01+K1.B1-X9:6,=Q01+K1.B1-X9,Q01,K1.B1,X9,Terminal_Point,6,0,0,0,0,0,0
1366,=Q01+K1.B1-W5(-P1):X1,=Q01+K1.B1-W5(-P1),Q01,K1.B1,W5(-P1),,X1,0,0,0,0,0,0
1367,=Q01+K1.G1-G1:J4.6,=Q01+K1.G1-G1,Q01,K1.G1,G1,,J4.6,0,0,0,0,0,0
1369,=Q01+K1.B1-X9:7,=Q01+K1.B1-X9,Q01,K1.B1,X9,Terminal_Point,7,0,0,0,0,0,0
1370,=Q01+K1.B1-A1:3,=Q01+K1.B1-A1,Q01,K1.B1,A1,,3,0,0,0,0,0,0
1371,=Q01+K1.G1-G1:J4.7,=Q01+K1.G1-G1,Q01,K1.G1,G1,,J4.7,0,0,0,0,0,0
1373,=Q01+K1.B1-X9:8,=Q01+K1.B1-X9,Q01,K1.B1,X9,Terminal_Point,8,0,0,0,0,0,0
1375,=Q01+K1.G1-G1:J4.8,=Q01+K1.G1-G1,Q01,K1.G1,G1,,J4.8,0,0,0,0,0,0
1377,=Q01+K1.B1-X9:9,=Q01+K1.B1-X9,Q01,K1.B1,X9,Terminal_Point,9,0,0,0,0,0,0
1378,=Q01+K1.B1-A1:4,=Q01+K1.B1-A1,Q01,K1.B1,A1,,4,0,0,0,0,0,0
1379,=Q01+K1.G1-G1:J4.9,=Q01+K1.G1-G1,Q01,K1.G1,G1,,J4.9,0,0,0,0,0,0
1381,=Q01+K1.B1-X9:10,=Q01+K1.B1-X9,Q01,K1.B1,X9,Terminal_Point,10,0,0,0,0,0,0
1383,=Q01+K1.G1-G1:J4.10,=Q01+K1.G1-G1,Q01,K1.G1,G1,,J4.10,0,0,0,0,0,0
1385,=Q01+K1.B1-X9:11,=Q01+K1.B1-X9,Q01,K1.B1,X9,Terminal_Point,11,0,0,0,0,0,0
1386,=Q01+K1.B1-A1:5,=Q01+K1.B1-A1,Q01,K1.B1,A1,,5,0,0,0,0,0,0
1387,=Q01+K1.G1-G1:J4.11,=Q01+K1.G1-G1,Q01,K1.G1,G1,,J4.11,0,0,0,0,0,0
1389,=Q01+K1.B1-X9:12,=Q01+K1.B1-X9,Q01,K1.B1,X9,Terminal_Point,12,0,0,0,0,0,0
1391,=Q01+K1.G1-G1:J4.12,=Q01+K1.G1-G1,Q01,K1.G1,G1,,J4.12,0,0,0,0,0,0
1393,=Q01+K1.B1-X9:13,=Q01+K1.B1-X9,Q01,K1.B1,X9,Terminal_Point,13,0,0,0,0,0,0
1394,=Q01+K1.B1-A1:6,=Q01+K1.B1-A1,Q01,K1.B1,A1,,6,0,0,0,0,0,0
1395,=Q01+K1.G1-G1:J4.13,=Q01+K1.G1-G1,Q01,K1.G1,G1,,J4.13,0,0,0,0,0,0
1397,=Q01+K1.B1-X9:14,=Q01+K1.B1-X9,Q01,K1.B1,X9,Terminal_Point,14,0,0,0,0,0,0
1399,=Q01+K1.G1-G1:J4.14,=Q01+K1.G1-G1,Q01,K1.G1,G1,,J4.14,0,0,0,0,0,0
1401,=Q01+K1.D2-X1:1,=Q01+K1.D2-X1,Q01,K1.D2,X1,Terminal_Point,1,0,0,0,0,0,0
1405,=Q01+K1.H2-Q2:T1,=Q01+K1.H2-Q2,Q01,K1.H2,Q2,MC_NO_1,T1,0,0,0,0,0,0
1408,=Q01+K1.H2-Q2:L1,=Q01+K1.H2-Q2,Q01,K1.H2,Q2,MC_NO_1,L1,0,0,0,0,0,0
1409,=Q01+K1.D2-X1:2,=Q01+K1.D2-X1,Q01,K1.D2,X1,Terminal_Point,2,0,0,0,0,0,0
1413,=Q01+K1.H2-Q2:T2,=Q01+K1.H2-Q2,Q01,K1.H2,Q2,MC_NO_2,T2,0,0,0,0,0,0
1416,=Q01+K1.D2-X2:2,=Q01+K1.D2-X2,Q01,K1.D2,X2,Terminal_Point,2,0,0,0,0,0,0
1418,=Q01+K1.H2-Q2:L2,=Q01+K1.H2-Q2,Q01,K1.H2,Q2,MC_NO_2,L2,0,0,0,0,0,0
1419,=Q01+K1.D2-X1:3,=Q01+K1.D2-X1,Q01,K1.D2,X1,Terminal_Point,3,0,0,0,0,0,0
1421,=Q01+K1.H2-Q2:T3,=Q01+K1.H2-Q2,Q01,K1.H2,Q2,MC_NO_3,T3,0,0,0,0,0,0
1422,=Q01+K1.D2-X2:1,=Q01+K1.D2-X2,Q01,K1.D2,X2,Terminal_Point,1,0,0,0,0,0,0
1424,=Q01+K1.H2-Q2:L3,=Q01+K1.H2-Q2,Q01,K1.H2,Q2,MC_NO_3,L3,0,0,0,0,0,0
1425,=Q01+K1.D2-X1:PE,=Q01+K1.D2-X1,Q01,K1.D2,X1,Terminal_Point,PE,0,0,0,0,0,0
1439,=Q01+K1.H2-Q2:14,=Q01+K1.H2-Q2,Q01,K1.H2,Q2,AC_NO_2,14,0,0,0,0,0,0
1440,=Q01+K1.B1-A4:1,=Q01+K1.B1-A4,Q01,K1.B1,A4,,1,0,0,0,0,0,0
1442,=Q01+K1.B1-A7:1,=Q01+K1.B1-A7,Q01,K1.B1,A7,,1,0,0,0,0,0,0
1443,=Q01+K1.B1-W5(-P1):P1,=Q01+K1.B1-W5(-P1),Q01,K1.B1,W5(-P1),,P1,0,0,0,0,0,0
1444,=Q01+K1.H2-Q2:13,=Q01+K1.H2-Q2,Q01,K1.H2,Q2,AC_NO_1,13,0,0,0,0,0,0
1447,=A02+K1.B1-X21-X21.3M:1,=A02+K1.B1-X21-X21.3M,A02,K1.B1,X21-X21.3M,Terminal_Point,1,0,0,0,1,0,0
1449,=Q01+K1.B1-A4:9,=Q01+K1.B1-A4,Q01,K1.B1,A4,,9,0,0,0,0,0,0
1450,=A02+K1.B1-X21-X21.3F:1,=A02+K1.B1-X21-X21.3F,A02,K1.B1,X21-X21.3F,Terminal_Point,1,0,0,0,1,0,0
1451,=A02+K1.B1-X21-X21.3M:2,=A02+K1.B1-X21-X21.3M,A02,K1.B1,X21-X21.3M,Terminal_Point,2,0,0,0,1,0,0
1453,=A02+K1.B1-X21-X21.3F:2,=A02+K1.B1-X21-X21.3F,A02,K1.B1,X21-X21.3F,Terminal_Point,2,0,0,0,1,0,0
1455,=A02+K1.B1-X21-X21.3M:3,=A02+K1.B1-X21-X21.3M,A02,K1.B1,X21-X21.3M,Terminal_Point,3,0,0,0,1,0,0
1457,=Q01+K1.B1-A4:10,=Q01+K1.B1-A4,Q01,K1.B1,A4,,10,0,0,0,0,0,0
1458,=A02+K1.B1-X21-X21.3F:3,=A02+K1.B1-X21-X21.3F,A02,K1.B1,X21-X21.3F,Terminal_Point,3,0,0,0,1,0,0
1459,=A02+K1.B1-X21-X21.3M:4,=A02+K1.B1-X21-X21.3M,A02,K1.B1,X21-X21.3M,Terminal_Point,4,0,0,0,1,0,0
1461,=A02+K1.B1-X21-X21.3F:4,=A02+K1.B1-X21-X21.3F,A02,K1.B1,X21-X21.3F,Terminal_Point,4,0,0,0,1,0,0
1463,=A02+K1.B1-X21-X21.3M:5,=A02+K1.B1-X21-X21.3M,A02,K1.B1,X21-X21.3M,Terminal_Point,5,0,0,0,1,0,0
1465,=Q01+K1.B1-A4:11,=Q01+K1.B1-A4,Q01,K1.B1,A4,,11,0,0,0,0,0,0
1466,=A02+K1.B1-X21-X21.3F:5,=A02+K1.B1-X21-X21.3F,A02,K1.B1,X21-X21.3F,Terminal_Point,5,0,0,0,1,0,0
1467,=A02+K1.B1-X21-X21.3M:6,=A02+K1.B1-X21-X21.3M,A02,K1.B1,X21-X21.3M,Terminal_Point,6,0,0,0,1,0,0
1469,=A02+K1.B1-X21-X21.3F:6,=A02+K1.B1-X21-X21.3F,A02,K1.B1,X21-X21.3F,Terminal_Point,6,0,0,0,1,0,0
1471,=A02+K1.B1-X21-X21.3M:7,=A02+K1.B1-X21-X21.3M,A02,K1.B1,X21-X21.3M,Terminal_Point,7,0,0,0,1,0,0
1473,=Q01+K1.B1-A4:2,=Q01+K1.B1-A4,Q01,K1.B1,A4,,2,0,0,0,0,0,0
1474,=A02+K1.B1-X21-X21.3F:7,=A02+K1.B1-X21-X21.3F,A02,K1.B1,X21-X21.3F,Terminal_Point,7,0,0,0,1,0,0
1475,=A02+K1.B1-X21-X21.3M:8,=A02+K1.B1-X21-X21.3M,A02,K1.B1,X21-X21.3M,Terminal_Point,8,0,0,0,1,0,0
1477,=Q01+K1.B1-A4:3,=Q01+K1.B1-A4,Q01,K1.B1,A4,,3,0,0,0,0,0,0
1478,=A02+K1.B1-X21-X21.3F:8,=A02+K1.B1-X21-X21.3F,A02,K1.B1,X21-X21.3F,Terminal_Point,8,0,0,0,1,0,0
1479,=A02+K1.B1-X21-X21.3M:9,=A02+K1.B1-X21-X21.3M,A02,K1.B1,X21-X21.3M,Terminal_Point,9,0,0,0,1,0,0
1481,=A02+K1.B1-X21-X21.3F:9,=A02+K1.B1-X21-X21.3F,A02,K1.B1,X21-X21.3F,Terminal_Point,9,0,0,0,1,0,0
1483,=A02+K1.B1-X21-X21.4M:1,=A02+K1.B1-X21-X21.4M,A02,K1.B1,X21-X21.4M,Terminal_Point,1,0,0,0,1,0,0
1485,=Q01+K1.B1-A3:1,=Q01+K1.B1-A3,Q01,K1.B1,A3,,1,0,0,0,0,0,0
1486,=A02+K1.B1-X21-X21.4F:1,=A02+K1.B1-X21-X21.4F,A02,K1.B1,X21-X21.4F,Terminal_Point,1,0,0,0,1,0,0
1487,=A02+K1.B1-X21-X21.4M:2,=A02+K1.B1-X21-X21.4M,A02,K1.B1,X21-X21.4M,Terminal_Point,2,0,0,0,1,0,0
1489,=Q01+K1.B1-A3:2,=Q01+K1.B1-A3,Q01,K1.B1,A3,,2,0,0,0,0,0,0
1490,=A02+K1.B1-X21-X21.4F:2,=A02+K1.B1-X21-X21.4F,A02,K1.B1,X21-X21.4F,Terminal_Point,2,0,0,0,1,0,0
1491,=A02+K1.B1-X21-X21.4M:3,=A02+K1.B1-X21-X21.4M,A02,K1.B1,X21-X21.4M,Terminal_Point,3,0,0,0,1,0,0
1493,=Q01+K1.B1-A3:5,=Q01+K1.B1-A3,Q01,K1.B1,A3,,5,0,0,0,0,0,0
1494,=A02+K1.B1-X21-X21.4F:3,=A02+K1.B1-X21-X21.4F,A02,K1.B1,X21-X21.4F,Terminal_Point,3,0,0,0,1,0,0
1495,=A02+K1.B1-X21-X21.4M:4,=A02+K1.B1-X21-X21.4M,A02,K1.B1,X21-X21.4M,Terminal_Point,4,0,0,0,1,0,0
1497,=Q01+K1.B1-A3:6,=Q01+K1.B1-A3,Q01,K1.B1,A3,,6,0,0,0,0,0,0
1498,=A02+K1.B1-X21-X21.4F:4,=A02+K1.B1-X21-X21.4F,A02,K1.B1,X21-X21.4F,Terminal_Point,4,0,0,0,1,0,0
1499,=A02+K1.B1-X21-X21.4M:5,=A02+K1.B1-X21-X21.4M,A02,K1.B1,X21-X21.4M,Terminal_Point,5,0,0,0,1,0,0
1501,=Q01+K1.B1-A2:1,=Q01+K1.B1-A2,Q01,K1.B1,A2,,1,0,0,0,0,0,0
1502,=A02+K1.B1-X21-X21.4F:5,=A02+K1.B1-X21-X21.4F,A02,K1.B1,X21-X21.4F,Terminal_Point,5,0,0,0,1,0,0
1503,=A02+K1.B1-X21-X21.4M:6,=A02+K1.B1-X21-X21.4M,A02,K1.B1,X21-X21.4M,Terminal_Point,6,0,0,0,1,0,0
1505,=Q01+K1.B1-A2:2,=Q01+K1.B1-A2,Q01,K1.B1,A2,,2,0,0,0,0,0,0
1506,=A02+K1.B1-X21-X21.4F:6,=A02+K1.B1-X21-X21.4F,A02,K1.B1,X21-X21.4F,Terminal_Point,6,0,0,0,1,0,0
1507,=A02+K1.B1-X21-X21.4M:7,=A02+K1.B1-X21-X21.4M,A02,K1.B1,X21-X21.4M,Terminal_Point,7,0,0,0,1,0,0
1509,=Q01+K1.B1-A2:5,=Q01+K1.B1-A2,Q01,K1.B1,A2,,5,0,0,0,0,0,0
1510,=A02+K1.B1-X21-X21.4F:7,=A02+K1.B1-X21-X21.4F,A02,K1.B1,X21-X21.4F,Terminal_Point,7,0,0,0,1,0,0
1511,=A02+K1.B1-X21-X21.4M:8,=A02+K1.B1-X21-X21.4M,A02,K1.B1,X21-X21.4M,Terminal_Point,8,0,0,0,1,0,0
1513,=Q01+K1.B1-A2:6,=Q01+K1.B1-A2,Q01,K1.B1,A2,,6,0,0,0,0,0,0
1514,=A02+K1.B1-X21-X21.4F:8,=A02+K1.B1-X21-X21.4F,A02,K1.B1,X21-X21.4F,Terminal_Point,8,0,0,0,1,0,0
1519,=Q01+K1.H1-G2:-,=Q01+K1.H1-G2,Q01,K1.H1,G2,,-,0,0,0,0,0,0
1520,=Q01+K1.B1-X9:16,=Q01+K1.B1-X9,Q01,K1.B1,X9,Terminal_Point,16,0,0,0,0,0,0
1522,=Q01+K1.B1-X9:36,=Q01+K1.B1-X9,Q01,K1.B1,X9,Terminal_Point,36,0,0,0,0,0,0
1523,=Q01+K1.H2-Q3:T1,=Q01+K1.H2-Q3,Q01,K1.H2,Q3,MC_NO_1,T1,0,0,0,0,0,0
1524,=Q01+K1.H1-G2:L1,=Q01+K1.H1-G2,Q01,K1.H1,G2,,L1,0,0,0,0,0,0
1526,=Q01+K1.H2-Q3:L1,=Q01+K1.H2-Q3,Q01,K1.H2,Q3,MC_NO_1,L1,0,0,0,0,0,0
1527,=Q01+K1.H1-G2:+,=Q01+K1.H1-G2,Q01,K1.H1,G2,,+,0,0,0,0,0,0
1528,=Q01+K1.B1-X9:15,=Q01+K1.B1-X9,Q01,K1.B1,X9,Terminal_Point,15,0,0,0,0,0,0
1530,=Q01+K1.B1-X9:35,=Q01+K1.B1-X9,Q01,K1.B1,X9,Terminal_Point,35,0,0,0,0,0,0
1531,=Q01+K1.H2-Q3:T2,=Q01+K1.H2-Q3,Q01,K1.H2,Q3,MC_NO_2,T2,0,0,0,0,0,0
1532,=Q01+K1.H1-G2:L2,=Q01+K1.H1-G2,Q01,K1.H1,G2,,L2,0,0,0,0,0,0
1534,=Q01+K1.H2-Q3:L2,=Q01+K1.H2-Q3,Q01,K1.H2,Q3,MC_NO_2,L2,0,0,0,0,0,0
1535,=Q01+K1.H2-Q3:T3,=Q01+K1.H2-Q3,Q01,K1.H2,Q3,MC_NO_3,T3,0,0,0,0,0,0
1536,=Q01+K1.H1-G2:L3,=Q01+K1.H1-G2,Q01,K1.H1,G2,,L3,0,0,0,0,0,0
1538,=Q01+K1.H2-Q3:L3,=Q01+K1.H2-Q3,Q01,K1.H2,Q3,MC_NO_3,L3,0,0,0,0,0,0
1541,=Q01+K1.B1-X9:PE,=Q01+K1.B1-X9,Q01,K1.B1,X9,Terminal_Point,PE,0,0,0,0,0,0
1542,=Q01+K1.H1-G2:PE,=Q01+K1.H1-G2,Q01,K1.H1,G2,,PE,0,0,0,0,0,0
1543,=Q01+K1.H2-Q3:14,=Q01+K1.H2-Q3,Q01,K1.H2,Q3,AC_NO_2,14,0,0,0,0,0,0
1544,=Q01+K1.B1-A4:4,=Q01+K1.B1-A4,Q01,K1.B1,A4,,4,0,0,0,0,0,0
1546,=Q01+K1.B1-A7:4,=Q01+K1.B1-A7,Q01,K1.B1,A7,,4,0,0,0,0,0,0
1548,=Q01+K1.H2-Q3:13,=Q01+K1.H2-Q3,Q01,K1.H2,Q3,AC_NO_1,13,0,0,0,0,0,0
1551,=A02+K1.B1-X21-X21.3M:10,=A02+K1.B1-X21-X21.3M,A02,K1.B1,X21-X21.3M,Terminal_Point,10,0,0,0,1,0,0
1553,=Q01+K1.G1-N2:X3A.1,=Q01+K1.G1-N2,Q01,K1.G1,N2,,X3A.1,0,0,0,0,0,0
1554,=A02+K1.B1-X21-X21.3F:10,=A02+K1.B1-X21-X21.3F,A02,K1.B1,X21-X21.3F,Terminal_Point,10,0,0,0,1,0,0
1556,=Q01+K1.G1-N2:X0.+24V,=Q01+K1.G1-N2,Q01,K1.G1,N2,,X0.+24V,24,0,0,0,0,0
1557,=A02+K1.B1-X21-X21.3M:11,=A02+K1.B1-X21-X21.3M,A02,K1.B1,X21-X21.3M,Terminal_Point,11,0,0,0,1,0,0
1559,=Q01+K1.G1-N2:X3A.2,=Q01+K1.G1-N2,Q01,K1.G1,N2,,X3A.2,0,0,0,0,0,0
1560,=A02+K1.B1-X21-X21.3F:11,=A02+K1.B1-X21-X21.3F,A02,K1.B1,X21-X21.3F,Terminal_Point,11,0,0,0,1,0,0
1562,=Q01+K1.G1-N2:X0.GND,=Q01+K1.G1-N2,Q01,K1.G1,N2,,X0.GND,0,0,0,0,0,0
1563,=A02+K1.B1-X21-X21.3M:12,=A02+K1.B1-X21-X21.3M,A02,K1.B1,X21-X21.3M,Terminal_Point,12,0,0,0,1,0,0
1565,=Q01+K1.G1-N2:X3B.2,=Q01+K1.G1-N2,Q01,K1.G1,N2,,X3B.2,0,0,0,0,0,0
1566,=A02+K1.B1-X21-X21.3F:12,=A02+K1.B1-X21-X21.3F,A02,K1.B1,X21-X21.3F,Terminal_Point,12,0,0,0,1,0,0
1568,=Q01+K1.G1-N2:X0.PE,=Q01+K1.G1-N2,Q01,K1.G1,N2,,X0.PE,0,0,0,0,0,0
1569,=A02+K1.B1-X21-X21.3M:13,=A02+K1.B1-X21-X21.3M,A02,K1.B1,X21-X21.3M,Terminal_Point,13,0,0,0,1,0,0
1571,=Q01+K1.G1-N2:X3B.1,=Q01+K1.G1-N2,Q01,K1.G1,N2,,X3B.1,0,0,0,0,0,0
1572,=A02+K1.B1-X21-X21.3F:13,=A02+K1.B1-X21-X21.3F,A02,K1.B1,X21-X21.3F,Terminal_Point,13,0,0,0,1,0,0
1573,=Q01+K1.B1-A5:1,=Q01+K1.B1-A5,Q01,K1.B1,A5,,1,0,0,0,0,0,0
1574,=Q01+K1.G1-N2:X1.9,=Q01+K1.G1-N2,Q01,K1.G1,N2,,X1.9,0,0,0,0,0,0
1575,=Q01+K1.B1-A5:3,=Q01+K1.B1-A5,Q01,K1.B1,A5,,3,0,0,0,0,0,0
1576,=Q01+K1.G1-N2:X1.10,=Q01+K1.G1-N2,Q01,K1.G1,N2,,X1.10,0,0,0,0,0,0
1577,=Q01+K1.B1-A5:5,=Q01+K1.B1-A5,Q01,K1.B1,A5,,5,0,0,0,0,0,0
1578,=Q01+K1.G1-N2:X1.11,=Q01+K1.G1-N2,Q01,K1.G1,N2,,X1.11,0,0,0,0,0,0
1579,=Q01+K1.B1-A5:7,=Q01+K1.B1-A5,Q01,K1.B1,A5,,7,0,0,0,0,0,0
1580,=Q01+K1.G1-N2:X1.12,=Q01+K1.G1-N2,Q01,K1.G1,N2,,X1.12,0,0,0,0,0,0
1582,=Q01+K1.G1-N2:X1.CASE,=Q01+K1.G1-N2,Q01,K1.G1,N2,,X1.CASE,0,0,0,0,0,0
1583,=Q01+K1.B1-X9:17,=Q01+K1.B1-X9,Q01,K1.B1,X9,Terminal_Point,17,0,0,0,0,0,0
1584,=Q01+K1.G1-N2:X2.E+,=Q01+K1.G1-N2,Q01,K1.G1,N2,,X2.E+,0,0,0,0,0,0
1585,=Q01+K1.B1-A4:12,=Q01+K1.B1-A4,Q01,K1.B1,A4,,12,0,0,0,0,0,0
1587,=Q01+K1.B1-X9:18,=Q01+K1.B1-X9,Q01,K1.B1,X9,Terminal_Point,18,0,0,0,0,0,0
1588,=Q01+K1.G1-N2:X2.E-,=Q01+K1.G1-N2,Q01,K1.G1,N2,,X2.E-,0,0,0,0,0,0
1591,=Q01+K1.B1-X9:19,=Q01+K1.B1-X9,Q01,K1.B1,X9,Terminal_Point,19,0,0,0,0,0,0
1592,=Q01+K1.G1-N2:X2.NO,=Q01+K1.G1-N2,Q01,K1.G1,N2,,X2.NO,0,0,0,0,0,0
1593,=Q01+K1.B1-A4:5,=Q01+K1.B1-A4,Q01,K1.B1,A4,,5,0,0,0,0,0,0
1595,=Q01+K1.B1-X9:20,=Q01+K1.B1-X9,Q01,K1.B1,X9,Terminal_Point,20,0,0,0,0,0,0
1596,=Q01+K1.G1-N2:X2.COM,=Q01+K1.G1-N2,Q01,K1.G1,N2,,X2.COM,0,0,0,0,0,0
1601,=Q01+K1.B1-A13:1,=Q01+K1.B1-A13,Q01,K1.B1,A13,,1,0,0,0,0,0,0
1602,=Q01+K1.B1-X9:21,=Q01+K1.B1-X9,Q01,K1.B1,X9,Terminal_Point,21,0,0,0,0,0,0
1603,=Q01+K1.G2-X1:2,=Q01+K1.G2-X1,Q01,K1.G2,X1,Terminal_Point,2,0,0,0,0,0,0
1605,=Q01+K1.B1-A13:4,=Q01+K1.B1-A13,Q01,K1.B1,A13,,4,0,0,0,0,0,0
1606,=Q01+K1.B1-X9:22,=Q01+K1.B1-X9,Q01,K1.B1,X9,Terminal_Point,22,0,0,0,0,0,0
1607,=Q01+K1.G2-X1:3,=Q01+K1.G2-X1,Q01,K1.G2,X1,Terminal_Point,3,0,0,0,0,0,0
1609,=Q01+K1.B1-A13:5,=Q01+K1.B1-A13,Q01,K1.B1,A13,,5,0,0,0,0,0,0
1610,=Q01+K1.B1-X9:23,=Q01+K1.B1-X9,Q01,K1.B1,X9,Terminal_Point,23,0,0,0,0,0,0
1611,=Q01+K1.G2-X1:4,=Q01+K1.G2-X1,Q01,K1.G2,X1,Terminal_Point,4,0,0,0,0,0,0
1613,=Q01+K1.B1-A13:8,=Q01+K1.B1-A13,Q01,K1.B1,A13,,8,0,0,0,0,0,0
1614,=Q01+K1.B1-X9:24,=Q01+K1.B1-X9,Q01,K1.B1,X9,Terminal_Point,24,0,0,0,0,0,0
1615,=Q01+K1.G2-X1:5,=Q01+K1.G2-X1,Q01,K1.G2,X1,Terminal_Point,5,0,0,0,0,0,0
1618,=Q01+K1.B1-X9:25,=Q01+K1.B1-X9,Q01,K1.B1,X9,Terminal_Point,25,0,0,0,0,0,0
1619,=Q01+K1.G2-X1:6,=Q01+K1.G2-X1,Q01,K1.G2,X1,Terminal_Point,6,0,0,0,0,0,0
1621,=Q01+K1.B1-X9:26,=Q01+K1.B1-X9,Q01,K1.B1,X9,Terminal_Point,26,0,0,0,0,0,0
1623,=Q01+K1.G2-X1:8,=Q01+K1.G2-X1,Q01,K1.G2,X1,Terminal_Point,8,0,0,0,0,0,0
1625,=Q01+K1.B1-X9:27,=Q01+K1.B1-X9,Q01,K1.B1,X9,Terminal_Point,27,0,0,0,0,0,0
1626,=Q01+K1.B1-X9:30,=Q01+K1.B1-X9,Q01,K1.B1,X9,Terminal_Point,30,0,0,0,0,0,0
1628,=Q01+K1.B1-G4:5,=Q01+K1.B1-G4,Q01,K1.B1,G4,,5,0,0,0,0,0,0
1629,=Q01+K1.G2-X1:9,=Q01+K1.G2-X1,Q01,K1.G2,X1,Terminal_Point,9,0,0,0,0,0,0
1631,=Q01+K1.B1-X9:28,=Q01+K1.B1-X9,Q01,K1.B1,X9,Terminal_Point,28,0,0,0,0,0,0
1632,=Q01+K1.B1-A12:1,=Q01+K1.B1-A12,Q01,K1.B1,A12,,1,0,0,0,0,0,0
1633,=Q01+K1.G2-X1:10,=Q01+K1.G2-X1,Q01,K1.G2,X1,Terminal_Point,10,0,0,0,0,0,0
1635,=Q01+K1.B1-X9:29,=Q01+K1.B1-X9,Q01,K1.B1,X9,Terminal_Point,29,0,0,0,0,0,0
1636,=Q01+K1.B1-A12:3,=Q01+K1.B1-A12,Q01,K1.B1,A12,,3,0,0,0,0,0,0
1638,=Q01+K1.B1-X9:32,=Q01+K1.B1-X9,Q01,K1.B1,X9,Terminal_Point,32,0,0,0,0,0,0
1639,=Q01+K1.G2-X1:11,=Q01+K1.G2-X1,Q01,K1.G2,X1,Terminal_Point,11,0,0,0,0,0,0
1641,=Q01+K1.G2-X1:12,=Q01+K1.G2-X1,Q01,K1.G2,X1,Terminal_Point,12,0,0,0,0,0,0
1643,=Q01+K1.B1-X9:31,=Q01+K1.B1-X9,Q01,K1.B1,X9,Terminal_Point,31,0,0,0,0,0,0
1644,=Q01+K1.B1-A12:5,=Q01+K1.B1-A12,Q01,K1.B1,A12,,5,0,0,0,0,0,0
1645,=Q01+K1.G2-X1:13,=Q01+K1.G2-X1,Q01,K1.G2,X1,Terminal_Point,13,0,0,0,0,0,0
1648,=Q01+K1.B1-G4:6,=Q01+K1.B1-G4,Q01,K1.B1,G4,,6,0,0,0,0,0,0
1650,=Q01+K1.B1-A12:7,=Q01+K1.B1-A12,Q01,K1.B1,A12,,7,0,0,0,0,0,0
1651,=Q01+K1.G2-X1:14,=Q01+K1.G2-X1,Q01,K1.G2,X1,Terminal_Point,14,0,0,0,0,0,0
1653,=Q01+K1.B1-G4:8,=Q01+K1.B1-G4,Q01,K1.B1,G4,,8,0,0,0,0,0,0
1655,=Q01+K1.B1-G4:7,=Q01+K1.B1-G4,Q01,K1.B1,G4,,7,0,0,0,0,0,0
1657,=Q01+K1.B1-A6:14,=Q01+K1.B1-A6,Q01,K1.B1,A6,,14,0,0,0,0,0,0
1658,=Q01+K1.B1-K5:12,=Q01+K1.B1-K5,Q01,K1.B1,K5,AX_NC_1,12,0,0,0,0,0,0
1659,=A02+K1.B1-X21-X21.5M:1,=A02+K1.B1-X21-X21.5M,A02,K1.B1,X21-X21.5M,Terminal_Point,1,0,0,0,1,0,0
1661,=Q01+K1.B1-K5:11,=Q01+K1.B1-K5,Q01,K1.B1,K5,AX_COM_1,11,0,0,0,0,0,0
1662,=A02+K1.B1-X21-X21.5F:1,=A02+K1.B1-X21-X21.5F,A02,K1.B1,X21-X21.5F,Terminal_Point,1,0,0,0,1,0,0
1663,=A02+K1.B1-X21-X21.5M:2,=A02+K1.B1-X21-X21.5M,A02,K1.B1,X21-X21.5M,Terminal_Point,2,0,0,0,1,0,0
1666,=Q01+K1.B1-K5:A2,=Q01+K1.B1-K5,Q01,K1.B1,K5,coil,A2,0,0,0,0,0,0
1667,=Q01+K1.B1-A6:4,=Q01+K1.B1-A6,Q01,K1.B1,A6,,4,0,0,0,0,0,0
1668,=Q01+K1.B1-K5:A1,=Q01+K1.B1-K5,Q01,K1.B1,K5,coil,A1,0,0,0,0,0,0
1670,=Q01+K1.B1-K4:A2,=Q01+K1.B1-K4,Q01,K1.B1,K4,coil,A2,0,0,0,0,0,0
1671,=A02+K1.B1-X21-X21.5M:3,=A02+K1.B1-X21-X21.5M,A02,K1.B1,X21-X21.5M,Terminal_Point,3,0,0,0,1,0,0
1673,=A02+K1.B1-X21-X21.5M:4,=A02+K1.B1-X21-X21.5M,A02,K1.B1,X21-X21.5M,Terminal_Point,4,0,0,0,1,0,0
1676,=A02+K1.B1-X21-X21.5F:4,=A02+K1.B1-X21-X21.5F,A02,K1.B1,X21-X21.5F,Terminal_Point,4,0,0,0,1,0,0
1677,=A02+K1.B1-X21-X21.5M:5,=A02+K1.B1-X21-X21.5M,A02,K1.B1,X21-X21.5M,Terminal_Point,5,0,0,0,1,0,0
1679,=Q01+K1.B1-K4:11,=Q01+K1.B1-K4,Q01,K1.B1,K4,AX_COM_1,11,0,0,0,0,0,0
1680,=A02+K1.B1-X21-X21.5F:5,=A02+K1.B1-X21-X21.5F,A02,K1.B1,X21-X21.5F,Terminal_Point,5,0,0,0,1,0,0
1682,=A02+K1.B1-K20:23,=A02+K1.B1-K20,A02,K1.B1,K20,AX_NO_2,23,0,0,0,0,0,0
1686,=Q01+K1.B1-X9:34,=Q01+K1.B1-X9,Q01,K1.B1,X9,Terminal_Point,34,0,0,0,0,0,0
1695,=Q01+K1.B1-K5:14,=Q01+K1.B1-K5,Q01,K1.B1,K5,AX_NO_1,14,0,0,0,0,0,0
1696,=A02+K1.B1-X21-X21.5F:2,=A02+K1.B1-X21-X21.5F,A02,K1.B1,X21-X21.5F,Terminal_Point,2,0,0,0,1,0,0
1698,=Q01+K1.B1-A6:15,=Q01+K1.B1-A6,Q01,K1.B1,A6,,15,0,0,0,0,0,0
1699,=Q01+K1.B1-K4:A1,=Q01+K1.B1-K4,Q01,K1.B1,K4,coil,A1,0,0,0,0,0,0
1700,=Q01+K1.B1-A6:5,=Q01+K1.B1-A6,Q01,K1.B1,A6,,5,0,0,0,0,0,0
1701,=Q01+K1.B1-R1:1,=Q01+K1.B1-R1,Q01,K1.B1,R1,,1,0,0,0,0,0,0
1703,=Q01+K1.B1-R1:2,=Q01+K1.B1-R1,Q01,K1.B1,R1,,2,0,0,0,0,0,0
1704,=A02+K1.B1-X21-X21.5F:3,=A02+K1.B1-X21-X21.5F,A02,K1.B1,X21-X21.5F,Terminal_Point,3,0,0,0,1,0,0
1705,=Q01+K1.B1-A6:9,=Q01+K1.B1-A6,Q01,K1.B1,A6,,9,0,0,0,0,0,0
1711,=A02+K1.B1-K20:24,=A02+K1.B1-K20,A02,K1.B1,K20,AX_NO_2,24,0,0,0,0,0,0
1712,=Q01+K1.B1-K4:14,=Q01+K1.B1-K4,Q01,K1.B1,K4,AX_NO_1,14,0,0,0,0,0,0
1715,=Q01+K1.B1-A6:10,=Q01+K1.B1-A6,Q01,K1.B1,A6,,10,0,0,0,0,0,0
1718,=A02+K1.B1-X21-X21.5M:6,=A02+K1.B1-X21-X21.5M,A02,K1.B1,X21-X21.5M,Terminal_Point,6,0,0,0,1,0,0
1719,=A02+K1.B1-X21-X21.5F:6,=A02+K1.B1-X21-X21.5F,A02,K1.B1,X21-X21.5F,Terminal_Point,6,0,0,0,1,0,0
1722,=A02+K1.B1-X21-X21.5M:7,=A02+K1.B1-X21-X21.5M,A02,K1.B1,X21-X21.5M,Terminal_Point,7,0,0,0,1,0,0
1723,=A02+K1.B1-X21-X21.5F:7,=A02+K1.B1-X21-X21.5F,A02,K1.B1,X21-X21.5F,Terminal_Point,7,0,0,0,1,0,0
1726,=A02+K1.B1-X21-X21.5M:8,=A02+K1.B1-X21-X21.5M,A02,K1.B1,X21-X21.5M,Terminal_Point,8,0,0,0,1,0,0
1727,=Q01+K1.B1-A6:2,=Q01+K1.B1-A6,Q01,K1.B1,A6,,2,0,0,0,0,0,0
1728,=A02+K1.B1-X21-X21.5F:8,=A02+K1.B1-X21-X21.5F,A02,K1.B1,X21-X21.5F,Terminal_Point,8,0,0,0,1,0,0
1730,=A02+K1.B1-X21-X21.5M:9,=A02+K1.B1-X21-X21.5M,A02,K1.B1,X21-X21.5M,Terminal_Point,9,0,0,0,1,0,0
1731,=Q01+K1.B1-A6:1,=Q01+K1.B1-A6,Q01,K1.B1,A6,,1,0,0,0,0,0,0
1732,=A02+K1.B1-X21-X21.5F:9,=A02+K1.B1-X21-X21.5F,A02,K1.B1,X21-X21.5F,Terminal_Point,9,0,0,0,1,0,0
1734,=A02+K1.B1-X21-X21.5M:10,=A02+K1.B1-X21-X21.5M,A02,K1.B1,X21-X21.5M,Terminal_Point,10,0,0,0,1,0,0
1735,=Q01+K1.B1-A6:3,=Q01+K1.B1-A6,Q01,K1.B1,A6,,3,0,0,0,0,0,0
1736,=A02+K1.B1-X21-X21.5F:10,=A02+K1.B1-X21-X21.5F,A02,K1.B1,X21-X21.5F,Terminal_Point,10,0,0,0,1,0,0
1742,=A02+K1.B1-X20-X20.1M:1,=A02+K1.B1-X20-X20.1M,A02,K1.B1,X20-X20.1M,Terminal_Point,1,0,0,0,1,0,0
1743,=A02+K1.B1-X20-X20.1F:1,=A02+K1.B1-X20-X20.1F,A02,K1.B1,X20-X20.1F,Terminal_Point,1,0,0,0,1,0,0
1744,=Q01+K1.B1-A4:13,=Q01+K1.B1-A4,Q01,K1.B1,A4,,13,0,0,0,0,0,0
1746,=A02+K1.B1-X20-X20.1M:2,=A02+K1.B1-X20-X20.1M,A02,K1.B1,X20-X20.1M,Terminal_Point,2,0,0,0,1,0,0
1747,=A02+K1.B1-X20-X20.1F:2,=A02+K1.B1-X20-X20.1F,A02,K1.B1,X20-X20.1F,Terminal_Point,2,0,0,0,1,0,0
1748,=Q01+K1.B1-A4:14,=Q01+K1.B1-A4,Q01,K1.B1,A4,,14,0,0,0,0,0,0
1749,=A02+K1.B1-X21-X21.4F:9,=A02+K1.B1-X21-X21.4F,A02,K1.B1,X21-X21.4F,Terminal_Point,9,0,0,0,1,0,0
1750,=Q01+K1.B1-W5(-P1):X3,=Q01+K1.B1-W5(-P1),Q01,K1.B1,W5(-P1),,X3,0,0,0,0,0,0
1752,=A02+K1.B1-X21-X21.4M:9,=A02+K1.B1-X21-X21.4M,A02,K1.B1,X21-X21.4M,Terminal_Point,9,0,0,0,1,0,0
1754,=A02+K1.B1-X21-X21.4M:10,=A02+K1.B1-X21-X21.4M,A02,K1.B1,X21-X21.4M,Terminal_Point,10,0,0,0,1,0,0
1755,=A02+K1.B1-X21-X21.4F:11,=A02+K1.B1-X21-X21.4F,A02,K1.B1,X21-X21.4F,Terminal_Point,11,0,0,0,1,0,0
1756,=Q01+K1.B1-W5(-P2):X3,=Q01+K1.B1-W5(-P2),Q01,K1.B1,W5(-P2),,X3,0,0,0,0,0,0
1758,=A02+K1.B1-X21-X21.4M:11,=A02+K1.B1-X21-X21.4M,A02,K1.B1,X21-X21.4M,Terminal_Point,11,0,0,0,1,0,0
1767,=Q01+K1.D2-X2:3,=Q01+K1.D2-X2,Q01,K1.D2,X2,Terminal_Point,3,0,0,0,0,0,0
1769,=Q01+K1.D2-X2:PE,=Q01+K1.D2-X2,Q01,K1.D2,X2,Terminal_Point,PE,0,0,0,0,0,0
1785,=A02+K1.B1-X21-X21.6M:1,=A02+K1.B1-X21-X21.6M,A02,K1.B1,X21-X21.6M,Terminal_Point,1,0,0,0,1,0,0
1787,=Q01+K1.B1-A7:9,=Q01+K1.B1-A7,Q01,K1.B1,A7,,9,0,0,0,0,0,0
1788,=A02+K1.B1-X21-X21.6F:1,=A02+K1.B1-X21-X21.6F,A02,K1.B1,X21-X21.6F,Terminal_Point,1,0,0,0,1,0,0
1789,=A02+K1.B1-X21-X21.6M:2,=A02+K1.B1-X21-X21.6M,A02,K1.B1,X21-X21.6M,Terminal_Point,2,0,0,0,1,0,0
1791,=A02+K1.B1-X21-X21.6F:2,=A02+K1.B1-X21-X21.6F,A02,K1.B1,X21-X21.6F,Terminal_Point,2,0,0,0,1,0,0
1793,=A02+K1.B1-X21-X21.6M:3,=A02+K1.B1-X21-X21.6M,A02,K1.B1,X21-X21.6M,Terminal_Point,3,0,0,0,1,0,0
1795,=Q01+K1.B1-A7:10,=Q01+K1.B1-A7,Q01,K1.B1,A7,,10,0,0,0,0,0,0
1796,=A02+K1.B1-X21-X21.6F:3,=A02+K1.B1-X21-X21.6F,A02,K1.B1,X21-X21.6F,Terminal_Point,3,0,0,0,1,0,0
1797,=A02+K1.B1-X21-X21.6M:4,=A02+K1.B1-X21-X21.6M,A02,K1.B1,X21-X21.6M,Terminal_Point,4,0,0,0,1,0,0
1799,=A02+K1.B1-X21-X21.6F:4,=A02+K1.B1-X21-X21.6F,A02,K1.B1,X21-X21.6F,Terminal_Point,4,0,0,0,1,0,0
1801,=A02+K1.B1-X21-X21.6M:5,=A02+K1.B1-X21-X21.6M,A02,K1.B1,X21-X21.6M,Terminal_Point,5,0,0,0,1,0,0
1803,=Q01+K1.B1-A7:11,=Q01+K1.B1-A7,Q01,K1.B1,A7,,11,0,0,0,0,0,0
1804,=A02+K1.B1-X21-X21.6F:5,=A02+K1.B1-X21-X21.6F,A02,K1.B1,X21-X21.6F,Terminal_Point,5,0,0,0,1,0,0
1805,=A02+K1.B1-X21-X21.6M:6,=A02+K1.B1-X21-X21.6M,A02,K1.B1,X21-X21.6M,Terminal_Point,6,0,0,0,1,0,0
1807,=A02+K1.B1-X21-X21.6F:6,=A02+K1.B1-X21-X21.6F,A02,K1.B1,X21-X21.6F,Terminal_Point,6,0,0,0,1,0,0
1809,=A02+K1.B1-X21-X21.6M:7,=A02+K1.B1-X21-X21.6M,A02,K1.B1,X21-X21.6M,Terminal_Point,7,0,0,0,1,0,0
1811,=Q01+K1.B1-A7:2,=Q01+K1.B1-A7,Q01,K1.B1,A7,,2,0,0,0,0,0,0
1812,=A02+K1.B1-X21-X21.6F:7,=A02+K1.B1-X21-X21.6F,A02,K1.B1,X21-X21.6F,Terminal_Point,7,0,0,0,1,0,0
1813,=A02+K1.B1-X21-X21.6M:8,=A02+K1.B1-X21-X21.6M,A02,K1.B1,X21-X21.6M,Terminal_Point,8,0,0,0,1,0,0
1815,=Q01+K1.B1-A7:3,=Q01+K1.B1-A7,Q01,K1.B1,A7,,3,0,0,0,0,0,0
1816,=A02+K1.B1-X21-X21.6F:8,=A02+K1.B1-X21-X21.6F,A02,K1.B1,X21-X21.6F,Terminal_Point,8,0,0,0,1,0,0
1817,=A02+K1.B1-X21-X21.6M:9,=A02+K1.B1-X21-X21.6M,A02,K1.B1,X21-X21.6M,Terminal_Point,9,0,0,0,1,0,0
1820,=A02+K1.B1-X21-X21.6F:9,=A02+K1.B1-X21-X21.6F,A02,K1.B1,X21-X21.6F,Terminal_Point,9,0,0,0,1,0,0
1823,=A02+K1.B1-X22-X22.1M:1,=A02+K1.B1-X22-X22.1M,A02,K1.B1,X22-X22.1M,Terminal_Point,1,0,0,0,1,0,0
1825,=Q01+K1.B1-A3:3,=Q01+K1.B1-A3,Q01,K1.B1,A3,,3,0,0,0,0,0,0
1826,=A02+K1.B1-X22-X22.1F:1,=A02+K1.B1-X22-X22.1F,A02,K1.B1,X22-X22.1F,Terminal_Point,1,0,0,0,1,0,0
1827,=A02+K1.B1-X22-X22.1M:2,=A02+K1.B1-X22-X22.1M,A02,K1.B1,X22-X22.1M,Terminal_Point,2,0,0,0,1,0,0
1829,=Q01+K1.B1-A3:4,=Q01+K1.B1-A3,Q01,K1.B1,A3,,4,0,0,0,0,0,0
1830,=A02+K1.B1-X22-X22.1F:2,=A02+K1.B1-X22-X22.1F,A02,K1.B1,X22-X22.1F,Terminal_Point,2,0,0,0,1,0,0
1831,=A02+K1.B1-X22-X22.1M:3,=A02+K1.B1-X22-X22.1M,A02,K1.B1,X22-X22.1M,Terminal_Point,3,0,0,0,1,0,0
1833,=Q01+K1.B1-A3:7,=Q01+K1.B1-A3,Q01,K1.B1,A3,,7,0,0,0,0,0,0
1834,=A02+K1.B1-X22-X22.1F:3,=A02+K1.B1-X22-X22.1F,A02,K1.B1,X22-X22.1F,Terminal_Point,3,0,0,0,1,0,0
1835,=A02+K1.B1-X22-X22.1M:4,=A02+K1.B1-X22-X22.1M,A02,K1.B1,X22-X22.1M,Terminal_Point,4,0,0,0,1,0,0
1837,=Q01+K1.B1-A3:8,=Q01+K1.B1-A3,Q01,K1.B1,A3,,8,0,0,0,0,0,0
1838,=A02+K1.B1-X22-X22.1F:4,=A02+K1.B1-X22-X22.1F,A02,K1.B1,X22-X22.1F,Terminal_Point,4,0,0,0,1,0,0
1839,=A02+K1.B1-X22-X22.1M:5,=A02+K1.B1-X22-X22.1M,A02,K1.B1,X22-X22.1M,Terminal_Point,5,0,0,0,1,0,0
1841,=Q01+K1.B1-A2:3,=Q01+K1.B1-A2,Q01,K1.B1,A2,,3,0,0,0,0,0,0
1842,=A02+K1.B1-X22-X22.1F:5,=A02+K1.B1-X22-X22.1F,A02,K1.B1,X22-X22.1F,Terminal_Point,5,0,0,0,1,0,0
1843,=A02+K1.B1-X22-X22.1M:6,=A02+K1.B1-X22-X22.1M,A02,K1.B1,X22-X22.1M,Terminal_Point,6,0,0,0,1,0,0
1845,=Q01+K1.B1-A2:4,=Q01+K1.B1-A2,Q01,K1.B1,A2,,4,0,0,0,0,0,0
1846,=A02+K1.B1-X22-X22.1F:6,=A02+K1.B1-X22-X22.1F,A02,K1.B1,X22-X22.1F,Terminal_Point,6,0,0,0,1,0,0
1847,=A02+K1.B1-X22-X22.1M:7,=A02+K1.B1-X22-X22.1M,A02,K1.B1,X22-X22.1M,Terminal_Point,7,0,0,0,1,0,0
1849,=Q01+K1.B1-A2:7,=Q01+K1.B1-A2,Q01,K1.B1,A2,,7,0,0,0,0,0,0
1850,=A02+K1.B1-X22-X22.1F:7,=A02+K1.B1-X22-X22.1F,A02,K1.B1,X22-X22.1F,Terminal_Point,7,0,0,0,1,0,0
1851,=A02+K1.B1-X22-X22.1M:8,=A02+K1.B1-X22-X22.1M,A02,K1.B1,X22-X22.1M,Terminal_Point,8,0,0,0,1,0,0
1853,=Q01+K1.B1-A2:8,=Q01+K1.B1-A2,Q01,K1.B1,A2,,8,0,0,0,0,0,0
1854,=A02+K1.B1-X22-X22.1F:8,=A02+K1.B1-X22-X22.1F,A02,K1.B1,X22-X22.1F,Terminal_Point,8,0,0,0,1,0,0
1861,=A02+K1.B1-X21-X21.6M:10,=A02+K1.B1-X21-X21.6M,A02,K1.B1,X21-X21.6M,Terminal_Point,10,0,0,0,1,0,0
1863,=Q01+K1.G1-N5:X3A.1,=Q01+K1.G1-N5,Q01,K1.G1,N5,,X3A.1,0,0,0,0,0,0
1864,=A02+K1.B1-X21-X21.6F:10,=A02+K1.B1-X21-X21.6F,A02,K1.B1,X21-X21.6F,Terminal_Point,10,0,0,0,1,0,0
1866,=Q01+K1.G1-N5:X0.+24V,=Q01+K1.G1-N5,Q01,K1.G1,N5,,X0.+24V,24,0,0,0,0,0
1867,=A02+K1.B1-X21-X21.6M:11,=A02+K1.B1-X21-X21.6M,A02,K1.B1,X21-X21.6M,Terminal_Point,11,0,0,0,1,0,0
1869,=Q01+K1.G1-N5:X3A.2,=Q01+K1.G1-N5,Q01,K1.G1,N5,,X3A.2,0,0,0,0,0,0
1870,=A02+K1.B1-X21-X21.6F:11,=A02+K1.B1-X21-X21.6F,A02,K1.B1,X21-X21.6F,Terminal_Point,11,0,0,0,1,0,0
1872,=Q01+K1.G1-N5:X0.GND,=Q01+K1.G1-N5,Q01,K1.G1,N5,,X0.GND,0,0,0,0,0,0
1873,=A02+K1.B1-X21-X21.6M:12,=A02+K1.B1-X21-X21.6M,A02,K1.B1,X21-X21.6M,Terminal_Point,12,0,0,0,1,0,0
1875,=Q01+K1.G1-N5:X3B.2,=Q01+K1.G1-N5,Q01,K1.G1,N5,,X3B.2,0,0,0,0,0,0
1876,=A02+K1.B1-X21-X21.6F:12,=A02+K1.B1-X21-X21.6F,A02,K1.B1,X21-X21.6F,Terminal_Point,12,0,0,0,1,0,0
1878,=Q01+K1.G1-N5:X0.PE,=Q01+K1.G1-N5,Q01,K1.G1,N5,,X0.PE,0,0,0,0,0,0
1879,=A02+K1.B1-X21-X21.6M:13,=A02+K1.B1-X21-X21.6M,A02,K1.B1,X21-X21.6M,Terminal_Point,13,0,0,0,1,0,0
1881,=Q01+K1.G1-N5:X3B.1,=Q01+K1.G1-N5,Q01,K1.G1,N5,,X3B.1,0,0,0,0,0,0
1882,=A02+K1.B1-X21-X21.6F:13,=A02+K1.B1-X21-X21.6F,A02,K1.B1,X21-X21.6F,Terminal_Point,13,0,0,0,1,0,0
1883,=Q01+K1.B1-A8:1,=Q01+K1.B1-A8,Q01,K1.B1,A8,,1,0,0,0,0,0,0
1884,=Q01+K1.G1-N5:X1.9,=Q01+K1.G1-N5,Q01,K1.G1,N5,,X1.9,0,0,0,0,0,0
1886,=Q01+K1.G1-N5:X1.CASE,=Q01+K1.G1-N5,Q01,K1.G1,N5,,X1.CASE,0,0,0,0,0,0
1887,=Q01+K1.B1-X9:37,=Q01+K1.B1-X9,Q01,K1.B1,X9,Terminal_Point,37,0,0,0,0,0,0
1888,=Q01+K1.G1-N5:X2.E+,=Q01+K1.G1-N5,Q01,K1.G1,N5,,X2.E+,0,0,0,0,0,0
1889,=Q01+K1.B1-A7:12,=Q01+K1.B1-A7,Q01,K1.B1,A7,,12,0,0,0,0,0,0
1892,=Q01+K1.B1-X9:38,=Q01+K1.B1-X9,Q01,K1.B1,X9,Terminal_Point,38,0,0,0,0,0,0
1893,=Q01+K1.B1-A7:5,=Q01+K1.B1-A7,Q01,K1.B1,A7,,5,0,0,0,0,0,0
1894,=Q01+K1.B1-X9:39,=Q01+K1.B1-X9,Q01,K1.B1,X9,Terminal_Point,39,0,0,0,0,0,0
1896,=Q01+K1.B1-X9:40,=Q01+K1.B1-X9,Q01,K1.B1,X9,Terminal_Point,40,0,0,0,0,0,0
1899,=Q01+K1.B1-A8:3,=Q01+K1.B1-A8,Q01,K1.B1,A8,,3,0,0,0,0,0,0
1900,=Q01+K1.G1-N5:X1.10,=Q01+K1.G1-N5,Q01,K1.G1,N5,,X1.10,0,0,0,0,0,0
1901,=Q01+K1.B1-A8:5,=Q01+K1.B1-A8,Q01,K1.B1,A8,,5,0,0,0,0,0,0
1902,=Q01+K1.G1-N5:X1.11,=Q01+K1.G1-N5,Q01,K1.G1,N5,,X1.11,0,0,0,0,0,0
1903,=Q01+K1.B1-A8:7,=Q01+K1.B1-A8,Q01,K1.B1,A8,,7,0,0,0,0,0,0
1904,=Q01+K1.G1-N5:X1.12,=Q01+K1.G1-N5,Q01,K1.G1,N5,,X1.12,0,0,0,0,0,0
1908,=Q01+K1.G1-N5:X2.E-,=Q01+K1.G1-N5,Q01,K1.G1,N5,,X2.E-,0,0,0,0,0,0
1910,=Q01+K1.G1-N5:X2.NO,=Q01+K1.G1-N5,Q01,K1.G1,N5,,X2.NO,0,0,0,0,0,0
1912,=Q01+K1.G1-N5:X2.COM,=Q01+K1.G1-N5,Q01,K1.G1,N5,,X2.COM,0,0,0,0,0,0
1913,=Q01+K1.B1-A9:14,=Q01+K1.B1-A9,Q01,K1.B1,A9,,14,0,0,0,0,0,0
1914,=Q01+K1.B1-K7:12,=Q01+K1.B1-K7,Q01,K1.B1,K7,AX_NC_1,12,0,0,0,0,0,0
1915,=A02+K1.B1-X22-X22.2M:1,=A02+K1.B1-X22-X22.2M,A02,K1.B1,X22-X22.2M,Terminal_Point,1,0,0,0,1,0,0
1917,=Q01+K1.B1-K7:11,=Q01+K1.B1-K7,Q01,K1.B1,K7,AX_COM_1,11,0,0,0,0,0,0
1918,=A02+K1.B1-X22-X22.2F:1,=A02+K1.B1-X22-X22.2F,A02,K1.B1,X22-X22.2F,Terminal_Point,1,0,0,0,1,0,0
1919,=A02+K1.B1-X22-X22.2M:2,=A02+K1.B1-X22-X22.2M,A02,K1.B1,X22-X22.2M,Terminal_Point,2,0,0,0,1,0,0
1921,=Q01+K1.B1-K7:A2,=Q01+K1.B1-K7,Q01,K1.B1,K7,coil,A2,0,0,0,0,0,0
1923,=Q01+K1.B1-A9:4,=Q01+K1.B1-A9,Q01,K1.B1,A9,,4,0,0,0,0,0,0
1924,=Q01+K1.B1-K7:A1,=Q01+K1.B1-K7,Q01,K1.B1,K7,coil,A1,0,0,0,0,0,0
1925,=Q01+K1.B1-K6:A2,=Q01+K1.B1-K6,Q01,K1.B1,K6,coil,A2,0,0,0,0,0,0
1927,=A02+K1.B1-X22-X22.2M:3,=A02+K1.B1-X22-X22.2M,A02,K1.B1,X22-X22.2M,Terminal_Point,3,0,0,0,1,0,0
1929,=A02+K1.B1-X22-X22.2M:4,=A02+K1.B1-X22-X22.2M,A02,K1.B1,X22-X22.2M,Terminal_Point,4,0,0,0,1,0,0
1932,=A02+K1.B1-X22-X22.2F:4,=A02+K1.B1-X22-X22.2F,A02,K1.B1,X22-X22.2F,Terminal_Point,4,0,0,0,1,0,0
1933,=A02+K1.B1-X22-X22.2M:5,=A02+K1.B1-X22-X22.2M,A02,K1.B1,X22-X22.2M,Terminal_Point,5,0,0,0,1,0,0
1935,=Q01+K1.B1-K6:11,=Q01+K1.B1-K6,Q01,K1.B1,K6,AX_COM_1,11,0,0,0,0,0,0
1936,=A02+K1.B1-X22-X22.2F:5,=A02+K1.B1-X22-X22.2F,A02,K1.B1,X22-X22.2F,Terminal_Point,5,0,0,0,1,0,0
1938,=A02+K1.B1-K20:63,=A02+K1.B1-K20,A02,K1.B1,K20,AX_NO_6,63,0,0,0,0,0,0
1942,=Q01+K1.B1-X9:42,=Q01+K1.B1-X9,Q01,K1.B1,X9,Terminal_Point,42,0,0,0,0,0,0
1951,=Q01+K1.B1-K7:14,=Q01+K1.B1-K7,Q01,K1.B1,K7,AX_NO_1,14,0,0,0,0,0,0
1952,=A02+K1.B1-X22-X22.2F:2,=A02+K1.B1-X22-X22.2F,A02,K1.B1,X22-X22.2F,Terminal_Point,2,0,0,0,1,0,0
1954,=Q01+K1.B1-A9:15,=Q01+K1.B1-A9,Q01,K1.B1,A9,,15,0,0,0,0,0,0
1955,=Q01+K1.B1-A9:5,=Q01+K1.B1-A9,Q01,K1.B1,A9,,5,0,0,0,0,0,0
1956,=Q01+K1.B1-K6:A1,=Q01+K1.B1-K6,Q01,K1.B1,K6,coil,A1,0,0,0,0,0,0
1958,=Q01+K1.B1-R11:2,=Q01+K1.B1-R11,Q01,K1.B1,R11,,2,0,0,0,0,0,0
1959,=Q01+K1.B1-R11:1,=Q01+K1.B1-R11,Q01,K1.B1,R11,,1,0,0,0,0,0,0
1960,=A02+K1.B1-X22-X22.2F:3,=A02+K1.B1-X22-X22.2F,A02,K1.B1,X22-X22.2F,Terminal_Point,3,0,0,0,1,0,0
1961,=Q01+K1.B1-A9:9,=Q01+K1.B1-A9,Q01,K1.B1,A9,,9,0,0,0,0,0,0
1967,=A02+K1.B1-K20:64,=A02+K1.B1-K20,A02,K1.B1,K20,AX_NO_6,64,0,0,0,0,0,0
1968,=Q01+K1.B1-K6:14,=Q01+K1.B1-K6,Q01,K1.B1,K6,AX_NO_1,14,0,0,0,0,0,0
1971,=Q01+K1.B1-A9:10,=Q01+K1.B1-A9,Q01,K1.B1,A9,,10,0,0,0,0,0,0
1973,=A02+K1.B1-X22-X22.2M:6,=A02+K1.B1-X22-X22.2M,A02,K1.B1,X22-X22.2M,Terminal_Point,6,0,0,0,1,0,0
1976,=A02+K1.B1-X22-X22.2F:6,=A02+K1.B1-X22-X22.2F,A02,K1.B1,X22-X22.2F,Terminal_Point,6,0,0,0,1,0,0
1977,=A02+K1.B1-X22-X22.2M:7,=A02+K1.B1-X22-X22.2M,A02,K1.B1,X22-X22.2M,Terminal_Point,7,0,0,0,1,0,0
1980,=A02+K1.B1-X22-X22.2F:7,=A02+K1.B1-X22-X22.2F,A02,K1.B1,X22-X22.2F,Terminal_Point,7,0,0,0,1,0,0
1981,=A02+K1.B1-X22-X22.2M:8,=A02+K1.B1-X22-X22.2M,A02,K1.B1,X22-X22.2M,Terminal_Point,8,0,0,0,1,0,0
1983,=Q01+K1.B1-A9:2,=Q01+K1.B1-A9,Q01,K1.B1,A9,,2,0,0,0,0,0,0
1984,=A02+K1.B1-X22-X22.2F:8,=A02+K1.B1-X22-X22.2F,A02,K1.B1,X22-X22.2F,Terminal_Point,8,0,0,0,1,0,0
1985,=A02+K1.B1-X22-X22.2M:9,=A02+K1.B1-X22-X22.2M,A02,K1.B1,X22-X22.2M,Terminal_Point,9,0,0,0,1,0,0
1987,=Q01+K1.B1-A9:1,=Q01+K1.B1-A9,Q01,K1.B1,A9,,1,0,0,0,0,0,0
1988,=A02+K1.B1-X22-X22.2F:9,=A02+K1.B1-X22-X22.2F,A02,K1.B1,X22-X22.2F,Terminal_Point,9,0,0,0,1,0,0
1989,=A02+K1.B1-X22-X22.2M:10,=A02+K1.B1-X22-X22.2M,A02,K1.B1,X22-X22.2M,Terminal_Point,10,0,0,0,1,0,0
1991,=Q01+K1.B1-A9:3,=Q01+K1.B1-A9,Q01,K1.B1,A9,,3,0,0,0,0,0,0
1992,=A02+K1.B1-X22-X22.2F:10,=A02+K1.B1-X22-X22.2F,A02,K1.B1,X22-X22.2F,Terminal_Point,10,0,0,0,1,0,0
1999,=A02+K1.B1-X20-X20.1M:3,=A02+K1.B1-X20-X20.1M,A02,K1.B1,X20-X20.1M,Terminal_Point,3,0,0,0,1,0,0
2001,=Q01+K1.B1-A7:13,=Q01+K1.B1-A7,Q01,K1.B1,A7,,13,0,0,0,0,0,0
2002,=A02+K1.B1-X20-X20.1F:3,=A02+K1.B1-X20-X20.1F,A02,K1.B1,X20-X20.1F,Terminal_Point,3,0,0,0,1,0,0
2003,=A02+K1.B1-X20-X20.1M:4,=A02+K1.B1-X20-X20.1M,A02,K1.B1,X20-X20.1M,Terminal_Point,4,0,0,0,1,0,0
2005,=Q01+K1.B1-A7:14,=Q01+K1.B1-A7,Q01,K1.B1,A7,,14,0,0,0,0,0,0
2006,=A02+K1.B1-X20-X20.1F:4,=A02+K1.B1-X20-X20.1F,A02,K1.B1,X20-X20.1F,Terminal_Point,4,0,0,0,1,0,0
2007,=A02+K1.B1-X22-X22.1F:9,=A02+K1.B1-X22-X22.1F,A02,K1.B1,X22-X22.1F,Terminal_Point,9,0,0,0,1,0,0
2010,=A02+K1.B1-X22-X22.1M:9,=A02+K1.B1-X22-X22.1M,A02,K1.B1,X22-X22.1M,Terminal_Point,9,0,0,0,1,0,0
2011,=A02+K1.B1-X22-X22.1F:10,=A02+K1.B1-X22-X22.1F,A02,K1.B1,X22-X22.1F,Terminal_Point,10,0,0,0,1,0,0
2012,=Q01+K1.B1-A7:6,=Q01+K1.B1-A7,Q01,K1.B1,A7,,6,0,0,0,0,0,0
2014,=A02+K1.B1-X22-X22.1M:10,=A02+K1.B1-X22-X22.1M,A02,K1.B1,X22-X22.1M,Terminal_Point,10,0,0,0,1,0,0
2015,=A02+K1.B1-X22-X22.1F:11,=A02+K1.B1-X22-X22.1F,A02,K1.B1,X22-X22.1F,Terminal_Point,11,0,0,0,1,0,0
2018,=A02+K1.B1-X22-X22.1M:11,=A02+K1.B1-X22-X22.1M,A02,K1.B1,X22-X22.1M,Terminal_Point,11,0,0,0,1,0,0
2019,=Q01+K1.B1-V1:2.1,=Q01+K1.B1-V1,Q01,K1.B1,V1,,2.1,0,0,0,0,0,0
2022,=Q01+K1.B1-W5(-P2):X1,=Q01+K1.B1-W5(-P2),Q01,K1.B1,W5(-P2),,X1,0,0,0,0,0,0
2023,=Q15+K1.B1-X20:1,=Q15+K1.B1-X20,Q15,K1.B1,X20,Terminal_Point,1,0,0,0,0,0,0
2024,=Q15+K1.G1-G1:X2.L,=Q15+K1.G1-G1,Q15,K1.G1,G1,,X2.L,0,0,0,0,0,0
2025,=Q15+K1.H2-F11:2,=Q15+K1.H2-F11,Q15,K1.H2,F11,,2,0,0,0,0,0,0
2028,=Q15+K1.H2-F11:1,=Q15+K1.H2-F11,Q15,K1.H2,F11,,1,0,0,0,0,0,0
2029,=Q15+K1.B1-X20:2,=Q15+K1.B1-X20,Q15,K1.B1,X20,Terminal_Point,2,0,0,0,0,0,0
2030,=Q15+K1.G1-G1:X2.N,=Q15+K1.G1-G1,Q15,K1.G1,G1,,X2.N,0,0,0,0,0,0
2033,=Q15+K1.B1-X20:PE,=Q15+K1.B1-X20,Q15,K1.B1,X20,Terminal_Point,PE,0,0,0,0,0,0
2034,=Q15+K1.G1-G1:X2.PE,=Q15+K1.G1-G1,Q15,K1.G1,G1,,X2.PE,0,0,0,0,0,0
2036,=Q15+K1.G1-G1:PE,=Q15+K1.G1-G1,Q15,K1.G1,G1,,PE,0,0,0,0,0,0
2037,=Q15+K1.H2-F11:11,=Q15+K1.H2-F11,Q15,K1.H2,F11,,11,0,0,0,0,0,0
2038,=Q15+K1.B1-A2:1,=Q15+K1.B1-A2,Q15,K1.B1,A2,,1,0,0,0,0,0,0
2040,=Q15+K1.B1-A2:2,=Q15+K1.B1-A2,Q15,K1.B1,A2,,2,0,0,0,0,0,0
2041,=Q15+K1.B1-A21:X1,=Q15+K1.B1-A21,Q15,K1.B1,A21,,X1,0,0,0,0,0,0
2042,=Q15+K1.G1-G1:4,=Q15+K1.G1-G1,Q15,K1.G1,G1,,4,0,0,0,0,0,0
2043,=Q15+K1.B1-R1:1,=Q15+K1.B1-R1,Q15,K1.B1,R1,,1,0,0,0,0,0,0
2044,=Q15+K1.B1-A21:X2,=Q15+K1.B1-A21,Q15,K1.B1,A21,,X2,0,0,0,0,0,0
2045,=Q15+K1.B1-K1:11,=Q15+K1.B1-K1,Q15,K1.B1,K1,AX_COM_1,11,0,0,0,0,0,0
2046,=Q15+K1.B1-R1:2,=Q15+K1.B1-R1,Q15,K1.B1,R1,,2,0,0,0,0,0,0
2047,=Q15+K1.B1-W5(-P1):P1,=Q15+K1.B1-W5(-P1),Q15,K1.B1,W5(-P1),,P1,0,0,0,0,0,0
2048,=Q15+K1.B1-K1:14,=Q15+K1.B1-K1,Q15,K1.B1,K1,AX_NO_1,14,0,0,0,0,0,0
2049,=Q15+K1.B1-K1:A1,=Q15+K1.B1-K1,Q15,K1.B1,K1,coil,A1,0,0,0,0,0,0
2050,=Q15+K1.B1-A1:1,=Q15+K1.B1-A1,Q15,K1.B1,A1,,1,0,0,0,0,0,0
2052,=Q15+K1.G1-G1:17,=Q15+K1.G1-G1,Q15,K1.G1,G1,,17,0,0,0,0,0,0
2054,=Q15+K1.G1-G1:5,=Q15+K1.G1-G1,Q15,K1.G1,G1,,5,0,0,0,0,0,0
2056,=Q15+K1.G1-G1:18,=Q15+K1.G1-G1,Q15,K1.G1,G1,,18,0,0,0,0,0,0
2058,=Q15+K1.G1-G1:2,=Q15+K1.G1-G1,Q15,K1.G1,G1,,2,0,0,0,0,0,0
2060,=Q15+K1.G1-G1:15,=Q15+K1.G1-G1,Q15,K1.G1,G1,,15,0,0,0,0,0,0
2062,=Q15+K1.G1-G1:3,=Q15+K1.G1-G1,Q15,K1.G1,G1,,3,0,0,0,0,0,0
2066,=Q15+K1.G1-G1:10,=Q15+K1.G1-G1,Q15,K1.G1,G1,,10,0,0,0,0,0,0
2070,=Q15+K1.G1-G1:23,=Q15+K1.G1-G1,Q15,K1.G1,G1,,23,0,0,0,0,0,0
2072,=Q15+K1.G1-G1:CASE,=Q15+K1.G1-G1,Q15,K1.G1,G1,,CASE,0,0,0,0,0,0
2076,=Q15+K1.B1-K1:A2,=Q15+K1.B1-K1,Q15,K1.B1,K1,coil,A2,0,0,0,0,0,0
2077,=Q15+K1.B1-W5(-P2):P2,=Q15+K1.B1-W5(-P2),Q15,K1.B1,W5(-P2),,P2,0,0,0,0,0,0
2079,=Q15+K1.B1-A3:1,=Q15+K1.B1-A3,Q15,K1.B1,A3,,1,0,0,0,0,0,0
2081,=Q15+K1.B1-A3:2,=Q15+K1.B1-A3,Q15,K1.B1,A3,,2,0,0,0,0,0,0
2083,=Q15+K1.B1-A4:1,=Q15+K1.B1-A4,Q15,K1.B1,A4,,1,0,0,0,0,0,0
2085,=Q15+K1.B1-A4:2,=Q15+K1.B1-A4,Q15,K1.B1,A4,,2,0,0,0,0,0,0
2087,=Q15+K1.B1-A4:5,=Q15+K1.B1-A4,Q15,K1.B1,A4,,5,0,0,0,0,0,0
2090,=Q15+K1.G1-G1:16,=Q15+K1.G1-G1,Q15,K1.G1,G1,,16,0,0,0,0,0,0
2092,=Q15+K1.B1-A4:6,=Q15+K1.B1-A4,Q15,K1.B1,A4,,6,0,0,0,0,0,0
2093,=Q15+K1.B1-X20:3,=Q15+K1.B1-X20,Q15,K1.B1,X20,Terminal_Point,3,0,0,0,0,0,0
2094,=Q15+K1.G1-G2:X2.L,=Q15+K1.G1-G2,Q15,K1.G1,G2,,X2.L,0,0,0,0,0,0
2095,=Q15+K1.H2-F12:2,=Q15+K1.H2-F12,Q15,K1.H2,F12,,2,0,0,0,0,0,0
2098,=Q15+K1.H2-F12:1,=Q15+K1.H2-F12,Q15,K1.H2,F12,,1,0,0,0,0,0,0
2099,=Q15+K1.B1-X20:4,=Q15+K1.B1-X20,Q15,K1.B1,X20,Terminal_Point,4,0,0,0,0,0,0
2100,=Q15+K1.G1-G2:X2.N,=Q15+K1.G1-G2,Q15,K1.G1,G2,,X2.N,0,0,0,0,0,0
2104,=Q15+K1.G1-G2:X2.PE,=Q15+K1.G1-G2,Q15,K1.G1,G2,,X2.PE,0,0,0,0,0,0
2106,=Q15+K1.G1-G2:PE,=Q15+K1.G1-G2,Q15,K1.G1,G2,,PE,0,0,0,0,0,0
2107,=Q15+K1.H2-F12:14,=Q15+K1.H2-F12,Q15,K1.H2,F12,,14,0,0,0,0,0,0
2108,=Q15+K1.B1-A2:3,=Q15+K1.B1-A2,Q15,K1.B1,A2,,3,0,0,0,0,0,0
2110,=Q15+K1.B1-A2:4,=Q15+K1.B1-A2,Q15,K1.B1,A2,,4,0,0,0,0,0,0
2112,=Q15+K1.B1-A2:12,=Q15+K1.B1-A2,Q15,K1.B1,A2,,12,0,0,0,0,0,0
2114,=Q15+K1.B1-K22:A2,=Q15+K1.B1-K22,Q15,K1.B1,K22,coil,A2,0,0,0,0,0,0
2115,=Q15+K1.B1-K22:A1,=Q15+K1.B1-K22,Q15,K1.B1,K22,coil,A1,0,0,0,0,0,0
2116,=Q15+K1.B1-A1:2,=Q15+K1.B1-A1,Q15,K1.B1,A1,,2,0,0,0,0,0,0
2118,=Q15+K1.B1-K22:12,=Q15+K1.B1-K22,Q15,K1.B1,K22,AX_NC_1,12,0,0,0,0,0,0
2119,=Q15+K1.B1-A22:X1,=Q15+K1.B1-A22,Q15,K1.B1,A22,,X1,0,0,0,0,0,0
2120,=Q15+K1.G1-G2:REMOTE I/O,=Q15+K1.G1-G2,Q15,K1.G1,G2,,REMOTE I/O,0,0,0,0,0,0
2121,=Q15+K1.B1-K22:11,=Q15+K1.B1-K22,Q15,K1.B1,K22,AX_COM_1,11,0,0,0,0,0,0
2122,=Q15+K1.B1-A22:X2,=Q15+K1.B1-A22,Q15,K1.B1,A22,,X2,0,0,0,0,0,0
2124,=Q15+K1.B1-K2:A2,=Q15+K1.B1-K2,Q15,K1.B1,K2,coil,A2,0,0,0,0,0,0
2125,=Q15+K1.B1-K2:A1,=Q15+K1.B1-K2,Q15,K1.B1,K2,coil,A1,0,0,0,0,0,0
2126,=Q15+K1.B1-A1:3,=Q15+K1.B1-A1,Q15,K1.B1,A1,,3,0,0,0,0,0,0
2130,=Q15+K1.B1-K2:11,=Q15+K1.B1-K2,Q15,K1.B1,K2,AX_COM_1,11,0,0,0,0,0,0
2131,=Q15+K1.B1-K2:14,=Q15+K1.B1-K2,Q15,K1.B1,K2,AX_NO_1,14,0,0,0,0,0,0
2156,=Q15+K1.G1-G2:CASE,=Q15+K1.G1-G2,Q15,K1.G1,G2,,CASE,0,0,0,0,0,0
2159,=Q15+K1.B1-A3:3,=Q15+K1.B1-A3,Q15,K1.B1,A3,,3,0,0,0,0,0,0
2161,=Q15+K1.B1-A3:4,=Q15+K1.B1-A3,Q15,K1.B1,A3,,4,0,0,0,0,0,0
2163,=Q15+K1.B1-A4:3,=Q15+K1.B1-A4,Q15,K1.B1,A4,,3,0,0,0,0,0,0
2165,=Q15+K1.B1-A4:4,=Q15+K1.B1-A4,Q15,K1.B1,A4,,4,0,0,0,0,0,0
2167,=Q15+K1.B1-A3:7,=Q15+K1.B1-A3,Q15,K1.B1,A3,,7,0,0,0,0,0,0
2170,=Q15+K1.B1-A3:8,=Q15+K1.B1-A3,Q15,K1.B1,A3,,8,0,0,0,0,0,0
2172,=Q15+K1.B1-A4:7,=Q15+K1.B1-A4,Q15,K1.B1,A4,,7,0,0,0,0,0,0
2174,=Q15+K1.B1-A4:8,=Q15+K1.B1-A4,Q15,K1.B1,A4,,8,0,0,0,0,0,0
2175,=Q15+K1.B1-X20:5,=Q15+K1.B1-X20,Q15,K1.B1,X20,Terminal_Point,5,0,0,0,0,0,0
2176,=Q15+K1.G1-G3:X2.L,=Q15+K1.G1-G3,Q15,K1.G1,G3,,X2.L,0,0,0,0,0,0
2177,=Q15+K1.H2-F13:2,=Q15+K1.H2-F13,Q15,K1.H2,F13,,2,0,0,0,0,0,0
2180,=Q15+K1.H2-F13:1,=Q15+K1.H2-F13,Q15,K1.H2,F13,,1,0,0,0,0,0,0
2181,=Q15+K1.B1-X20:6,=Q15+K1.B1-X20,Q15,K1.B1,X20,Terminal_Point,6,0,0,0,0,0,0
2182,=Q15+K1.G1-G3:X2.N,=Q15+K1.G1-G3,Q15,K1.G1,G3,,X2.N,0,0,0,0,0,0
2186,=Q15+K1.G1-G3:X2.PE,=Q15+K1.G1-G3,Q15,K1.G1,G3,,X2.PE,0,0,0,0,0,0
2188,=Q15+K1.G1-G3:PE,=Q15+K1.G1-G3,Q15,K1.G1,G3,,PE,0,0,0,0,0,0
2189,=Q15+K1.H2-F13:14,=Q15+K1.H2-F13,Q15,K1.H2,F13,,14,0,0,0,0,0,0
2190,=Q15+K1.B1-A2:5,=Q15+K1.B1-A2,Q15,K1.B1,A2,,5,0,0,0,0,0,0
2192,=Q15+K1.B1-A2:6,=Q15+K1.B1-A2,Q15,K1.B1,A2,,6,0,0,0,0,0,0
2194,=Q15+K1.B1-A2:13,=Q15+K1.B1-A2,Q15,K1.B1,A2,,13,0,0,0,0,0,0
2196,=Q15+K1.B1-K23:A2,=Q15+K1.B1-K23,Q15,K1.B1,K23,coil,A2,0,0,0,0,0,0
2197,=Q15+K1.B1-K23:A1,=Q15+K1.B1-K23,Q15,K1.B1,K23,coil,A1,0,0,0,0,0,0
2198,=Q15+K1.B1-A1:4,=Q15+K1.B1-A1,Q15,K1.B1,A1,,4,0,0,0,0,0,0
2200,=Q15+K1.B1-K23:12,=Q15+K1.B1-K23,Q15,K1.B1,K23,AX_NC_1,12,0,0,0,0,0,0
2201,=Q15+K1.B1-A23:X1,=Q15+K1.B1-A23,Q15,K1.B1,A23,,X1,0,0,0,0,0,0
2202,=Q15+K1.G1-G3:8,=Q15+K1.G1-G3,Q15,K1.G1,G3,,8,0,0,0,0,0,0
2203,=Q15+K1.B1-A23:X2,=Q15+K1.B1-A23,Q15,K1.B1,A23,,X2,0,0,0,0,0,0
2204,=Q15+K1.B1-K23:11,=Q15+K1.B1-K23,Q15,K1.B1,K23,AX_COM_1,11,0,0,0,0,0,0
2206,=Q15+K1.G1-G3:14,=Q15+K1.G1-G3,Q15,K1.G1,G3,,14,0,0,0,0,0,0
2207,=Q15+K1.B1-K3:11,=Q15+K1.B1-K3,Q15,K1.B1,K3,AX_COM_1,11,0,0,0,0,0,0
2209,=Q15+K1.B1-K3:14,=Q15+K1.B1-K3,Q15,K1.B1,K3,AX_NO_1,14,0,0,0,0,0,0
2212,=Q15+K1.B1-K3:A2,=Q15+K1.B1-K3,Q15,K1.B1,K3,coil,A2,0,0,0,0,0,0
2213,=Q15+K1.B1-K3:A1,=Q15+K1.B1-K3,Q15,K1.B1,K3,coil,A1,0,0,0,0,0,0
2214,=Q15+K1.B1-A1:5,=Q15+K1.B1-A1,Q15,K1.B1,A1,,5,0,0,0,0,0,0
2216,=Q15+K1.G1-G3:13,=Q15+K1.G1-G3,Q15,K1.G1,G3,,13,0,0,0,0,0,0
2220,=Q15+K1.G1-G3:6,=Q15+K1.G1-G3,Q15,K1.G1,G3,,6,0,0,0,0,0,0
2222,=Q15+K1.G1-G3:7,=Q15+K1.G1-G3,Q15,K1.G1,G3,,7,0,0,0,0,0,0
2224,=Q15+K1.G1-G3:18,=Q15+K1.G1-G3,Q15,K1.G1,G3,,18,0,0,0,0,0,0
2226,=Q15+K1.G1-G3:19,=Q15+K1.G1-G3,Q15,K1.G1,G3,,19,0,0,0,0,0,0
2228,=Q15+K1.G1-G3:5,=Q15+K1.G1-G3,Q15,K1.G1,G3,,5,0,0,0,0,0,0
2230,=Q15+K1.G1-G3:4,=Q15+K1.G1-G3,Q15,K1.G1,G3,,4,0,0,0,0,0,0
2232,=Q15+K1.G1-G3:17,=Q15+K1.G1-G3,Q15,K1.G1,G3,,17,0,0,0,0,0,0
2234,=Q15+K1.G1-G3:16,=Q15+K1.G1-G3,Q15,K1.G1,G3,,16,0,0,0,0,0,0
2236,=Q15+K1.G1-G3:11,=Q15+K1.G1-G3,Q15,K1.G1,G3,,11,0,0,0,0,0,0
2240,=Q15+K1.G1-G3:CASE,=Q15+K1.G1-G3,Q15,K1.G1,G3,,CASE,0,0,0,0,0,0
2241,=Q15+K1.B1-A5:1,=Q15+K1.B1-A5,Q15,K1.B1,A5,,1,0,0,0,0,0,0
2243,=Q15+K1.B1-A5:2,=Q15+K1.B1-A5,Q15,K1.B1,A5,,2,0,0,0,0,0,0
2245,=Q15+K1.B1-A6:1,=Q15+K1.B1-A6,Q15,K1.B1,A6,,1,0,0,0,0,0,0
2247,=Q15+K1.B1-A6:2,=Q15+K1.B1-A6,Q15,K1.B1,A6,,2,0,0,0,0,0,0
2249,=Q15+K1.B1-A5:5,=Q15+K1.B1-A5,Q15,K1.B1,A5,,5,0,0,0,0,0,0
2252,=Q15+K1.B1-A5:6,=Q15+K1.B1-A5,Q15,K1.B1,A5,,6,0,0,0,0,0,0
2253,=Q15+K1.B1-A6:5,=Q15+K1.B1-A6,Q15,K1.B1,A6,,5,0,0,0,0,0,0
2256,=Q15+K1.B1-A6:6,=Q15+K1.B1-A6,Q15,K1.B1,A6,,6,0,0,0,0,0,0
2257,=Q15+K1.B1-X20:7,=Q15+K1.B1-X20,Q15,K1.B1,X20,Terminal_Point,7,0,0,0,0,0,0
2258,=Q15+K1.G1-G4:X2.L,=Q15+K1.G1-G4,Q15,K1.G1,G4,,X2.L,0,0,0,0,0,0
2259,=Q15+K1.H2-F14:2,=Q15+K1.H2-F14,Q15,K1.H2,F14,,2,0,0,0,0,0,0
2262,=Q15+K1.H2-F14:1,=Q15+K1.H2-F14,Q15,K1.H2,F14,,1,0,0,0,0,0,0
2263,=Q15+K1.B1-X20:8,=Q15+K1.B1-X20,Q15,K1.B1,X20,Terminal_Point,8,0,0,0,0,0,0
2264,=Q15+K1.G1-G4:X2.N,=Q15+K1.G1-G4,Q15,K1.G1,G4,,X2.N,0,0,0,0,0,0
2268,=Q15+K1.G1-G4:X2.PE,=Q15+K1.G1-G4,Q15,K1.G1,G4,,X2.PE,0,0,0,0,0,0
2270,=Q15+K1.G1-G4:PE,=Q15+K1.G1-G4,Q15,K1.G1,G4,,PE,0,0,0,0,0,0
2271,=A02+K1.B1-X23-X23.6M:8,=A02+K1.B1-X23-X23.6M,A02,K1.B1,X23-X23.6M,Terminal_Point,8,0,0,0,1,0,0
2273,=Q15+K1.B1-V2:2.1,=Q15+K1.B1-V2,Q15,K1.B1,V2,,2.1,0,0,0,0,0,0
2274,=A02+K1.B1-X23-X23.6F:8,=A02+K1.B1-X23-X23.6F,A02,K1.B1,X23-X23.6F,Terminal_Point,8,0,0,0,1,0,0
2276,=Q15+K1.B1-V2:1.1,=Q15+K1.B1-V2,Q15,K1.B1,V2,,1.1,0,0,0,0,0,0
2277,=A02+K1.B1-X23-X23.6M:9,=A02+K1.B1-X23-X23.6M,A02,K1.B1,X23-X23.6M,Terminal_Point,9,0,0,0,1,0,0
2279,=A02+K1.B1-X23-X23.6F:9,=A02+K1.B1-X23-X23.6F,A02,K1.B1,X23-X23.6F,Terminal_Point,9,0,0,0,1,0,0
2280,=Q15+K1.B1-V2:3.2,=Q15+K1.B1-V2,Q15,K1.B1,V2,,3.2,0,0,0,0,0,0
2282,=Q15+K1.B1-V2:3.1,=Q15+K1.B1-V2,Q15,K1.B1,V2,,3.1,0,0,0,0,0,0
2283,=A02+K1.B1-X23-X23.6M:10,=A02+K1.B1-X23-X23.6M,A02,K1.B1,X23-X23.6M,Terminal_Point,10,0,0,0,1,0,0
2285,=Q15+K1.B1-A2:7,=Q15+K1.B1-A2,Q15,K1.B1,A2,,7,0,0,0,0,0,0
2286,=Q15+K1.H2-F14:11,=Q15+K1.H2-F14,Q15,K1.H2,F14,,11,0,0,0,0,0,0
2288,=Q15+K1.B1-A2:14,=Q15+K1.B1-A2,Q15,K1.B1,A2,,14,0,0,0,0,0,0
2289,=Q15+K1.B1-A24:X1,=Q15+K1.B1-A24,Q15,K1.B1,A24,,X1,0,0,0,0,0,0
2290,=Q15+K1.G1-G4:4,=Q15+K1.G1-G4,Q15,K1.G1,G4,,4,0,0,0,0,0,0
2291,=Q15+K1.B1-A24:X2,=Q15+K1.B1-A24,Q15,K1.B1,A24,,X2,0,0,0,0,0,0
2292,=Q15+K1.B1-R4:1,=Q15+K1.B1-R4,Q15,K1.B1,R4,,1,0,0,0,0,0,0
2293,=Q15+K1.B1-K4:11,=Q15+K1.B1-K4,Q15,K1.B1,K4,AX_COM_1,11,0,0,0,0,0,0
2294,=Q15+K1.B1-R4:2,=Q15+K1.B1-R4,Q15,K1.B1,R4,,2,0,0,0,0,0,0
2296,=Q15+K1.B1-K4:14,=Q15+K1.B1-K4,Q15,K1.B1,K4,AX_NO_1,14,0,0,0,0,0,0
2297,=Q15+K1.B1-K4:A1,=Q15+K1.B1-K4,Q15,K1.B1,K4,coil,A1,0,0,0,0,0,0
2298,=Q15+K1.B1-A1:6,=Q15+K1.B1-A1,Q15,K1.B1,A1,,6,0,0,0,0,0,0
2300,=Q15+K1.G1-G4:17,=Q15+K1.G1-G4,Q15,K1.G1,G4,,17,0,0,0,0,0,0
2302,=Q15+K1.G1-G4:5,=Q15+K1.G1-G4,Q15,K1.G1,G4,,5,0,0,0,0,0,0
2304,=Q15+K1.G1-G4:18,=Q15+K1.G1-G4,Q15,K1.G1,G4,,18,0,0,0,0,0,0
2306,=Q15+K1.G1-G4:2,=Q15+K1.G1-G4,Q15,K1.G1,G4,,2,0,0,0,0,0,0
2308,=Q15+K1.G1-G4:15,=Q15+K1.G1-G4,Q15,K1.G1,G4,,15,0,0,0,0,0,0
2310,=Q15+K1.G1-G4:16,=Q15+K1.G1-G4,Q15,K1.G1,G4,,16,0,0,0,0,0,0
2312,=Q15+K1.G1-G4:10,=Q15+K1.G1-G4,Q15,K1.G1,G4,,10,0,0,0,0,0,0
2316,=Q15+K1.G1-G4:23,=Q15+K1.G1-G4,Q15,K1.G1,G4,,23,0,0,0,0,0,0
2317,=Q15+K1.G1-G4:CASE,=Q15+K1.G1-G4,Q15,K1.G1,G4,,CASE,0,0,0,0,0,0
2320,=Q15+K1.B1-K4:A2,=Q15+K1.B1-K4,Q15,K1.B1,K4,coil,A2,0,0,0,0,0,0
2323,=Q15+K1.B1-A5:3,=Q15+K1.B1-A5,Q15,K1.B1,A5,,3,0,0,0,0,0,0
2325,=Q15+K1.B1-A5:4,=Q15+K1.B1-A5,Q15,K1.B1,A5,,4,0,0,0,0,0,0
2327,=Q15+K1.B1-A6:3,=Q15+K1.B1-A6,Q15,K1.B1,A6,,3,0,0,0,0,0,0
2329,=Q15+K1.B1-A6:4,=Q15+K1.B1-A6,Q15,K1.B1,A6,,4,0,0,0,0,0,0
2332,=Q15+K1.G1-G4:3,=Q15+K1.G1-G4,Q15,K1.G1,G4,,3,0,0,0,0,0,0
2333,=Q15+K1.B1-A6:7,=Q15+K1.B1-A6,Q15,K1.B1,A6,,7,0,0,0,0,0,0
2335,=Q15+K1.B1-A6:8,=Q15+K1.B1-A6,Q15,K1.B1,A6,,8,0,0,0,0,0,0
2339,=Q15+K1.B1-X20:9,=Q15+K1.B1-X20,Q15,K1.B1,X20,Terminal_Point,9,0,0,0,0,0,0
2340,=Q15+K1.G1-G5:L,=Q15+K1.G1-G5,Q15,K1.G1,G5,,L,0,0,0,0,0,0
2341,=Q15+K1.H2-F15:2,=Q15+K1.H2-F15,Q15,K1.H2,F15,,2,0,0,0,0,0,0
2344,=Q15+K1.H2-F15:1,=Q15+K1.H2-F15,Q15,K1.H2,F15,,1,0,0,0,0,0,0
2345,=Q15+K1.B1-X20:10,=Q15+K1.B1-X20,Q15,K1.B1,X20,Terminal_Point,10,0,0,0,0,0,0
2346,=Q15+K1.G1-G5:N,=Q15+K1.G1-G5,Q15,K1.G1,G5,,N,0,0,0,0,0,0
2347,=A02+K1.H2-X5:8,=A02+K1.H2-X5,A02,K1.H2,X5,Terminal_Point,8,0,0,0,0,0,0
2350,=Q15+K1.G1-G5:PE,=Q15+K1.G1-G5,Q15,K1.G1,G5,,PE,0,0,0,0,0,0
2353,=Q15+K1.G1-G5:INTL.1,=Q15+K1.G1-G5,Q15,K1.G1,G5,,INTL.1,0,0,0,0,0,0
2354,=Q15+K1.G1-G5:INTL.2,=Q15+K1.G1-G5,Q15,K1.G1,G5,,INTL.2,0,0,0,0,0,0
2355,=Q15+K1.H2-F15:11,=Q15+K1.H2-F15,Q15,K1.H2,F15,,11,0,0,0,0,0,0
2356,=Q15+K1.B1-A2:15,=Q15+K1.B1-A2,Q15,K1.B1,A2,,15,0,0,0,0,0,0
2357,=Q15+K1.B1-A25:X1,=Q15+K1.B1-A25,Q15,K1.B1,A25,,X1,0,0,0,0,0,0
2358,=Q15+K1.G1-G5:ANALOG.1,=Q15+K1.G1-G5,Q15,K1.G1,G5,,ANALOG.1,0,0,0,0,0,0
2359,=Q15+K1.B1-U1:.10,=Q15+K1.B1-U1,Q15,K1.B1,U1,,.10,0,0,0,0,0,0
2360,=Q15+K1.B1-A25:X2,=Q15+K1.B1-A25,Q15,K1.B1,A25,,X2,0,0,0,0,0,0
2361,=Q15+K1.B1-A1:16,=Q15+K1.B1-A1,Q15,K1.B1,A1,,16,0,0,0,0,0,0
2362,=Q15+K1.B1-U1:.1,=Q15+K1.B1-U1,Q15,K1.B1,U1,,.1,0,0,0,0,0,0
2364,=Q15+K1.G1-G5:ANALOG.2,=Q15+K1.G1-G5,Q15,K1.G1,G5,,ANALOG.2,0,0,0,0,0,0
2365,=Q15+K1.B1-U1:.11,=Q15+K1.B1-U1,Q15,K1.B1,U1,,.11,0,0,0,0,0,0
2367,=Q15+K1.B1-A1:15,=Q15+K1.B1-A1,Q15,K1.B1,A1,,15,0,0,0,0,0,0
2368,=Q15+K1.B1-U1:.2,=Q15+K1.B1-U1,Q15,K1.B1,U1,,.2,0,0,0,0,0,0
2370,=Q15+K1.G1-G5:ANALOG.3,=Q15+K1.G1-G5,Q15,K1.G1,G5,,ANALOG.3,0,0,0,0,0,0
2371,=Q15+K1.B1-U1:.12,=Q15+K1.B1-U1,Q15,K1.B1,U1,,.12,0,0,0,0,0,0
2376,=Q15+K1.B1-U1:.3,=Q15+K1.B1-U1,Q15,K1.B1,U1,,.3,0,0,0,0,0,0
2378,=Q15+K1.B1-U1:.6,=Q15+K1.B1-U1,Q15,K1.B1,U1,,.6,0,0,0,0,0,0
2380,=Q15+K1.B1-U1:.9,=Q15+K1.B1-U1,Q15,K1.B1,U1,,.9,0,0,0,0,0,0
2382,=Q15+K1.G1-G5:ANALOG.5,=Q15+K1.G1-G5,Q15,K1.G1,G5,,ANALOG.5,0,0,0,0,0,0
2383,=Q15+K1.G1-G5:ANALOG.18,=Q15+K1.G1-G5,Q15,K1.G1,G5,,ANALOG.18,0,0,0,0,0,0
2385,=Q15+K1.B1-U2:.1,=Q15+K1.B1-U2,Q15,K1.B1,U2,,.1,0,0,0,0,0,0
2387,=Q15+K1.B1-A2:16,=Q15+K1.B1-A2,Q15,K1.B1,A2,,16,0,0,0,0,0,0
2388,=Q15+K1.B1-U2:.10,=Q15+K1.B1-U2,Q15,K1.B1,U2,,.10,0,0,0,0,0,0
2390,=Q15+K1.G1-G5:ANALOG.6,=Q15+K1.G1-G5,Q15,K1.G1,G5,,ANALOG.6,0,0,0,0,0,0
2391,=Q15+K1.B1-U2:.3,=Q15+K1.B1-U2,Q15,K1.B1,U2,,.3,0,0,0,0,0,0
2396,=Q15+K1.B1-U2:.12,=Q15+K1.B1-U2,Q15,K1.B1,U2,,.12,0,0,0,0,0,0
2398,=Q15+K1.B1-U2:.6,=Q15+K1.B1-U2,Q15,K1.B1,U2,,.6,0,0,0,0,0,0
2400,=Q15+K1.B1-U2:.9,=Q15+K1.B1-U2,Q15,K1.B1,U2,,.9,0,0,0,0,0,0
2401,=Q15+K1.G1-G5:ANALOG.13,=Q15+K1.G1-G5,Q15,K1.G1,G5,,ANALOG.13,0,0,0,0,0,0
2403,=Q15+K1.G1-G5:ANALOG.15,=Q15+K1.G1-G5,Q15,K1.G1,G5,,ANALOG.15,0,0,0,0,0,0
2406,=Q15+K1.G1-G5:ANA.7,=Q15+K1.G1-G5,Q15,K1.G1,G5,,ANA.7,0,0,0,0,0,0
2407,=Q15+K1.G1-G5:ANA.11,=Q15+K1.G1-G5,Q15,K1.G1,G5,,ANA.11,0,0,0,0,0,0
2409,=Q15+K1.G1-G5:ANA.19,=Q15+K1.G1-G5,Q15,K1.G1,G5,,ANA.19,0,0,0,0,0,0
2411,=Q15+K1.G1-G5:ANA.21,=Q15+K1.G1-G5,Q15,K1.G1,G5,,ANA.21,0,0,0,0,0,0
2413,=Q15+K1.G1-G5:ANA.14,=Q15+K1.G1-G5,Q15,K1.G1,G5,,ANA.14,0,0,0,0,0,0
2415,=Q15+K1.G1-G5:ANA.16,=Q15+K1.G1-G5,Q15,K1.G1,G5,,ANA.16,0,0,0,0,0,0
2417,=Q15+K1.G1-G5:ANA.23,=Q15+K1.G1-G5,Q15,K1.G1,G5,,ANA.23,0,0,0,0,0,0
2419,=Q15+K1.G1-G5:ANA.24,=Q15+K1.G1-G5,Q15,K1.G1,G5,,ANA.24,0,0,0,0,0,0
2421,=Q15+K1.B1-A8:1,=Q15+K1.B1-A8,Q15,K1.B1,A8,,1,0,0,0,0,0,0
2423,=Q15+K1.B1-A8,=Q15+K1.B1-A8,Q15,K1.B1,A8,,,0,0,0,0,0,0
2425,=Q15+K1.B1-A8:5,=Q15+K1.B1-A8,Q15,K1.B1,A8,,5,0,0,0,0,0,0
2429,=Q15+K1.B1-A7:1,=Q15+K1.B1-A7,Q15,K1.B1,A7,,1,0,0,0,0,0,0
2431,=Q15+K1.B1-A7,=Q15+K1.B1-A7,Q15,K1.B1,A7,,,0,0,0,0,0,0
2433,=Q15+K1.B1-A7:5,=Q15+K1.B1-A7,Q15,K1.B1,A7,,5,0,0,0,0,0,0
2438,=Q15+K1.G1-G5:ANA.8,=Q15+K1.G1-G5,Q15,K1.G1,G5,,ANA.8,0,0,0,0,0,0
2439,=Q15+K1.B1-A8:3,=Q15+K1.B1-A8,Q15,K1.B1,A8,,3,0,0,0,0,0,0
2441,=Q15+K1.G1-G5:ANA.12,=Q15+K1.G1-G5,Q15,K1.G1,G5,,ANA.12,0,0,0,0,0,0
2445,=Q15+K1.G1-G5:ANA.20,=Q15+K1.G1-G5,Q15,K1.G1,G5,,ANA.20,0,0,0,0,0,0
2447,=Q15+K1.G1-G5:ANA.4,=Q15+K1.G1-G5,Q15,K1.G1,G5,,ANA.4,0,0,0,0,0,0
2451,=Q15+K1.G1-G5:ANA.9,=Q15+K1.G1-G5,Q15,K1.G1,G5,,ANA.9,0,0,0,0,0,0
2453,=Q15+K1.B1-A7:3,=Q15+K1.B1-A7,Q15,K1.B1,A7,,3,0,0,0,0,0,0
2455,=Q15+K1.G1-G5:ANA.17,=Q15+K1.G1-G5,Q15,K1.G1,G5,,ANA.17,0,0,0,0,0,0
2459,=Q15+K1.G1-G5:ANA.22,=Q15+K1.G1-G5,Q15,K1.G1,G5,,ANA.22,0,0,0,0,0,0
2461,=Q15+K1.G1-G5:ANA.10,=Q15+K1.G1-G5,Q15,K1.G1,G5,,ANA.10,0,0,0,0,0,0
2466,=Q15+K1.G1-G5:ANA.CASE,=Q15+K1.G1-G5,Q15,K1.G1,G5,,ANA.CASE,0,0,0,0,0,0
2467,=Q15+K1.B1-A8:7,=Q15+K1.B1-A8,Q15,K1.B1,A8,,7,0,0,0,0,0,0
2471,=Q15+K1.B1-A7:7,=Q15+K1.B1-A7,Q15,K1.B1,A7,,7,0,0,0,0,0,0
2478,=Q15+K1.G1-G4,=Q15+K1.G1-G4,Q15,K1.G1,G4,,,0,0,0,0,0,0
2486,=Q15+K1.G1-G5,=Q15+K1.G1-G5,Q15,K1.G1,G5,,,0,0,0,0,0,0
2493,=Q15+K1.B1-A1:11,=Q15+K1.B1-A1,Q15,K1.B1,A1,,11,0,0,0,0,0,0
2494,=Q15+K1.B1-X21:1,=Q15+K1.B1-X21,Q15,K1.B1,X21,Terminal_Point,1,0,0,0,0,0,0
2496,=Q15+K1.B1-X21:2,=Q15+K1.B1-X21,Q15,K1.B1,X21,Terminal_Point,2,0,0,0,0,0,0
2498,=Q15+K1.G1-G1,=Q15+K1.G1-G1,Q15,K1.G1,G1,,,0,0,0,0,0,0
2502,=Q15+K1.G1-G3:2,=Q15+K1.G1-G3,Q15,K1.G1,G3,,2,0,0,0,0,0,0
2506,=Q15+K1.B1-X21:PE,=Q15+K1.B1-X21,Q15,K1.B1,X21,Terminal_Point,PE,0,0,0,0,0,0
2508,=Q15+K1.B1-X21:3,=Q15+K1.B1-X21,Q15,K1.B1,X21,Terminal_Point,3,0,0,0,0,0,0
2509,=Q15+K1.B1-X21:4,=Q15+K1.B1-X21,Q15,K1.B1,X21,Terminal_Point,4,0,0,0,0,0,0
2510,=Q15+K1.G1-G2:2,=Q15+K1.G1-G2,Q15,K1.G1,G2,,2,0,0,0,0,0,0
2513,=Q15+K1.G1-G3:1,=Q15+K1.G1-G3,Q15,K1.G1,G3,,1,0,0,0,0,0,0
2516,=Q15+K1.G1-G2:1,=Q15+K1.G1-G2,Q15,K1.G1,G2,,1,0,0,0,0,0,0
2562,=A02+K1.B1-X20-X20.1M:5,=A02+K1.B1-X20-X20.1M,A02,K1.B1,X20-X20.1M,Terminal_Point,5,0,0,0,1,0,0
2563,=Q15+K1.B1-A1:12,=Q15+K1.B1-A1,Q15,K1.B1,A1,,12,0,0,0,0,0,0
2564,=A02+K1.B1-X20-X20.1F:5,=A02+K1.B1-X20-X20.1F,A02,K1.B1,X20-X20.1F,Terminal_Point,5,0,0,0,1,0,0
2566,=A02+K1.B1-X20-X20.1M:6,=A02+K1.B1-X20-X20.1M,A02,K1.B1,X20-X20.1M,Terminal_Point,6,0,0,0,1,0,0
2567,=Q15+K1.B1-A1:13,=Q15+K1.B1-A1,Q15,K1.B1,A1,,13,0,0,0,0,0,0
2568,=A02+K1.B1-X20-X20.1F:6,=A02+K1.B1-X20-X20.1F,A02,K1.B1,X20-X20.1F,Terminal_Point,6,0,0,0,1,0,0
2569,=A02+K1.B1-X23-X23.6F:12,=A02+K1.B1-X23-X23.6F,A02,K1.B1,X23-X23.6F,Terminal_Point,12,0,0,0,1,0,0
2572,=A02+K1.B1-X23-X23.6M:12,=A02+K1.B1-X23-X23.6M,A02,K1.B1,X23-X23.6M,Terminal_Point,12,0,0,0,1,0,0
2573,=A02+K1.B1-X23-X23.6M:11,=A02+K1.B1-X23-X23.6M,A02,K1.B1,X23-X23.6M,Terminal_Point,11,0,0,0,1,0,0
2575,=Q15+K1.B1-A1:14,=Q15+K1.B1-A1,Q15,K1.B1,A1,,14,0,0,0,0,0,0
2576,=A02+K1.B1-X23-X23.6F:11,=A02+K1.B1-X23-X23.6F,A02,K1.B1,X23-X23.6F,Terminal_Point,11,0,0,0,1,0,0
2577,=A02+K1.B1-X23-X23.6M:13,=A02+K1.B1-X23-X23.6M,A02,K1.B1,X23-X23.6M,Terminal_Point,13,0,0,0,1,0,0
2579,=Q15+K1.B1-V1:2.1,=Q15+K1.B1-V1,Q15,K1.B1,V1,,2.1,0,0,0,0,0,0
2580,=Q15+K1.B1-W5(-P1):X1,=Q15+K1.B1-W5(-P1),Q15,K1.B1,W5(-P1),,X1,0,0,0,0,0,0
2582,=Q15+K1.B1-W5(-P2):X1,=Q15+K1.B1-W5(-P2),Q15,K1.B1,W5(-P2),,X1,0,0,0,0,0,0
2583,=S02+K1.H2-Q1:2,=S02+K1.H2-Q1,S02,K1.H2,Q1,AC_NO_1,2,0,0,0,0,0,0
2584,=S02+K1.H1-V1.1:1,=S02+K1.H1-V1.1,S02,K1.H1,V1.1,,1,0,0,0,0,0,0
2585,=S02+K1.H2-Q1:1,=S02+K1.H2-Q1,S02,K1.H2,Q1,AC_NO_1,1,0,0,0,0,0,0
2586,=A02+K1.H2-W4:4L1,=A02+K1.H2-W4,A02,K1.H2,W4,,4L1,0,0,0,0,0,0
2587,=S02+K1.H2-Q1:4,=S02+K1.H2-Q1,S02,K1.H2,Q1,AC_NO_2,4,0,0,0,0,0,0
2588,=S02+K1.H1-V1.2:1,=S02+K1.H1-V1.2,S02,K1.H1,V1.2,,1,0,0,0,0,0,0
2589,=S02+K1.H2-Q1:3,=S02+K1.H2-Q1,S02,K1.H2,Q1,AC_NO_2,3,0,0,0,0,0,0
2590,=A02+K1.H2-W4:4L2,=A02+K1.H2-W4,A02,K1.H2,W4,,4L2,0,0,0,0,0,0
2591,=S02+K1.H2-Q1:6,=S02+K1.H2-Q1,S02,K1.H2,Q1,AC_NO_3,6,0,0,0,0,0,0
2592,=S02+K1.H1-V1.3:1,=S02+K1.H1-V1.3,S02,K1.H1,V1.3,,1,0,0,0,0,0,0
2593,=A02+K1.H2-W4:4L3,=A02+K1.H2-W4,A02,K1.H2,W4,,4L3,0,0,0,0,0,0
2594,=S02+K1.H2-Q1:5,=S02+K1.H2-Q1,S02,K1.H2,Q1,AC_NO_3,5,0,0,0,0,0,0
2595,=S02+K1.H2-Q2:2,=S02+K1.H2-Q2,S02,K1.H2,Q2,AC_NO_1,2,0,0,0,0,0,0
2596,=S02+K1.H1-V2.1:1,=S02+K1.H1-V2.1,S02,K1.H1,V2.1,,1,0,0,0,0,0,0
2597,=S02+K1.H2-Q2:1,=S02+K1.H2-Q2,S02,K1.H2,Q2,AC_NO_1,1,0,0,0,0,0,0
2599,=S02+K1.H2-Q2:4,=S02+K1.H2-Q2,S02,K1.H2,Q2,AC_NO_2,4,0,0,0,0,0,0
2600,=S02+K1.H1-V2.2:1,=S02+K1.H1-V2.2,S02,K1.H1,V2.2,,1,0,0,0,0,0,0
2601,=S02+K1.H2-Q2:3,=S02+K1.H2-Q2,S02,K1.H2,Q2,AC_NO_2,3,0,0,0,0,0,0
2603,=S02+K1.H2-Q2:6,=S02+K1.H2-Q2,S02,K1.H2,Q2,AC_NO_3,6,0,0,0,0,0,0
2604,=S02+K1.H1-V2.3:1,=S02+K1.H1-V2.3,S02,K1.H1,V2.3,,1,0,0,0,0,0,0
2606,=S02+K1.H2-Q2:5,=S02+K1.H2-Q2,S02,K1.H2,Q2,AC_NO_3,5,0,0,0,0,0,0
2607,=S02+K1.H2-Q1:14,=S02+K1.H2-Q1,S02,K1.H2,Q1,AC_NO_2,14,0,0,0,0,0,0
2608,=S02+K1.B1-A1:1,=S02+K1.B1-A1,S02,K1.B1,A1,,1,0,0,0,0,0,0
2609,=S02+K1.B1-W5(-P1):P1,=S02+K1.B1-W5(-P1),S02,K1.B1,W5(-P1),,P1,0,0,0,0,0,0
2610,=S02+K1.H2-Q1:13,=S02+K1.H2-Q1,S02,K1.H2,Q1,AC_NO_1,13,0,0,0,0,0,0
2611,=S02+K1.H2-Q2:14,=S02+K1.H2-Q2,S02,K1.H2,Q2,AC_NO_2,14,0,0,0,0,0,0
2612,=S02+K1.B1-A1:5,=S02+K1.B1-A1,S02,K1.B1,A1,,5,0,0,0,0,0,0
2614,=S02+K1.H2-Q2:13,=S02+K1.H2-Q2,S02,K1.H2,Q2,AC_NO_1,13,0,0,0,0,0,0
2615,=A02+K1.H2-X6:13,=A02+K1.H2-X6,A02,K1.H2,X6,Terminal_Point,13,0,0,0,0,0,0
2616,=S02+K1.H1-V1.1:PE,=S02+K1.H1-V1.1,S02,K1.H1,V1.1,,PE,0,0,0,0,0,0
2617,=S02+K1.H1-V1.1:A2,=S02+K1.H1-V1.1,S02,K1.H1,V1.1,,A2,0,0,0,0,0,0
2618,=S02+K1.B1-W5(-P2):P2,=S02+K1.B1-W5(-P2),S02,K1.B1,W5(-P2),,P2,0,0,0,0,0,0
2619,=S02+K1.H1-V1.1:A1,=S02+K1.H1-V1.1,S02,K1.H1,V1.1,,A1,0,0,0,0,0,0
2620,=S02+K1.B1-A1:10,=S02+K1.B1-A1,S02,K1.B1,A1,,10,0,0,0,0,0,0
2621,=A02+K1.H2-X6:14,=A02+K1.H2-X6,A02,K1.H2,X6,Terminal_Point,14,0,0,0,0,0,0
2622,=S02+K1.H1-V1.2:PE,=S02+K1.H1-V1.2,S02,K1.H1,V1.2,,PE,0,0,0,0,0,0
2623,=S02+K1.H1-V1.2:A2,=S02+K1.H1-V1.2,S02,K1.H1,V1.2,,A2,0,0,0,0,0,0
2625,=S02+K1.H1-V1.2:A1,=S02+K1.H1-V1.2,S02,K1.H1,V1.2,,A1,0,0,0,0,0,0
2626,=S02+K1.B1-A1:11,=S02+K1.B1-A1,S02,K1.B1,A1,,11,0,0,0,0,0,0
2628,=S02+K1.H1-V1.3:PE,=S02+K1.H1-V1.3,S02,K1.H1,V1.3,,PE,0,0,0,0,0,0
2629,=S02+K1.H1-V1.3:2,=S02+K1.H1-V1.3,S02,K1.H1,V1.3,,2,0,0,0,0,0,0
2630,=S02+K1.H1-F1.3:1,=S02+K1.H1-F1.3,S02,K1.H1,F1.3,,1,0,0,0,0,0,0
2631,=S02+K1.H1-V1.3:A2,=S02+K1.H1-V1.3,S02,K1.H1,V1.3,,A2,0,0,0,0,0,0
2633,=S02+K1.H1-V1.3:A1,=S02+K1.H1-V1.3,S02,K1.H1,V1.3,,A1,0,0,0,0,0,0
2634,=S02+K1.B1-A1:12,=S02+K1.B1-A1,S02,K1.B1,A1,,12,0,0,0,0,0,0
2636,=S02+K1.H1-V2.1:A1,=S02+K1.H1-V2.1,S02,K1.H1,V2.1,,A1,0,0,0,0,0,0
2638,=S02+K1.H1-V2.2:A1,=S02+K1.H1-V2.2,S02,K1.H1,V2.2,,A1,0,0,0,0,0,0
2643,=S02+K1.D2-X11:1,=S02+K1.D2-X11,S02,K1.D2,X11,Terminal_Point,1,0,0,0,0,0,0
2647,=S02+K1.H1-F1.1:2,=S02+K1.H1-F1.1,S02,K1.H1,F1.1,,2,0,0,0,0,0,0
2649,=S02+K1.H1-F1.1:1,=S02+K1.H1-F1.1,S02,K1.H1,F1.1,,1,0,0,0,0,0,0
2650,=S02+K1.H1-V1.1:2,=S02+K1.H1-V1.1,S02,K1.H1,V1.1,,2,0,0,0,0,0,0
2655,=S02+K1.D2-X11:2,=S02+K1.D2-X11,S02,K1.D2,X11,Terminal_Point,2,0,0,0,0,0,0
2660,=S02+K1.H1-F1.2:2,=S02+K1.H1-F1.2,S02,K1.H1,F1.2,,2,0,0,0,0,0,0
2661,=S02+K1.H1-F1.1:4,=S02+K1.H1-F1.1,S02,K1.H1,F1.1,,4,0,0,0,0,0,0
2662,=S02+K1.D2-X12:1,=S02+K1.D2-X12,S02,K1.D2,X12,Terminal_Point,1,0,0,0,0,0,0
2663,=S02+K1.H1-F1.1:5,=S02+K1.H1-F1.1,S02,K1.H1,F1.1,,5,0,0,0,0,0,0
2664,=S02+K1.H1-F1.1:3,=S02+K1.H1-F1.1,S02,K1.H1,F1.1,,3,0,0,0,0,0,0
2667,=S02+K1.H1-F1.1:6,=S02+K1.H1-F1.1,S02,K1.H1,F1.1,,6,0,0,0,0,0,0
2668,=S02+K1.D2-X13:1,=S02+K1.D2-X13,S02,K1.D2,X13,Terminal_Point,1,0,0,0,0,0,0
2669,=S02+K1.D2-X11:PE,=S02+K1.D2-X11,S02,K1.D2,X11,Terminal_Point,PE,0,0,0,0,0,0
2673,=S02+K1.D2-X11:3,=S02+K1.D2-X11,S02,K1.D2,X11,Terminal_Point,3,0,0,0,0,0,0
2677,=A02+K1.H2-X5:11,=A02+K1.H2-X5,A02,K1.H2,X5,Terminal_Point,11,0,0,0,0,0,0
2680,=S02+K1.D2-X11:4,=S02+K1.D2-X11,S02,K1.D2,X11,Terminal_Point,4,0,0,0,0,0,0
2682,=S02+K1.D2-X21:4,=S02+K1.D2-X21,S02,K1.D2,X21,Terminal_Point,4,0,0,0,0,0,0
2689,=S02+K1.D2-X21:3,=S02+K1.D2-X21,S02,K1.D2,X21,Terminal_Point,3,0,0,0,0,0,0
2694,=S02+K1.H1-F1.3:2,=S02+K1.H1-F1.3,S02,K1.H1,F1.3,,2,0,0,0,0,0,0
2711,=S02+K1.D2-X12:2,=S02+K1.D2-X12,S02,K1.D2,X12,Terminal_Point,2,0,0,0,0,0,0
2716,=S02+K1.H1-F1.2:4,=S02+K1.H1-F1.2,S02,K1.H1,F1.2,,4,0,0,0,0,0,0
2719,=S02+K1.D2-X12:3,=S02+K1.D2-X12,S02,K1.D2,X12,Terminal_Point,3,0,0,0,0,0,0
2724,=S02+K1.H1-F1.3:4,=S02+K1.H1-F1.3,S02,K1.H1,F1.3,,4,0,0,0,0,0,0
2725,=S02+K1.D2-X12:PE,=S02+K1.D2-X12,S02,K1.D2,X12,Terminal_Point,PE,0,0,0,0,0,0
2729,=S02+K1.H1-F1.2:1,=S02+K1.H1-F1.2,S02,K1.H1,F1.2,,1,0,0,0,0,0,0
2730,=S02+K1.H1-V1.2:2,=S02+K1.H1-V1.2,S02,K1.H1,V1.2,,2,0,0,0,0,0,0
2731,=S02+K1.H1-F1.2:5,=S02+K1.H1-F1.2,S02,K1.H1,F1.2,,5,0,0,0,0,0,0
2732,=S02+K1.H1-F1.2:3,=S02+K1.H1-F1.2,S02,K1.H1,F1.2,,3,0,0,0,0,0,0
2735,=S02+K1.D2-X12:4,=S02+K1.D2-X12,S02,K1.D2,X12,Terminal_Point,4,0,0,0,0,0,0
2740,=S02+K1.D2-X12:5,=S02+K1.D2-X12,S02,K1.D2,X12,Terminal_Point,5,0,0,0,0,0,0
2742,=S02+K1.D2-X12:6,=S02+K1.D2-X12,S02,K1.D2,X12,Terminal_Point,6,0,0,0,0,0,0
2743,=A02+K1.H2-X5:12,=A02+K1.H2-X5,A02,K1.H2,X5,Terminal_Point,12,0,0,0,0,0,0
2745,=S02+K1.H1-F1.2:6,=S02+K1.H1-F1.2,S02,K1.H1,F1.2,,6,0,0,0,0,0,0
2746,=S02+K1.D2-X13:2,=S02+K1.D2-X13,S02,K1.D2,X13,Terminal_Point,2,0,0,0,0,0,0
2773,=S02+K1.D2-X13:3,=S02+K1.D2-X13,S02,K1.D2,X13,Terminal_Point,3,0,0,0,0,0,0
2778,=S02+K1.H1-F1.3:6,=S02+K1.H1-F1.3,S02,K1.H1,F1.3,,6,0,0,0,0,0,0
2779,=S02+K1.D2-X13:PE,=S02+K1.D2-X13,S02,K1.D2,X13,Terminal_Point,PE,0,0,0,0,0,0
2783,=S02+K1.D2-X13:4,=S02+K1.D2-X13,S02,K1.D2,X13,Terminal_Point,4,0,0,0,0,0,0
2788,=S02+K1.D2-X13:5,=S02+K1.D2-X13,S02,K1.D2,X13,Terminal_Point,5,0,0,0,0,0,0
2790,=S02+K1.D2-X13:6,=S02+K1.D2-X13,S02,K1.D2,X13,Terminal_Point,6,0,0,0,0,0,0
2791,=A02+K1.H2-X5:13,=A02+K1.H2-X5,A02,K1.H2,X5,Terminal_Point,13,0,0,0,0,0,0
2793,=S02+K1.H1-F1.3:5,=S02+K1.H1-F1.3,S02,K1.H1,F1.3,,5,0,0,0,0,0,0
2794,=S02+K1.H1-F1.3:3,=S02+K1.H1-F1.3,S02,K1.H1,F1.3,,3,0,0,0,0,0,0
2805,=S02+K1.H1-F1.1:m4,=S02+K1.H1-F1.1,S02,K1.H1,F1.1,,m4,0,0,0,0,0,0
2806,=S02+K1.B1-A1:2,=S02+K1.B1-A1,S02,K1.B1,A1,,2,0,0,0,0,0,0
2808,=S02+K1.H1-F1.1:m3,=S02+K1.H1-F1.1,S02,K1.H1,F1.1,,m3,0,0,0,0,0,0
2809,=S02+K1.H1-F1.2:14,=S02+K1.H1-F1.2,S02,K1.H1,F1.2,,14,0,0,0,0,0,0
2810,=S02+K1.B1-A1:3,=S02+K1.B1-A1,S02,K1.B1,A1,,3,0,0,0,0,0,0
2812,=S02+K1.H1-F1.2:13,=S02+K1.H1-F1.2,S02,K1.H1,F1.2,,13,0,0,0,0,0,0
2813,=S02+K1.H1-F1.3:14,=S02+K1.H1-F1.3,S02,K1.H1,F1.3,,14,0,0,0,0,0,0
2814,=S02+K1.B1-A1:4,=S02+K1.B1-A1,S02,K1.B1,A1,,4,0,0,0,0,0,0
2816,=S02+K1.H1-F2.1:14,=S02+K1.H1-F2.1,S02,K1.H1,F2.1,,14,0,0,0,0,0,0
2818,=S02+K1.H1-F2.2:14,=S02+K1.H1-F2.2,S02,K1.H1,F2.2,,14,0,0,0,0,0,0
2820,=S02+K1.H1-F1.3:13,=S02+K1.H1-F1.3,S02,K1.H1,F1.3,,13,0,0,0,0,0,0
2822,=S02+K1.H1-F2.1:13,=S02+K1.H1-F2.1,S02,K1.H1,F2.1,,13,0,0,0,0,0,0
2824,=S02+K1.H1-F2.2:13,=S02+K1.H1-F2.2,S02,K1.H1,F2.2,,13,0,0,0,0,0,0
2825,=A02+K1.H2-X6:16,=A02+K1.H2-X6,A02,K1.H2,X6,Terminal_Point,16,0,0,0,0,0,0
2826,=S02+K1.H1-V2.1:PE,=S02+K1.H1-V2.1,S02,K1.H1,V2.1,,PE,0,0,0,0,0,0
2827,=S02+K1.H1-V2.1:A2,=S02+K1.H1-V2.1,S02,K1.H1,V2.1,,A2,0,0,0,0,0,0
2830,=S02+K1.H1-V2.2:PE,=S02+K1.H1-V2.2,S02,K1.H1,V2.2,,PE,0,0,0,0,0,0
2831,=S02+K1.H1-V2.2:A2,=S02+K1.H1-V2.2,S02,K1.H1,V2.2,,A2,0,0,0,0,0,0
2837,=S02+K1.D2-X21:1,=S02+K1.D2-X21,S02,K1.D2,X21,Terminal_Point,1,0,0,0,0,0,0
2841,=S02+K1.H1-F2.1:2,=S02+K1.H1-F2.1,S02,K1.H1,F2.1,,2,0,0,0,0,0,0
2843,=S02+K1.H1-F2.1:1,=S02+K1.H1-F2.1,S02,K1.H1,F2.1,,1,0,0,0,0,0,0
2844,=S02+K1.H1-V2.1:2,=S02+K1.H1-V2.1,S02,K1.H1,V2.1,,2,0,0,0,0,0,0
2849,=S02+K1.D2-X21:2,=S02+K1.D2-X21,S02,K1.D2,X21,Terminal_Point,2,0,0,0,0,0,0
2854,=S02+K1.H1-F2.2:2,=S02+K1.H1-F2.2,S02,K1.H1,F2.2,,2,0,0,0,0,0,0
2855,=S02+K1.H1-F2.1:4,=S02+K1.H1-F2.1,S02,K1.H1,F2.1,,4,0,0,0,0,0,0
2856,=S02+K1.D2-X22:1,=S02+K1.D2-X22,S02,K1.D2,X22,Terminal_Point,1,0,0,0,0,0,0
2857,=S02+K1.H1-F2.1:5,=S02+K1.H1-F2.1,S02,K1.H1,F2.1,,5,0,0,0,0,0,0
2858,=S02+K1.H1-F2.1:3,=S02+K1.H1-F2.1,S02,K1.H1,F2.1,,3,0,0,0,0,0,0
2861,=S02+K1.H1-F2.1:6,=S02+K1.H1-F2.1,S02,K1.H1,F2.1,,6,0,0,0,0,0,0
2862,=S02+K1.D2-X22:3,=S02+K1.D2-X22,S02,K1.D2,X22,Terminal_Point,3,0,0,0,0,0,0
2863,=S02+K1.D2-X21:PE,=S02+K1.D2-X21,S02,K1.D2,X21,Terminal_Point,PE,0,0,0,0,0,0
2867,=S02+K1.D2-X21:5,=S02+K1.D2-X21,S02,K1.D2,X21,Terminal_Point,5,0,0,0,0,0,0
2872,=S02+K1.D2-X21:6,=S02+K1.D2-X21,S02,K1.D2,X21,Terminal_Point,6,0,0,0,0,0,0
2873,=A02+K1.H2-X5:14,=A02+K1.H2-X5,A02,K1.H2,X5,Terminal_Point,14,0,0,0,0,0,0
2879,=S02+K1.H1-F2.2:1,=S02+K1.H1-F2.2,S02,K1.H1,F2.2,,1,0,0,0,0,0,0
2880,=S02+K1.H1-V2.2:2,=S02+K1.H1-V2.2,S02,K1.H1,V2.2,,2,0,0,0,0,0,0
2881,=S02+K1.H1-F2.2:5,=S02+K1.H1-F2.2,S02,K1.H1,F2.2,,5,0,0,0,0,0,0
2882,=S02+K1.H1-F2.2:3,=S02+K1.H1-F2.2,S02,K1.H1,F2.2,,3,0,0,0,0,0,0
2886,=S02+K1.H1-F2.2:7,=S02+K1.H1-F2.2,S02,K1.H1,F2.2,,7,0,0,0,0,0,0
2895,=S02+K1.D2-X22:PE,=S02+K1.D2-X22,S02,K1.D2,X22,Terminal_Point,PE,0,0,0,0,0,0
2899,=S02+K1.D2-X22:2,=S02+K1.D2-X22,S02,K1.D2,X22,Terminal_Point,2,0,0,0,0,0,0
2903,=A02+K1.H2-X5:15,=A02+K1.H2-X5,A02,K1.H2,X5,Terminal_Point,15,0,0,0,0,0,0
2917,=S02+K1.D2-X22:4,=S02+K1.D2-X22,S02,K1.D2,X22,Terminal_Point,4,0,0,0,0,0,0
2921,=A02+K1.H2-X5:16,=A02+K1.H2-X5,A02,K1.H2,X5,Terminal_Point,16,0,0,0,0,0,0
2924,=S02+K1.H1-V2.3:PE,=S02+K1.H1-V2.3,S02,K1.H1,V2.3,,PE,0,0,0,0,0,0
2925,=S02+K1.H1-V2.3:A2,=S02+K1.H1-V2.3,S02,K1.H1,V2.3,,A2,0,0,0,0,0,0
2927,=S02+K1.H1-V2.3:A1,=S02+K1.H1-V2.3,S02,K1.H1,V2.3,,A1,0,0,0,0,0,0
2928,=S02+K1.B1-A1:14,=S02+K1.B1-A1,S02,K1.B1,A1,,14,0,0,0,0,0,0
2933,=S02+K1.D2-X31:1,=S02+K1.D2-X31,S02,K1.D2,X31,Terminal_Point,1,0,0,0,0,0,0
2937,=S02+K1.H1-F2.3:2,=S02+K1.H1-F2.3,S02,K1.H1,F2.3,,2,0,0,0,0,0,0
2939,=S02+K1.H1-F2.3:1,=S02+K1.H1-F2.3,S02,K1.H1,F2.3,,1,0,0,0,0,0,0
2940,=S02+K1.H1-V2.3:2,=S02+K1.H1-V2.3,S02,K1.H1,V2.3,,2,0,0,0,0,0,0
2941,=S02+K1.H1-F2.3:4,=S02+K1.H1-F2.3,S02,K1.H1,F2.3,,4,0,0,0,0,0,0
2942,=S02+K1.D2-X31:3,=S02+K1.D2-X31,S02,K1.D2,X31,Terminal_Point,3,0,0,0,0,0,0
2943,=S02+K1.H1-F2.3:5,=S02+K1.H1-F2.3,S02,K1.H1,F2.3,,5,0,0,0,0,0,0
2944,=S02+K1.H1-F2.3:3,=S02+K1.H1-F2.3,S02,K1.H1,F2.3,,3,0,0,0,0,0,0
2948,=S02+K1.H1-F2.3:7,=S02+K1.H1-F2.3,S02,K1.H1,F2.3,,7,0,0,0,0,0,0
2949,=S02+K1.D2-X31:PE,=S02+K1.D2-X31,S02,K1.D2,X31,Terminal_Point,PE,0,0,0,0,0,0
2953,=S02+K1.D2-X31:2,=S02+K1.D2-X31,S02,K1.D2,X31,Terminal_Point,2,0,0,0,0,0,0
2957,=A02+K1.H2-X5:17,=A02+K1.H2-X5,A02,K1.H2,X5,Terminal_Point,17,0,0,0,0,0,0
2971,=S02+K1.D2-X31:4,=S02+K1.D2-X31,S02,K1.D2,X31,Terminal_Point,4,0,0,0,0,0,0
2975,=A02+K1.H2-X5:18,=A02+K1.H2-X5,A02,K1.H2,X5,Terminal_Point,18,0,0,0,0,0,0
2977,=S02+K1.H1-F2.3:14,=S02+K1.H1-F2.3,S02,K1.H1,F2.3,,14,0,0,0,0,0,0
2978,=S02+K1.B1-A1:6,=S02+K1.B1-A1,S02,K1.B1,A1,,6,0,0,0,0,0,0
2980,=S02+K1.H1-F2.3:13,=S02+K1.H1-F2.3,S02,K1.H1,F2.3,,13,0,0,0,0,0,0
2982,=V01+K1.B1-A8:3,=V01+K1.B1-A8,V01,K1.B1,A8,,3,0,0,0,0,0,0
2984,=V01+K1.B1-A8:7,=V01+K1.B1-A8,V01,K1.B1,A8,,7,0,0,0,0,0,0
2986,=V01+K1.B1-A8:4,=V01+K1.B1-A8,V01,K1.B1,A8,,4,0,0,0,0,0,0
2988,=V01+K1.B1-A8:8,=V01+K1.B1-A8,V01,K1.B1,A8,,8,0,0,0,0,0,0
2989,=S02+K1.B1-V1:2.1,=S02+K1.B1-V1,S02,K1.B1,V1,,2.1,0,0,0,0,0,0
2990,=S02+K1.B1-W5(-P1):X1,=S02+K1.B1-W5(-P1),S02,K1.B1,W5(-P1),,X1,0,0,0,0,0,0
2991,=A02+K1.B1-W6(-P2):X2,=A02+K1.B1-W6(-P2),A02,K1.B1,W6(-P2),,X2,0,0,0,0,0,0
2992,=S02+K1.B1-W5(-P2):X1,=S02+K1.B1-W5(-P2),S02,K1.B1,W5(-P2),,X1,0,0,0,0,0,0
2993,=V01+K1.D2-X11:1,=V01+K1.D2-X11,V01,K1.D2,X11,Terminal_Point,1,0,0,0,0,0,0
2997,=V01+K1.H1-K1:2,=V01+K1.H1-K1,V01,K1.H1,K1,MC_NO_1,2,0,0,0,0,0,0
2999,=V01+K1.H2-Q1:T1,=V01+K1.H2-Q1,V01,K1.H2,Q1,MC_NO_1,T1,0,0,0,0,0,0
3000,=V01+K1.H1-K1:1,=V01+K1.H1-K1,V01,K1.H1,K1,MC_NO_1,1,0,0,0,0,0,0
3001,=V01+K1.H2-Q1:L1,=V01+K1.H2-Q1,V01,K1.H2,Q1,MC_NO_1,L1,0,0,0,0,0,0
3003,=V01+K1.D2-X11:2,=V01+K1.D2-X11,V01,K1.D2,X11,Terminal_Point,2,0,0,0,0,0,0
3007,=V01+K1.H1-K1:4,=V01+K1.H1-K1,V01,K1.H1,K1,MC_NO_2,4,0,0,0,0,0,0
3009,=V01+K1.H2-Q1:T2,=V01+K1.H2-Q1,V01,K1.H2,Q1,MC_NO_2,T2,0,0,0,0,0,0
3010,=V01+K1.H1-K1:3,=V01+K1.H1-K1,V01,K1.H1,K1,MC_NO_2,3,0,0,0,0,0,0
3012,=V01+K1.H2-Q1:L2,=V01+K1.H2-Q1,V01,K1.H2,Q1,MC_NO_2,L2,0,0,0,0,0,0
3013,=V01+K1.D2-X11:3,=V01+K1.D2-X11,V01,K1.D2,X11,Terminal_Point,3,0,0,0,0,0,0
3017,=V01+K1.H1-K1:6,=V01+K1.H1-K1,V01,K1.H1,K1,MC_NO_3,6,0,0,0,0,0,0
3019,=V01+K1.H2-Q1:T3,=V01+K1.H2-Q1,V01,K1.H2,Q1,MC_NO_3,T3,0,0,0,0,0,0
3020,=V01+K1.H1-K1:5,=V01+K1.H1-K1,V01,K1.H1,K1,MC_NO_3,5,0,0,0,0,0,0
3022,=V01+K1.H2-Q1:L3,=V01+K1.H2-Q1,V01,K1.H2,Q1,MC_NO_3,L3,0,0,0,0,0,0
3023,=V01+K1.D2-X11:PE,=V01+K1.D2-X11,V01,K1.D2,X11,Terminal_Point,PE,0,0,0,0,0,0
3029,=V01+K1.H1-K1:A2,=V01+K1.H1-K1,V01,K1.H1,K1,coil,A2,0,0,0,0,0,0
3030,=V01+K1.B1-W5(-P2):P2,=V01+K1.B1-W5(-P2),V01,K1.B1,W5(-P2),,P2,0,0,0,0,0,0
3031,=V01+K1.H2-Q1:14,=V01+K1.H2-Q1,V01,K1.H2,Q1,AC_NO_2,14,0,0,0,0,0,0
3032,=V01+K1.H1-K1:A1,=V01+K1.H1-K1,V01,K1.H1,K1,coil,A1,0,0,0,0,0,0
3033,=V01+K1.B1-A1:1,=V01+K1.B1-A1,V01,K1.B1,A1,,1,0,0,0,0,0,0
3034,=V01+K1.H2-Q1:13,=V01+K1.H2-Q1,V01,K1.H2,Q1,AC_NO_1,13,0,0,0,0,0,0
3035,=V01+K1.H1-K1:14,=V01+K1.H1-K1,V01,K1.H1,K1,AX_NO_1,14,0,0,0,0,0,0
3036,=V01+K1.B1-A3:1,=V01+K1.B1-A3,V01,K1.B1,A3,,1,0,0,0,0,0,0
3037,=V01+K1.B1-W5(-P1):P1,=V01+K1.B1-W5(-P1),V01,K1.B1,W5(-P1),,P1,0,0,0,0,0,0
3038,=V01+K1.H1-K1:13,=V01+K1.H1-K1,V01,K1.H1,K1,AX_NO_1,13,0,0,0,0,0,0
3039,=V01+K1.D2-X12:1,=V01+K1.D2-X12,V01,K1.D2,X12,Terminal_Point,1,0,0,0,0,0,0
3043,=V01+K1.H2-Q2:T1,=V01+K1.H2-Q2,V01,K1.H2,Q2,MC_NO_1,T1,0,0,0,0,0,0
3046,=V01+K1.H2-Q2:L1,=V01+K1.H2-Q2,V01,K1.H2,Q2,MC_NO_1,L1,0,0,0,0,0,0
3047,=V01+K1.D2-X12:2,=V01+K1.D2-X12,V01,K1.D2,X12,Terminal_Point,2,0,0,0,0,0,0
3051,=V01+K1.H2-Q2:T2,=V01+K1.H2-Q2,V01,K1.H2,Q2,MC_NO_2,T2,0,0,0,0,0,0
3054,=V01+K1.H2-Q2:L2,=V01+K1.H2-Q2,V01,K1.H2,Q2,MC_NO_2,L2,0,0,0,0,0,0
3055,=V01+K1.D2-X12:3,=V01+K1.D2-X12,V01,K1.D2,X12,Terminal_Point,3,0,0,0,0,0,0
3059,=V01+K1.H2-Q2:T3,=V01+K1.H2-Q2,V01,K1.H2,Q2,MC_NO_3,T3,0,0,0,0,0,0
3062,=V01+K1.H2-Q2:L3,=V01+K1.H2-Q2,V01,K1.H2,Q2,MC_NO_3,L3,0,0,0,0,0,0
3063,=V01+K1.D2-X12:PE,=V01+K1.D2-X12,V01,K1.D2,X12,Terminal_Point,PE,0,0,0,0,0,0
3067,=A02+K1.H2-X6:20,=A02+K1.H2-X6,A02,K1.H2,X6,Terminal_Point,20,0,0,0,0,0,0
3069,=V01+K1.D2-X12:4,=V01+K1.D2-X12,V01,K1.D2,X12,Terminal_Point,4,0,0,0,0,0,0
3073,=V01+K1.B1-K50:44,=V01+K1.B1-K50,V01,K1.B1,K50,AX_NO_4,44,0,0,0,0,0,0
3075,=V01+K1.H2-F1:2,=V01+K1.H2-F1,V01,K1.H2,F1,,2,0,0,0,0,0,0
3076,=V01+K1.B1-K50:43,=V01+K1.B1-K50,V01,K1.B1,K50,AX_NO_4,43,0,0,0,0,0,0
3078,=V01+K1.H2-F1:1,=V01+K1.H2-F1,V01,K1.H2,F1,,1,0,0,0,0,0,0
3080,=V01+K1.D2-X12:5,=V01+K1.D2-X12,V01,K1.D2,X12,Terminal_Point,5,0,0,0,0,0,0
3083,=A02+K1.H2-X5:4,=A02+K1.H2-X5,A02,K1.H2,X5,Terminal_Point,4,0,0,0,0,0,0
3085,=A02+K1.B1-X22-X22.3M:10,=A02+K1.B1-X22-X22.3M,A02,K1.B1,X22-X22.3M,Terminal_Point,10,0,0,0,1,0,0
3087,=V01+K1.B1-K50:34,=V01+K1.B1-K50,V01,K1.B1,K50,AX_NO_3,34,0,0,0,0,0,0
3088,=A02+K1.B1-X22-X22.3F:10,=A02+K1.B1-X22-X22.3F,A02,K1.B1,X22-X22.3F,Terminal_Point,10,0,0,0,1,0,0
3089,=A02+K1.B1-X22-X22.3M:11,=A02+K1.B1-X22-X22.3M,A02,K1.B1,X22-X22.3M,Terminal_Point,11,0,0,0,1,0,0
3091,=V01+K1.B1-K51:11,=V01+K1.B1-K51,V01,K1.B1,K51,AX_COM_1,11,0,0,0,0,0,0
3092,=A02+K1.B1-X22-X22.3F:11,=A02+K1.B1-X22-X22.3F,A02,K1.B1,X22-X22.3F,Terminal_Point,11,0,0,0,1,0,0
3093,=A02+K1.B1-X22-X22.3M:12,=A02+K1.B1-X22-X22.3M,A02,K1.B1,X22-X22.3M,Terminal_Point,12,0,0,0,1,0,0
3095,=A02+K1.B1-X22-X22.3M:13,=A02+K1.B1-X22-X22.3M,A02,K1.B1,X22-X22.3M,Terminal_Point,13,0,0,0,1,0,0
3098,=A02+K1.B1-X22-X22.3F:13,=A02+K1.B1-X22-X22.3F,A02,K1.B1,X22-X22.3F,Terminal_Point,13,0,0,0,1,0,0
3099,=A02+K1.B1-X22-X22.3M:14,=A02+K1.B1-X22-X22.3M,A02,K1.B1,X22-X22.3M,Terminal_Point,14,0,0,0,1,0,0
3101,=V01+K1.B1-K53:A1,=V01+K1.B1-K53,V01,K1.B1,K53,coil,A1,0,0,0,0,0,0
3102,=A02+K1.B1-X22-X22.3F:14,=A02+K1.B1-X22-X22.3F,A02,K1.B1,X22-X22.3F,Terminal_Point,14,0,0,0,1,0,0
3104,=V01+K1.B1-K53:A2,=V01+K1.B1-K53,V01,K1.B1,K53,coil,A2,0,0,0,0,0,0
3106,=V01+K1.B1-A3:2,=V01+K1.B1-A3,V01,K1.B1,A3,,2,0,0,0,0,0,0
3107,=V01+K1.H2-Q2:14,=V01+K1.H2-Q2,V01,K1.H2,Q2,AC_NO_2,14,0,0,0,0,0,0
3108,=V01+K1.B1-K53:12,=V01+K1.B1-K53,V01,K1.B1,K53,AX_NC_1,12,0,0,0,0,0,0
3109,=V01+K1.B1-A1:2,=V01+K1.B1-A1,V01,K1.B1,A1,,2,0,0,0,0,0,0
3110,=V01+K1.H2-Q2:13,=V01+K1.H2-Q2,V01,K1.H2,Q2,AC_NO_1,13,0,0,0,0,0,0
3111,=V01+K1.B1-K50:1,=V01+K1.B1-K50,V01,K1.B1,K50,MC_NO_1,1,0,0,0,0,0,0
3113,=V01+K1.B1-K53:11,=V01+K1.B1-K53,V01,K1.B1,K53,AX_COM_1,11,0,0,0,0,0,0
3114,=V01+K1.B1-K50:0,=V01+K1.B1-K50,V01,K1.B1,K50,,0,0,0,0,0,0,0
3115,=V01+K1.B1-K51:A2,=V01+K1.B1-K51,V01,K1.B1,K51,coil,A2,0,0,0,0,0,0
3117,=V01+K1.B1-A1:14,=V01+K1.B1-A1,V01,K1.B1,A1,,14,0,0,0,0,0,0
3118,=V01+K1.B1-K51:A1,=V01+K1.B1-K51,V01,K1.B1,K51,coil,A1,0,0,0,0,0,0
3119,=V01+K1.B1-K50:54,=V01+K1.B1-K50,V01,K1.B1,K50,AX_NO_5,54,0,0,0,0,0,0
3120,=V01+K1.B1-A3:3,=V01+K1.B1-A3,V01,K1.B1,A3,,3,0,0,0,0,0,0
3122,=V01+K1.B1-K50:53,=V01+K1.B1-K50,V01,K1.B1,K50,AX_NO_5,53,0,0,0,0,0,0
3123,=V01+K1.B1-K50:33,=V01+K1.B1-K50,V01,K1.B1,K50,AX_NO_3,33,0,0,0,0,0,0
3124,=V01+K1.B1-K51:14,=V01+K1.B1-K51,V01,K1.B1,K51,AX_NO_1,14,0,0,0,0,0,0
3126,=A02+K1.B1-X22-X22.3F:12,=A02+K1.B1-X22-X22.3F,A02,K1.B1,X22-X22.3F,Terminal_Point,12,0,0,0,1,0,0
3127,=V01+K1.D2-X17:1,=V01+K1.D2-X17,V01,K1.D2,X17,Terminal_Point,1,0,0,0,0,0,0
3131,=V01+K1.H2-F3.1:2,=V01+K1.H2-F3.1,V01,K1.H2,F3.1,,2,0,0,0,0,0,0
3133,=V01+K1.H2-F3.1:1,=V01+K1.H2-F3.1,V01,K1.H2,F3.1,,1,0,0,0,0,0,0
3135,=V01+K1.D2-X17:2,=V01+K1.D2-X17,V01,K1.D2,X17,Terminal_Point,2,0,0,0,0,0,0
3141,=V01+K1.D2-X17:3,=V01+K1.D2-X17,V01,K1.D2,X17,Terminal_Point,3,0,0,0,0,0,0
3145,=A02+K1.H2-X6:19,=A02+K1.H2-X6,A02,K1.H2,X6,Terminal_Point,19,0,0,0,0,0,0
3149,=V01+K1.D2-X17:4,=V01+K1.D2-X17,V01,K1.D2,X17,Terminal_Point,4,0,0,0,0,0,0
3153,=V01+K1.H2-F3.2:2,=V01+K1.H2-F3.2,V01,K1.H2,F3.2,,2,0,0,0,0,0,0
3156,=V01+K1.H2-F3.2:1,=V01+K1.H2-F3.2,V01,K1.H2,F3.2,,1,0,0,0,0,0,0
3157,=V01+K1.D2-X17:5,=V01+K1.D2-X17,V01,K1.D2,X17,Terminal_Point,5,0,0,0,0,0,0
3163,=V01+K1.D2-X17:6,=V01+K1.D2-X17,V01,K1.D2,X17,Terminal_Point,6,0,0,0,0,0,0
3171,=V01+K1.D2-X18:1,=V01+K1.D2-X18,V01,K1.D2,X18,Terminal_Point,1,0,0,0,0,0,0
3175,=V01+K1.H2-F3.3:2,=V01+K1.H2-F3.3,V01,K1.H2,F3.3,,2,0,0,0,0,0,0
3178,=V01+K1.H2-F3.3:1,=V01+K1.H2-F3.3,V01,K1.H2,F3.3,,1,0,0,0,0,0,0
3179,=V01+K1.D2-X18:2,=V01+K1.D2-X18,V01,K1.D2,X18,Terminal_Point,2,0,0,0,0,0,0
3185,=V01+K1.D2-X18:3,=V01+K1.D2-X18,V01,K1.D2,X18,Terminal_Point,3,0,0,0,0,0,0
3193,=V01+K1.B1-A13:-X1,=V01+K1.B1-A13,V01,K1.B1,A13,,-X1,0,0,0,0,0,0
3211,=A02+K1.B1-X22-X22.3F:1,=A02+K1.B1-X22-X22.3F,A02,K1.B1,X22-X22.3F,Terminal_Point,1,0,0,0,1,0,0
3212,=V01+K1.B1-W6(-P1):X1,=V01+K1.B1-W6(-P1),V01,K1.B1,W6(-P1),,X1,0,0,0,0,0,0
3214,=A02+K1.B1-X22-X22.3M:1,=A02+K1.B1-X22-X22.3M,A02,K1.B1,X22-X22.3M,Terminal_Point,1,0,0,0,1,0,0
3215,=A02+K1.B1-X22-X22.3F:2,=A02+K1.B1-X22-X22.3F,A02,K1.B1,X22-X22.3F,Terminal_Point,2,0,0,0,1,0,0
3216,=V01+K1.B1-A3:6,=V01+K1.B1-A3,V01,K1.B1,A3,,6,0,0,0,0,0,0
3218,=A02+K1.B1-X22-X22.3M:2,=A02+K1.B1-X22-X22.3M,A02,K1.B1,X22-X22.3M,Terminal_Point,2,0,0,0,1,0,0
3219,=A02+K1.B1-X22-X22.3F:3,=A02+K1.B1-X22-X22.3F,A02,K1.B1,X22-X22.3F,Terminal_Point,3,0,0,0,1,0,0
3220,=V01+K1.B1-W6(-P2):X1,=V01+K1.B1-W6(-P2),V01,K1.B1,W6(-P2),,X1,0,0,0,0,0,0
3222,=A02+K1.B1-X22-X22.3M:3,=A02+K1.B1-X22-X22.3M,A02,K1.B1,X22-X22.3M,Terminal_Point,3,0,0,0,1,0,0
3223,=A02+K1.B1-X22-X22.3F:4,=A02+K1.B1-X22-X22.3F,A02,K1.B1,X22-X22.3F,Terminal_Point,4,0,0,0,1,0,0
3226,=A02+K1.B1-X22-X22.3M:4,=A02+K1.B1-X22-X22.3M,A02,K1.B1,X22-X22.3M,Terminal_Point,4,0,0,0,1,0,0
3227,=A02+K1.B1-X22-X22.3F:5,=A02+K1.B1-X22-X22.3F,A02,K1.B1,X22-X22.3F,Terminal_Point,5,0,0,0,1,0,0
3228,=V01+K1.B1-A3:9,=V01+K1.B1-A3,V01,K1.B1,A3,,9,0,0,0,0,0,0
3230,=A02+K1.B1-X22-X22.3M:5,=A02+K1.B1-X22-X22.3M,A02,K1.B1,X22-X22.3M,Terminal_Point,5,0,0,0,1,0,0
3231,=A02+K1.B1-X22-X22.3F:6,=A02+K1.B1-X22-X22.3F,A02,K1.B1,X22-X22.3F,Terminal_Point,6,0,0,0,1,0,0
3234,=A02+K1.B1-X22-X22.3M:6,=A02+K1.B1-X22-X22.3M,A02,K1.B1,X22-X22.3M,Terminal_Point,6,0,0,0,1,0,0
3235,=A02+K1.B1-X22-X22.3F:7,=A02+K1.B1-X22-X22.3F,A02,K1.B1,X22-X22.3F,Terminal_Point,7,0,0,0,1,0,0
3238,=A02+K1.B1-X22-X22.3M:7,=A02+K1.B1-X22-X22.3M,A02,K1.B1,X22-X22.3M,Terminal_Point,7,0,0,0,1,0,0
3239,=A02+K1.B1-X22-X22.3F:8,=A02+K1.B1-X22-X22.3F,A02,K1.B1,X22-X22.3F,Terminal_Point,8,0,0,0,1,0,0
3240,=V01+K1.B1-A5:3,=V01+K1.B1-A5,V01,K1.B1,A5,,3,0,0,0,0,0,0
3242,=A02+K1.B1-X22-X22.3M:8,=A02+K1.B1-X22-X22.3M,A02,K1.B1,X22-X22.3M,Terminal_Point,8,0,0,0,1,0,0
3243,=A02+K1.B1-X22-X22.3F:9,=A02+K1.B1-X22-X22.3F,A02,K1.B1,X22-X22.3F,Terminal_Point,9,0,0,0,1,0,0
3246,=A02+K1.B1-X22-X22.3M:9,=A02+K1.B1-X22-X22.3M,A02,K1.B1,X22-X22.3M,Terminal_Point,9,0,0,0,1,0,0
3247,=V01+K1.D2-X16:1,=V01+K1.D2-X16,V01,K1.D2,X16,Terminal_Point,1,0,0,0,0,0,0
3251,=V01+K1.H2-Q4:T1,=V01+K1.H2-Q4,V01,K1.H2,Q4,MC_NO_1,T1,0,0,0,0,0,0
3254,=V01+K1.H2-Q4:L1,=V01+K1.H2-Q4,V01,K1.H2,Q4,MC_NO_1,L1,0,0,0,0,0,0
3255,=V01+K1.D2-X16:2,=V01+K1.D2-X16,V01,K1.D2,X16,Terminal_Point,2,0,0,0,0,0,0
3259,=V01+K1.H2-Q4:T2,=V01+K1.H2-Q4,V01,K1.H2,Q4,MC_NO_2,T2,0,0,0,0,0,0
3262,=V01+K1.H2-Q4:L2,=V01+K1.H2-Q4,V01,K1.H2,Q4,MC_NO_2,L2,0,0,0,0,0,0
3263,=V01+K1.D2-X16:3,=V01+K1.D2-X16,V01,K1.D2,X16,Terminal_Point,3,0,0,0,0,0,0
3267,=V01+K1.H2-Q4:T3,=V01+K1.H2-Q4,V01,K1.H2,Q4,MC_NO_3,T3,0,0,0,0,0,0
3270,=V01+K1.H2-Q4:L3,=V01+K1.H2-Q4,V01,K1.H2,Q4,MC_NO_3,L3,0,0,0,0,0,0
3271,=V01+K1.D2-X16:PE,=V01+K1.D2-X16,V01,K1.D2,X16,Terminal_Point,PE,0,0,0,0,0,0
3277,=V01+K1.B1-A8:1,=V01+K1.B1-A8,V01,K1.B1,A8,,1,0,0,0,0,0,0
3280,=V01+K1.B1-A8:5,=V01+K1.B1-A8,V01,K1.B1,A8,,5,0,0,0,0,0,0
3281,=A02+K1.B1-X22-X22.4M:1,=A02+K1.B1-X22-X22.4M,A02,K1.B1,X22-X22.4M,Terminal_Point,1,0,0,0,1,0,0
3283,=V01+K1.B1-K4:11,=V01+K1.B1-K4,V01,K1.B1,K4,AX_COM_1,11,0,0,0,0,0,0
3284,=A02+K1.B1-X22-X22.4F:1,=A02+K1.B1-X22-X22.4F,A02,K1.B1,X22-X22.4F,Terminal_Point,1,0,0,0,1,0,0
3285,=V01+K1.B1-K4:14,=V01+K1.B1-K4,V01,K1.B1,K4,AX_NO_1,14,0,0,0,0,0,0
3286,=A02+K1.B1-X22-X22.4F:2,=A02+K1.B1-X22-X22.4F,A02,K1.B1,X22-X22.4F,Terminal_Point,2,0,0,0,1,0,0
3287,=V01+K1.B1-K4:A2,=V01+K1.B1-K4,V01,K1.B1,K4,coil,A2,0,0,0,0,0,0
3289,=V01+K1.B1-A1:5,=V01+K1.B1-A1,V01,K1.B1,A1,,5,0,0,0,0,0,0
3290,=V01+K1.B1-K4:A1,=V01+K1.B1-K4,V01,K1.B1,K4,coil,A1,0,0,0,0,0,0
3291,=A02+K1.B1-X22-X22.4M:2,=A02+K1.B1-X22-X22.4M,A02,K1.B1,X22-X22.4M,Terminal_Point,2,0,0,0,1,0,0
3293,=A02+K1.B1-X22-X22.4M:3,=A02+K1.B1-X22-X22.4M,A02,K1.B1,X22-X22.4M,Terminal_Point,3,0,0,0,1,0,0
3295,=V01+K1.B1-K5:11,=V01+K1.B1-K5,V01,K1.B1,K5,AX_COM_1,11,0,0,0,0,0,0
3296,=A02+K1.B1-X22-X22.4F:3,=A02+K1.B1-X22-X22.4F,A02,K1.B1,X22-X22.4F,Terminal_Point,3,0,0,0,1,0,0
3297,=V01+K1.B1-K5:14,=V01+K1.B1-K5,V01,K1.B1,K5,AX_NO_1,14,0,0,0,0,0,0
3298,=V01+K1.B1-K6:14,=V01+K1.B1-K6,V01,K1.B1,K6,AX_NO_1,14,0,0,0,0,0,0
3300,=V01+K1.B1-K7:A2,=V01+K1.B1-K7,V01,K1.B1,K7,coil,A2,0,0,0,0,0,0
3302,=A02+K1.B1-X22-X22.4F:5,=A02+K1.B1-X22-X22.4F,A02,K1.B1,X22-X22.4F,Terminal_Point,5,0,0,0,1,0,0
3303,=V01+K1.B1-K5:A2,=V01+K1.B1-K5,V01,K1.B1,K5,coil,A2,0,0,0,0,0,0
3305,=V01+K1.B1-A2:1,=V01+K1.B1-A2,V01,K1.B1,A2,,1,0,0,0,0,0,0
3306,=V01+K1.B1-K5:A1,=V01+K1.B1-K5,V01,K1.B1,K5,coil,A1,0,0,0,0,0,0
3307,=A02+K1.B1-X22-X22.4M:4,=A02+K1.B1-X22-X22.4M,A02,K1.B1,X22-X22.4M,Terminal_Point,4,0,0,0,1,0,0
3309,=V01+K1.B1-K6:11,=V01+K1.B1-K6,V01,K1.B1,K6,AX_COM_1,11,0,0,0,0,0,0
3310,=A02+K1.B1-X22-X22.4F:4,=A02+K1.B1-X22-X22.4F,A02,K1.B1,X22-X22.4F,Terminal_Point,4,0,0,0,1,0,0
3311,=V01+K1.B1-K6:A2,=V01+K1.B1-K6,V01,K1.B1,K6,coil,A2,0,0,0,0,0,0
3313,=V01+K1.B1-A2:2,=V01+K1.B1-A2,V01,K1.B1,A2,,2,0,0,0,0,0,0
3314,=V01+K1.B1-K6:A1,=V01+K1.B1-K6,V01,K1.B1,K6,coil,A1,0,0,0,0,0,0
3315,=A02+K1.B1-X22-X22.4M:5,=A02+K1.B1-X22-X22.4M,A02,K1.B1,X22-X22.4M,Terminal_Point,5,0,0,0,1,0,0
3317,=V01+K1.B1-K7:A1,=V01+K1.B1-K7,V01,K1.B1,K7,coil,A1,0,0,0,0,0,0
3318,=V01+K1.B1-K8:A1,=V01+K1.B1-K8,V01,K1.B1,K8,coil,A1,0,0,0,0,0,0
3320,=A02+K1.B1-X22-X22.4F:7,=A02+K1.B1-X22-X22.4F,A02,K1.B1,X22-X22.4F,Terminal_Point,7,0,0,0,1,0,0
3321,=V01+K1.B1-K7:11,=V01+K1.B1-K7,V01,K1.B1,K7,AX_COM_1,11,0,0,0,0,0,0
3322,=V01+K1.B1-A3:10,=V01+K1.B1-A3,V01,K1.B1,A3,,10,0,0,0,0,0,0
3324,=V01+K1.B1-K7:14,=V01+K1.B1-K7,V01,K1.B1,K7,AX_NO_1,14,0,0,0,0,0,0
3325,=A02+K1.B1-X22-X22.4M:6,=A02+K1.B1-X22-X22.4M,A02,K1.B1,X22-X22.4M,Terminal_Point,6,0,0,0,1,0,0
3327,=V01+K1.B1-K8:A2,=V01+K1.B1-K8,V01,K1.B1,K8,coil,A2,0,0,0,0,0,0
3328,=A02+K1.B1-X22-X22.4F:6,=A02+K1.B1-X22-X22.4F,A02,K1.B1,X22-X22.4F,Terminal_Point,6,0,0,0,1,0,0
3329,=A02+K1.B1-X22-X22.4M:7,=A02+K1.B1-X22-X22.4M,A02,K1.B1,X22-X22.4M,Terminal_Point,7,0,0,0,1,0,0
3331,=V01+K1.B1-K8:11,=V01+K1.B1-K8,V01,K1.B1,K8,AX_COM_1,11,0,0,0,0,0,0
3332,=V01+K1.B1-A3:11,=V01+K1.B1-A3,V01,K1.B1,A3,,11,0,0,0,0,0,0
3334,=V01+K1.B1-K8:14,=V01+K1.B1-K8,V01,K1.B1,K8,AX_NO_1,14,0,0,0,0,0,0
3336,=A02+K1.B1-X22-X22.4M:8,=A02+K1.B1-X22-X22.4M,A02,K1.B1,X22-X22.4M,Terminal_Point,8,0,0,0,1,0,0
3338,=A02+K1.B1-X22-X22.4F:8,=A02+K1.B1-X22-X22.4F,A02,K1.B1,X22-X22.4F,Terminal_Point,8,0,0,0,1,0,0
3339,=A02+K1.B1-X22-X22.4F:9,=A02+K1.B1-X22-X22.4F,A02,K1.B1,X22-X22.4F,Terminal_Point,9,0,0,0,1,0,0
3340,=V01+K1.B1-W6(-P1):P1,=V01+K1.B1-W6(-P1),V01,K1.B1,W6(-P1),,P1,0,0,0,0,0,0
3341,=A02+K1.B1-X22-X22.4M:9,=A02+K1.B1-X22-X22.4M,A02,K1.B1,X22-X22.4M,Terminal_Point,9,0,0,0,1,0,0
3343,=V01+K1.B1-W6(-P2):P2,=V01+K1.B1-W6(-P2),V01,K1.B1,W6(-P2),,P2,0,0,0,0,0,0
3344,=A02+K1.B1-X22-X22.4F:10,=A02+K1.B1-X22-X22.4F,A02,K1.B1,X22-X22.4F,Terminal_Point,10,0,0,0,1,0,0
3345,=A02+K1.B1-X22-X22.4M:10,=A02+K1.B1-X22-X22.4M,A02,K1.B1,X22-X22.4M,Terminal_Point,10,0,0,0,1,0,0
3347,=A02+K1.B1-X22-X22.4F:11,=A02+K1.B1-X22-X22.4F,A02,K1.B1,X22-X22.4F,Terminal_Point,11,0,0,0,1,0,0
3348,=V01+K1.B1-A6:1,=V01+K1.B1-A6,V01,K1.B1,A6,,1,0,0,0,0,0,0
3349,=A02+K1.B1-X22-X22.4M:11,=A02+K1.B1-X22-X22.4M,A02,K1.B1,X22-X22.4M,Terminal_Point,11,0,0,0,1,0,0
3351,=A02+K1.B1-X22-X22.4F:12,=A02+K1.B1-X22-X22.4F,A02,K1.B1,X22-X22.4F,Terminal_Point,12,0,0,0,1,0,0
3352,=V01+K1.B1-A6:2,=V01+K1.B1-A6,V01,K1.B1,A6,,2,0,0,0,0,0,0
3353,=A02+K1.B1-X22-X22.4M:12,=A02+K1.B1-X22-X22.4M,A02,K1.B1,X22-X22.4M,Terminal_Point,12,0,0,0,1,0,0
3357,=A02+K1.B1-X22-X22.4F:13,=A02+K1.B1-X22-X22.4F,A02,K1.B1,X22-X22.4F,Terminal_Point,13,0,0,0,1,0,0
3358,=V01+K1.B1-A3:12,=V01+K1.B1-A3,V01,K1.B1,A3,,12,0,0,0,0,0,0
3359,=A02+K1.B1-X22-X22.4M:13,=A02+K1.B1-X22-X22.4M,A02,K1.B1,X22-X22.4M,Terminal_Point,13,0,0,0,1,0,0
3361,=A02+K1.B1-X22-X22.4F:14,=A02+K1.B1-X22-X22.4F,A02,K1.B1,X22-X22.4F,Terminal_Point,14,0,0,0,1,0,0
3363,=A02+K1.B1-X22-X22.4M:14,=A02+K1.B1-X22-X22.4M,A02,K1.B1,X22-X22.4M,Terminal_Point,14,0,0,0,1,0,0
3367,=A02+K1.B1-X22-X22.5F:1,=A02+K1.B1-X22-X22.5F,A02,K1.B1,X22-X22.5F,Terminal_Point,1,0,0,0,1,0,0
3369,=A02+K1.B1-X22-X22.5M:1,=A02+K1.B1-X22-X22.5M,A02,K1.B1,X22-X22.5M,Terminal_Point,1,0,0,0,1,0,0
3372,=A02+K1.B1-X22-X22.5F:2,=A02+K1.B1-X22-X22.5F,A02,K1.B1,X22-X22.5F,Terminal_Point,2,0,0,0,1,0,0
3373,=A02+K1.B1-X22-X22.5M:2,=A02+K1.B1-X22-X22.5M,A02,K1.B1,X22-X22.5M,Terminal_Point,2,0,0,0,1,0,0
3375,=A02+K1.B1-X22-X22.5F:3,=A02+K1.B1-X22-X22.5F,A02,K1.B1,X22-X22.5F,Terminal_Point,3,0,0,0,1,0,0
3376,=V01+K1.B1-A6:5,=V01+K1.B1-A6,V01,K1.B1,A6,,5,0,0,0,0,0,0
3377,=A02+K1.B1-X22-X22.5M:3,=A02+K1.B1-X22-X22.5M,A02,K1.B1,X22-X22.5M,Terminal_Point,3,0,0,0,1,0,0
3379,=A02+K1.B1-X22-X22.5F:4,=A02+K1.B1-X22-X22.5F,A02,K1.B1,X22-X22.5F,Terminal_Point,4,0,0,0,1,0,0
3380,=V01+K1.B1-A6:6,=V01+K1.B1-A6,V01,K1.B1,A6,,6,0,0,0,0,0,0
3381,=A02+K1.B1-X22-X22.5M:4,=A02+K1.B1-X22-X22.5M,A02,K1.B1,X22-X22.5M,Terminal_Point,4,0,0,0,1,0,0
3387,=A02+K1.B1-X22-X22.5F:5,=A02+K1.B1-X22-X22.5F,A02,K1.B1,X22-X22.5F,Terminal_Point,5,0,0,0,1,0,0
3389,=A02+K1.B1-X22-X22.5M:5,=A02+K1.B1-X22-X22.5M,A02,K1.B1,X22-X22.5M,Terminal_Point,5,0,0,0,1,0,0
3391,=A02+K1.B1-X22-X22.5F:6,=A02+K1.B1-X22-X22.5F,A02,K1.B1,X22-X22.5F,Terminal_Point,6,0,0,0,1,0,0
3393,=A02+K1.B1-X22-X22.5M:6,=A02+K1.B1-X22-X22.5M,A02,K1.B1,X22-X22.5M,Terminal_Point,6,0,0,0,1,0,0
3395,=A02+K1.B1-X22-X22.5F:7,=A02+K1.B1-X22-X22.5F,A02,K1.B1,X22-X22.5F,Terminal_Point,7,0,0,0,1,0,0
3396,=V01+K1.B1-A6:3,=V01+K1.B1-A6,V01,K1.B1,A6,,3,0,0,0,0,0,0
3397,=A02+K1.B1-X22-X22.5M:7,=A02+K1.B1-X22-X22.5M,A02,K1.B1,X22-X22.5M,Terminal_Point,7,0,0,0,1,0,0
3399,=A02+K1.B1-X22-X22.5F:8,=A02+K1.B1-X22-X22.5F,A02,K1.B1,X22-X22.5F,Terminal_Point,8,0,0,0,1,0,0
3400,=V01+K1.B1-A6:4,=V01+K1.B1-A6,V01,K1.B1,A6,,4,0,0,0,0,0,0
3401,=A02+K1.B1-X22-X22.5M:8,=A02+K1.B1-X22-X22.5M,A02,K1.B1,X22-X22.5M,Terminal_Point,8,0,0,0,1,0,0
3407,=A02+K1.B1-X22-X22.5F:9,=A02+K1.B1-X22-X22.5F,A02,K1.B1,X22-X22.5F,Terminal_Point,9,0,0,0,1,0,0
3409,=A02+K1.B1-X22-X22.5M:9,=A02+K1.B1-X22-X22.5M,A02,K1.B1,X22-X22.5M,Terminal_Point,9,0,0,0,1,0,0
3411,=A02+K1.B1-X22-X22.5F:10,=A02+K1.B1-X22-X22.5F,A02,K1.B1,X22-X22.5F,Terminal_Point,10,0,0,0,1,0,0
3413,=A02+K1.B1-X22-X22.5M:10,=A02+K1.B1-X22-X22.5M,A02,K1.B1,X22-X22.5M,Terminal_Point,10,0,0,0,1,0,0
3415,=A02+K1.B1-X22-X22.5F:11,=A02+K1.B1-X22-X22.5F,A02,K1.B1,X22-X22.5F,Terminal_Point,11,0,0,0,1,0,0
3416,=V01+K1.B1-A6:7,=V01+K1.B1-A6,V01,K1.B1,A6,,7,0,0,0,0,0,0
3417,=A02+K1.B1-X22-X22.5M:11,=A02+K1.B1-X22-X22.5M,A02,K1.B1,X22-X22.5M,Terminal_Point,11,0,0,0,1,0,0
3419,=A02+K1.B1-X22-X22.5F:12,=A02+K1.B1-X22-X22.5F,A02,K1.B1,X22-X22.5F,Terminal_Point,12,0,0,0,1,0,0
3420,=V01+K1.B1-A6:8,=V01+K1.B1-A6,V01,K1.B1,A6,,8,0,0,0,0,0,0
3421,=A02+K1.B1-X22-X22.5M:12,=A02+K1.B1-X22-X22.5M,A02,K1.B1,X22-X22.5M,Terminal_Point,12,0,0,0,1,0,0
3427,=A02+K1.B1-X22-X22.6F:1,=A02+K1.B1-X22-X22.6F,A02,K1.B1,X22-X22.6F,Terminal_Point,1,0,0,0,1,0,0
3429,=A02+K1.B1-X22-X22.6M:1,=A02+K1.B1-X22-X22.6M,A02,K1.B1,X22-X22.6M,Terminal_Point,1,0,0,0,1,0,0
3432,=A02+K1.B1-X22-X22.6F:2,=A02+K1.B1-X22-X22.6F,A02,K1.B1,X22-X22.6F,Terminal_Point,2,0,0,0,1,0,0
3433,=A02+K1.B1-X22-X22.6M:2,=A02+K1.B1-X22-X22.6M,A02,K1.B1,X22-X22.6M,Terminal_Point,2,0,0,0,1,0,0
3435,=A02+K1.B1-X22-X22.6F:3,=A02+K1.B1-X22-X22.6F,A02,K1.B1,X22-X22.6F,Terminal_Point,3,0,0,0,1,0,0
3436,=V01+K1.B1-A7:1,=V01+K1.B1-A7,V01,K1.B1,A7,,1,0,0,0,0,0,0
3437,=A02+K1.B1-X22-X22.6M:3,=A02+K1.B1-X22-X22.6M,A02,K1.B1,X22-X22.6M,Terminal_Point,3,0,0,0,1,0,0
3439,=A02+K1.B1-X22-X22.6F:4,=A02+K1.B1-X22-X22.6F,A02,K1.B1,X22-X22.6F,Terminal_Point,4,0,0,0,1,0,0
3440,=V01+K1.B1-A7:2,=V01+K1.B1-A7,V01,K1.B1,A7,,2,0,0,0,0,0,0
3441,=A02+K1.B1-X22-X22.6M:4,=A02+K1.B1-X22-X22.6M,A02,K1.B1,X22-X22.6M,Terminal_Point,4,0,0,0,1,0,0
3445,=A02+K1.B1-K21:34,=A02+K1.B1-K21,A02,K1.B1,K21,AX_NO_3,34,0,0,0,0,0,0
3446,=A02+K1.B1-X22-X22.6F:5,=A02+K1.B1-X22-X22.6F,A02,K1.B1,X22-X22.6F,Terminal_Point,5,0,0,0,1,0,0
3448,=A02+K1.B1-X22-X22.6F:9,=A02+K1.B1-X22-X22.6F,A02,K1.B1,X22-X22.6F,Terminal_Point,9,0,0,0,1,0,0
3449,=A02+K1.B1-X22-X22.6M:5,=A02+K1.B1-X22-X22.6M,A02,K1.B1,X22-X22.6M,Terminal_Point,5,0,0,0,1,0,0
3451,=A02+K1.B1-X22-X22.6M:6,=A02+K1.B1-X22-X22.6M,A02,K1.B1,X22-X22.6M,Terminal_Point,6,0,0,0,1,0,0
3456,=A02+K1.B1-X22-X22.6F:7,=A02+K1.B1-X22-X22.6F,A02,K1.B1,X22-X22.6F,Terminal_Point,7,0,0,0,1,0,0
3457,=A02+K1.B1-X22-X22.6M:7,=A02+K1.B1-X22-X22.6M,A02,K1.B1,X22-X22.6M,Terminal_Point,7,0,0,0,1,0,0
3459,=A02+K1.B1-X22-X22.6F:8,=A02+K1.B1-X22-X22.6F,A02,K1.B1,X22-X22.6F,Terminal_Point,8,0,0,0,1,0,0
3461,=A02+K1.B1-X22-X22.6M:8,=A02+K1.B1-X22-X22.6M,A02,K1.B1,X22-X22.6M,Terminal_Point,8,0,0,0,1,0,0
3463,=A02+K1.B1-X22-X22.6M:9,=A02+K1.B1-X22-X22.6M,A02,K1.B1,X22-X22.6M,Terminal_Point,9,0,0,0,1,0,0
3465,=A02+K1.B1-X22-X22.6M:10,=A02+K1.B1-X22-X22.6M,A02,K1.B1,X22-X22.6M,Terminal_Point,10,0,0,0,1,0,0
3469,=A02+K1.B1-X23-X23.1F:1,=A02+K1.B1-X23-X23.1F,A02,K1.B1,X23-X23.1F,Terminal_Point,1,0,0,0,1,0,0
3470,=V01+K1.B1-A7:5,=V01+K1.B1-A7,V01,K1.B1,A7,,5,0,0,0,0,0,0
3472,=A02+K1.B1-X23-X23.1M:1,=A02+K1.B1-X23-X23.1M,A02,K1.B1,X23-X23.1M,Terminal_Point,1,0,0,0,1,0,0
3473,=A02+K1.B1-X23-X23.1F:2,=A02+K1.B1-X23-X23.1F,A02,K1.B1,X23-X23.1F,Terminal_Point,2,0,0,0,1,0,0
3474,=V01+K1.B1-A7:6,=V01+K1.B1-A7,V01,K1.B1,A7,,6,0,0,0,0,0,0
3476,=A02+K1.B1-X23-X23.1M:2,=A02+K1.B1-X23-X23.1M,A02,K1.B1,X23-X23.1M,Terminal_Point,2,0,0,0,1,0,0
3479,=V01+K1.B1-K35:11,=V01+K1.B1-K35,V01,K1.B1,K35,AX_COM_1,11,0,0,0,0,0,0
3481,=A02+K1.B1-X23-X23.1F:3,=A02+K1.B1-X23-X23.1F,A02,K1.B1,X23-X23.1F,Terminal_Point,3,0,0,0,1,0,0
3482,=V01+K1.B1-K35:14,=V01+K1.B1-K35,V01,K1.B1,K35,AX_NO_1,14,0,0,0,0,0,0
3484,=A02+K1.B1-X23-X23.1M:3,=A02+K1.B1-X23-X23.1M,A02,K1.B1,X23-X23.1M,Terminal_Point,3,0,0,0,1,0,0
3485,=V01+K1.B1-K36:11,=V01+K1.B1-K36,V01,K1.B1,K36,AX_COM_1,11,0,0,0,0,0,0
3487,=A02+K1.B1-X23-X23.1F:4,=A02+K1.B1-X23-X23.1F,A02,K1.B1,X23-X23.1F,Terminal_Point,4,0,0,0,1,0,0
3488,=V01+K1.B1-K36:14,=V01+K1.B1-K36,V01,K1.B1,K36,AX_NO_1,14,0,0,0,0,0,0
3490,=A02+K1.B1-X23-X23.1M:4,=A02+K1.B1-X23-X23.1M,A02,K1.B1,X23-X23.1M,Terminal_Point,4,0,0,0,1,0,0
3491,=V01+K1.B1-K37:11,=V01+K1.B1-K37,V01,K1.B1,K37,AX_COM_1,11,0,0,0,0,0,0
3493,=A02+K1.B1-X23-X23.1F:5,=A02+K1.B1-X23-X23.1F,A02,K1.B1,X23-X23.1F,Terminal_Point,5,0,0,0,1,0,0
3494,=V01+K1.B1-K37:14,=V01+K1.B1-K37,V01,K1.B1,K37,AX_NO_1,14,0,0,0,0,0,0
3496,=A02+K1.B1-X23-X23.1M:5,=A02+K1.B1-X23-X23.1M,A02,K1.B1,X23-X23.1M,Terminal_Point,5,0,0,0,1,0,0
3497,=A02+K1.B1-X23-X23.1F:6,=A02+K1.B1-X23-X23.1F,A02,K1.B1,X23-X23.1F,Terminal_Point,6,0,0,0,1,0,0
3500,=A02+K1.B1-X23-X23.1M:6,=A02+K1.B1-X23-X23.1M,A02,K1.B1,X23-X23.1M,Terminal_Point,6,0,0,0,1,0,0
3501,=V01+K1.B1-K38:A1,=V01+K1.B1-K38,V01,K1.B1,K38,coil,A1,0,0,0,0,0,0
3503,=A02+K1.B1-X23-X23.1F:7,=A02+K1.B1-X23-X23.1F,A02,K1.B1,X23-X23.1F,Terminal_Point,7,0,0,0,1,0,0
3504,=V01+K1.B1-K38:A2,=V01+K1.B1-K38,V01,K1.B1,K38,coil,A2,0,0,0,0,0,0
3506,=A02+K1.B1-X23-X23.1M:7,=A02+K1.B1-X23-X23.1M,A02,K1.B1,X23-X23.1M,Terminal_Point,7,0,0,0,1,0,0
3507,=V01+K1.B1-K39:A1,=V01+K1.B1-K39,V01,K1.B1,K39,coil,A1,0,0,0,0,0,0
3509,=A02+K1.B1-X23-X23.1F:8,=A02+K1.B1-X23-X23.1F,A02,K1.B1,X23-X23.1F,Terminal_Point,8,0,0,0,1,0,0
3510,=V01+K1.B1-K39:A2,=V01+K1.B1-K39,V01,K1.B1,K39,coil,A2,0,0,0,0,0,0
3512,=A02+K1.B1-X23-X23.1M:8,=A02+K1.B1-X23-X23.1M,A02,K1.B1,X23-X23.1M,Terminal_Point,8,0,0,0,1,0,0
3513,=A02+K1.B1-X23-X23.1F:9,=A02+K1.B1-X23-X23.1F,A02,K1.B1,X23-X23.1F,Terminal_Point,9,0,0,0,1,0,0
3516,=A02+K1.B1-X23-X23.1M:9,=A02+K1.B1-X23-X23.1M,A02,K1.B1,X23-X23.1M,Terminal_Point,9,0,0,0,1,0,0
3519,=V01+K1.B1-K35:A2,=V01+K1.B1-K35,V01,K1.B1,K35,coil,A2,0,0,0,0,0,0
3520,=V01+K1.B1-W5(-P2):X1,=V01+K1.B1-W5(-P2),V01,K1.B1,W5(-P2),,X1,0,0,0,0,0,0
3521,=V01+K1.B1-A1:6,=V01+K1.B1-A1,V01,K1.B1,A1,,6,0,0,0,0,0,0
3522,=V01+K1.B1-K35:A1,=V01+K1.B1-K35,V01,K1.B1,K35,coil,A1,0,0,0,0,0,0
3523,=V01+K1.B1-K38:11,=V01+K1.B1-K38,V01,K1.B1,K38,AX_COM_1,11,0,0,0,0,0,0
3524,=V01+K1.B1-A3:15,=V01+K1.B1-A3,V01,K1.B1,A3,,15,0,0,0,0,0,0
3525,=V01+K1.B1-W5(-P1):X1,=V01+K1.B1-W5(-P1),V01,K1.B1,W5(-P1),,X1,0,0,0,0,0,0
3526,=V01+K1.B1-K38:14,=V01+K1.B1-K38,V01,K1.B1,K38,AX_NO_1,14,0,0,0,0,0,0
3527,=V01+K1.B1-K36:A2,=V01+K1.B1-K36,V01,K1.B1,K36,coil,A2,0,0,0,0,0,0
3529,=V01+K1.B1-A1:7,=V01+K1.B1-A1,V01,K1.B1,A1,,7,0,0,0,0,0,0
3530,=V01+K1.B1-K36:A1,=V01+K1.B1-K36,V01,K1.B1,K36,coil,A1,0,0,0,0,0,0
3531,=V01+K1.B1-K39:11,=V01+K1.B1-K39,V01,K1.B1,K39,AX_COM_1,11,0,0,0,0,0,0
3532,=V01+K1.B1-A3:16,=V01+K1.B1-A3,V01,K1.B1,A3,,16,0,0,0,0,0,0
3534,=V01+K1.B1-K39:14,=V01+K1.B1-K39,V01,K1.B1,K39,AX_NO_1,14,0,0,0,0,0,0
3535,=V01+K1.B1-K37:A2,=V01+K1.B1-K37,V01,K1.B1,K37,coil,A2,0,0,0,0,0,0
3536,=V01+K1.B1-W5(-P2):X2,=V01+K1.B1-W5(-P2),V01,K1.B1,W5(-P2),,X2,0,0,0,0,0,0
3537,=V01+K1.B1-A1:8,=V01+K1.B1-A1,V01,K1.B1,A1,,8,0,0,0,0,0,0
3538,=V01+K1.B1-K37:A1,=V01+K1.B1-K37,V01,K1.B1,K37,coil,A1,0,0,0,0,0,0
3539,=A02+K1.B1-X22-X22.6F:12,=A02+K1.B1-X22-X22.6F,A02,K1.B1,X22-X22.6F,Terminal_Point,12,0,0,0,1,0,0
3542,=A02+K1.B1-X22-X22.6M:12,=A02+K1.B1-X22-X22.6M,A02,K1.B1,X22-X22.6M,Terminal_Point,12,0,0,0,1,0,0
3543,=A02+K1.B1-X22-X22.6M:11,=A02+K1.B1-X22-X22.6M,A02,K1.B1,X22-X22.6M,Terminal_Point,11,0,0,0,1,0,0
3545,=V01+K1.B1-A2:3,=V01+K1.B1-A2,V01,K1.B1,A2,,3,0,0,0,0,0,0
3546,=A02+K1.B1-X22-X22.6F:11,=A02+K1.B1-X22-X22.6F,A02,K1.B1,X22-X22.6F,Terminal_Point,11,0,0,0,1,0,0
3547,=A02+K1.B1-X22-X22.6M:13,=A02+K1.B1-X22-X22.6M,A02,K1.B1,X22-X22.6M,Terminal_Point,13,0,0,0,1,0,0
3549,=A02+K1.B1-X23-X23.2F:2,=A02+K1.B1-X23-X23.2F,A02,K1.B1,X23-X23.2F,Terminal_Point,2,0,0,0,1,0,0
3552,=A02+K1.B1-X23-X23.2M:2,=A02+K1.B1-X23-X23.2M,A02,K1.B1,X23-X23.2M,Terminal_Point,2,0,0,0,1,0,0
3553,=A02+K1.B1-X23-X23.2M:1,=A02+K1.B1-X23-X23.2M,A02,K1.B1,X23-X23.2M,Terminal_Point,1,0,0,0,1,0,0
3555,=V01+K1.B1-A2:4,=V01+K1.B1-A2,V01,K1.B1,A2,,4,0,0,0,0,0,0
3556,=A02+K1.B1-X23-X23.2F:1,=A02+K1.B1-X23-X23.2F,A02,K1.B1,X23-X23.2F,Terminal_Point,1,0,0,0,1,0,0
3557,=A02+K1.B1-X23-X23.2M:3,=A02+K1.B1-X23-X23.2M,A02,K1.B1,X23-X23.2M,Terminal_Point,3,0,0,0,1,0,0
3559,=A02+K1.B1-X23-X23.2F:5,=A02+K1.B1-X23-X23.2F,A02,K1.B1,X23-X23.2F,Terminal_Point,5,0,0,0,1,0,0
3560,=V01+K1.B1-A4:1,=V01+K1.B1-A4,V01,K1.B1,A4,,1,0,0,0,0,0,0
3562,=A02+K1.B1-X23-X23.2M:5,=A02+K1.B1-X23-X23.2M,A02,K1.B1,X23-X23.2M,Terminal_Point,5,0,0,0,1,0,0
3563,=A02+K1.B1-X23-X23.2M:4,=A02+K1.B1-X23-X23.2M,A02,K1.B1,X23-X23.2M,Terminal_Point,4,0,0,0,1,0,0
3566,=A02+K1.B1-X23-X23.2F:4,=A02+K1.B1-X23-X23.2F,A02,K1.B1,X23-X23.2F,Terminal_Point,4,0,0,0,1,0,0
3567,=A02+K1.B1-X23-X23.2F:7,=A02+K1.B1-X23-X23.2F,A02,K1.B1,X23-X23.2F,Terminal_Point,7,0,0,0,1,0,0
3568,=V01+K1.B1-A4:2,=V01+K1.B1-A4,V01,K1.B1,A4,,2,0,0,0,0,0,0
3570,=A02+K1.B1-X23-X23.2M:7,=A02+K1.B1-X23-X23.2M,A02,K1.B1,X23-X23.2M,Terminal_Point,7,0,0,0,1,0,0
3571,=A02+K1.B1-X23-X23.2M:6,=A02+K1.B1-X23-X23.2M,A02,K1.B1,X23-X23.2M,Terminal_Point,6,0,0,0,1,0,0
3574,=A02+K1.B1-X23-X23.2F:6,=A02+K1.B1-X23-X23.2F,A02,K1.B1,X23-X23.2F,Terminal_Point,6,0,0,0,1,0,0
3575,=A02+K1.B1-X23-X23.2F:9,=A02+K1.B1-X23-X23.2F,A02,K1.B1,X23-X23.2F,Terminal_Point,9,0,0,0,1,0,0
3578,=A02+K1.B1-X23-X23.2M:9,=A02+K1.B1-X23-X23.2M,A02,K1.B1,X23-X23.2M,Terminal_Point,9,0,0,0,1,0,0
3579,=A02+K1.B1-X23-X23.2M:8,=A02+K1.B1-X23-X23.2M,A02,K1.B1,X23-X23.2M,Terminal_Point,8,0,0,0,1,0,0
3581,=V01+K1.B1-A2:5,=V01+K1.B1-A2,V01,K1.B1,A2,,5,0,0,0,0,0,0
3582,=A02+K1.B1-X23-X23.2F:8,=A02+K1.B1-X23-X23.2F,A02,K1.B1,X23-X23.2F,Terminal_Point,8,0,0,0,1,0,0
3583,=A02+K1.B1-X23-X23.2M:10,=A02+K1.B1-X23-X23.2M,A02,K1.B1,X23-X23.2M,Terminal_Point,10,0,0,0,1,0,0
3585,=A02+K1.B1-X23-X23.2F:12,=A02+K1.B1-X23-X23.2F,A02,K1.B1,X23-X23.2F,Terminal_Point,12,0,0,0,1,0,0
3586,=V01+K1.B1-A4:3,=V01+K1.B1-A4,V01,K1.B1,A4,,3,0,0,0,0,0,0
3588,=A02+K1.B1-X23-X23.2M:12,=A02+K1.B1-X23-X23.2M,A02,K1.B1,X23-X23.2M,Terminal_Point,12,0,0,0,1,0,0
3589,=A02+K1.B1-X23-X23.2M:11,=A02+K1.B1-X23-X23.2M,A02,K1.B1,X23-X23.2M,Terminal_Point,11,0,0,0,1,0,0
3592,=A02+K1.B1-X23-X23.2F:11,=A02+K1.B1-X23-X23.2F,A02,K1.B1,X23-X23.2F,Terminal_Point,11,0,0,0,1,0,0
3593,=A02+K1.B1-X23-X23.2F:14,=A02+K1.B1-X23-X23.2F,A02,K1.B1,X23-X23.2F,Terminal_Point,14,0,0,0,1,0,0
3594,=V01+K1.B1-A4:4,=V01+K1.B1-A4,V01,K1.B1,A4,,4,0,0,0,0,0,0
3596,=A02+K1.B1-X23-X23.2M:14,=A02+K1.B1-X23-X23.2M,A02,K1.B1,X23-X23.2M,Terminal_Point,14,0,0,0,1,0,0
3597,=A02+K1.B1-X23-X23.2M:13,=A02+K1.B1-X23-X23.2M,A02,K1.B1,X23-X23.2M,Terminal_Point,13,0,0,0,1,0,0
3600,=A02+K1.B1-X23-X23.2F:13,=A02+K1.B1-X23-X23.2F,A02,K1.B1,X23-X23.2F,Terminal_Point,13,0,0,0,1,0,0
3601,=A02+K1.B1-X23-X23.3F:2,=A02+K1.B1-X23-X23.3F,A02,K1.B1,X23-X23.3F,Terminal_Point,2,0,0,0,1,0,0
3604,=A02+K1.B1-X23-X23.3M:2,=A02+K1.B1-X23-X23.3M,A02,K1.B1,X23-X23.3M,Terminal_Point,2,0,0,0,1,0,0
3605,=A02+K1.B1-X23-X23.3M:1,=A02+K1.B1-X23-X23.3M,A02,K1.B1,X23-X23.3M,Terminal_Point,1,0,0,0,1,0,0
3607,=V01+K1.B1-A2:6,=V01+K1.B1-A2,V01,K1.B1,A2,,6,0,0,0,0,0,0
3608,=A02+K1.B1-X23-X23.3F:1,=A02+K1.B1-X23-X23.3F,A02,K1.B1,X23-X23.3F,Terminal_Point,1,0,0,0,1,0,0
3609,=A02+K1.B1-X23-X23.3M:3,=A02+K1.B1-X23-X23.3M,A02,K1.B1,X23-X23.3M,Terminal_Point,3,0,0,0,1,0,0
3611,=A02+K1.B1-X23-X23.3F:5,=A02+K1.B1-X23-X23.3F,A02,K1.B1,X23-X23.3F,Terminal_Point,5,0,0,0,1,0,0
3612,=V01+K1.B1-A4:5,=V01+K1.B1-A4,V01,K1.B1,A4,,5,0,0,0,0,0,0
3614,=A02+K1.B1-X23-X23.3M:5,=A02+K1.B1-X23-X23.3M,A02,K1.B1,X23-X23.3M,Terminal_Point,5,0,0,0,1,0,0
3615,=A02+K1.B1-X23-X23.3M:4,=A02+K1.B1-X23-X23.3M,A02,K1.B1,X23-X23.3M,Terminal_Point,4,0,0,0,1,0,0
3618,=A02+K1.B1-X23-X23.3F:4,=A02+K1.B1-X23-X23.3F,A02,K1.B1,X23-X23.3F,Terminal_Point,4,0,0,0,1,0,0
3619,=A02+K1.B1-X23-X23.3F:7,=A02+K1.B1-X23-X23.3F,A02,K1.B1,X23-X23.3F,Terminal_Point,7,0,0,0,1,0,0
3620,=V01+K1.B1-A4:6,=V01+K1.B1-A4,V01,K1.B1,A4,,6,0,0,0,0,0,0
3622,=A02+K1.B1-X23-X23.3M:7,=A02+K1.B1-X23-X23.3M,A02,K1.B1,X23-X23.3M,Terminal_Point,7,0,0,0,1,0,0
3623,=A02+K1.B1-X23-X23.3M:6,=A02+K1.B1-X23-X23.3M,A02,K1.B1,X23-X23.3M,Terminal_Point,6,0,0,0,1,0,0
3626,=A02+K1.B1-X23-X23.3F:6,=A02+K1.B1-X23-X23.3F,A02,K1.B1,X23-X23.3F,Terminal_Point,6,0,0,0,1,0,0
3627,=A02+K1.B1-X23-X23.3F:9,=A02+K1.B1-X23-X23.3F,A02,K1.B1,X23-X23.3F,Terminal_Point,9,0,0,0,1,0,0
3630,=A02+K1.B1-X23-X23.3M:9,=A02+K1.B1-X23-X23.3M,A02,K1.B1,X23-X23.3M,Terminal_Point,9,0,0,0,1,0,0
3631,=A02+K1.B1-X23-X23.3M:8,=A02+K1.B1-X23-X23.3M,A02,K1.B1,X23-X23.3M,Terminal_Point,8,0,0,0,1,0,0
3633,=V01+K1.B1-A1:10,=V01+K1.B1-A1,V01,K1.B1,A1,,10,0,0,0,0,0,0
3634,=A02+K1.B1-X23-X23.3F:8,=A02+K1.B1-X23-X23.3F,A02,K1.B1,X23-X23.3F,Terminal_Point,8,0,0,0,1,0,0
3635,=A02+K1.B1-X23-X23.3M:14,=A02+K1.B1-X23-X23.3M,A02,K1.B1,X23-X23.3M,Terminal_Point,14,0,0,0,1,0,0
3637,=A02+K1.B1-X23-X23.3F:11,=A02+K1.B1-X23-X23.3F,A02,K1.B1,X23-X23.3F,Terminal_Point,11,0,0,0,1,0,0
3638,=V01+K1.B1-A4:7,=V01+K1.B1-A4,V01,K1.B1,A4,,7,0,0,0,0,0,0
3640,=A02+K1.B1-X23-X23.3M:11,=A02+K1.B1-X23-X23.3M,A02,K1.B1,X23-X23.3M,Terminal_Point,11,0,0,0,1,0,0
3641,=A02+K1.B1-X23-X23.3M:10,=A02+K1.B1-X23-X23.3M,A02,K1.B1,X23-X23.3M,Terminal_Point,10,0,0,0,1,0,0
3643,=V01+K1.B1-W6(-P1):X3,=V01+K1.B1-W6(-P1),V01,K1.B1,W6(-P1),,X3,0,0,0,0,0,0
3644,=A02+K1.B1-X23-X23.3F:10,=A02+K1.B1-X23-X23.3F,A02,K1.B1,X23-X23.3F,Terminal_Point,10,0,0,0,1,0,0
3645,=A02+K1.B1-X23-X23.3F:13,=A02+K1.B1-X23-X23.3F,A02,K1.B1,X23-X23.3F,Terminal_Point,13,0,0,0,1,0,0
3646,=V01+K1.B1-A4:8,=V01+K1.B1-A4,V01,K1.B1,A4,,8,0,0,0,0,0,0
3648,=A02+K1.B1-X23-X23.3M:13,=A02+K1.B1-X23-X23.3M,A02,K1.B1,X23-X23.3M,Terminal_Point,13,0,0,0,1,0,0
3649,=A02+K1.B1-X23-X23.3M:12,=A02+K1.B1-X23-X23.3M,A02,K1.B1,X23-X23.3M,Terminal_Point,12,0,0,0,1,0,0
3651,=A02+K1.B1-X23-X23.3F:12,=A02+K1.B1-X23-X23.3F,A02,K1.B1,X23-X23.3F,Terminal_Point,12,0,0,0,1,0,0
3653,=A02+K1.B1-X23-X23.4F:2,=A02+K1.B1-X23-X23.4F,A02,K1.B1,X23-X23.4F,Terminal_Point,2,0,0,0,1,0,0
3656,=A02+K1.B1-X23-X23.4M:2,=A02+K1.B1-X23-X23.4M,A02,K1.B1,X23-X23.4M,Terminal_Point,2,0,0,0,1,0,0
3657,=A02+K1.B1-X23-X23.4M:1,=A02+K1.B1-X23-X23.4M,A02,K1.B1,X23-X23.4M,Terminal_Point,1,0,0,0,1,0,0
3659,=V01+K1.B1-A1:11,=V01+K1.B1-A1,V01,K1.B1,A1,,11,0,0,0,0,0,0
3660,=A02+K1.B1-X23-X23.4F:1,=A02+K1.B1-X23-X23.4F,A02,K1.B1,X23-X23.4F,Terminal_Point,1,0,0,0,1,0,0
3661,=A02+K1.B1-X23-X23.4M:7,=A02+K1.B1-X23-X23.4M,A02,K1.B1,X23-X23.4M,Terminal_Point,7,0,0,0,1,0,0
3663,=A02+K1.B1-X23-X23.4F:4,=A02+K1.B1-X23-X23.4F,A02,K1.B1,X23-X23.4F,Terminal_Point,4,0,0,0,1,0,0
3664,=V01+K1.B1-A4:9,=V01+K1.B1-A4,V01,K1.B1,A4,,9,0,0,0,0,0,0
3666,=A02+K1.B1-X23-X23.4M:4,=A02+K1.B1-X23-X23.4M,A02,K1.B1,X23-X23.4M,Terminal_Point,4,0,0,0,1,0,0
3667,=A02+K1.B1-X23-X23.4M:3,=A02+K1.B1-X23-X23.4M,A02,K1.B1,X23-X23.4M,Terminal_Point,3,0,0,0,1,0,0
3670,=A02+K1.B1-X23-X23.4F:3,=A02+K1.B1-X23-X23.4F,A02,K1.B1,X23-X23.4F,Terminal_Point,3,0,0,0,1,0,0
3671,=A02+K1.B1-X23-X23.4F:6,=A02+K1.B1-X23-X23.4F,A02,K1.B1,X23-X23.4F,Terminal_Point,6,0,0,0,1,0,0
3672,=V01+K1.B1-A4:10,=V01+K1.B1-A4,V01,K1.B1,A4,,10,0,0,0,0,0,0
3674,=A02+K1.B1-X23-X23.4M:6,=A02+K1.B1-X23-X23.4M,A02,K1.B1,X23-X23.4M,Terminal_Point,6,0,0,0,1,0,0
3675,=A02+K1.B1-X23-X23.4M:5,=A02+K1.B1-X23-X23.4M,A02,K1.B1,X23-X23.4M,Terminal_Point,5,0,0,0,1,0,0
3677,=A02+K1.B1-X23-X23.4F:5,=A02+K1.B1-X23-X23.4F,A02,K1.B1,X23-X23.4F,Terminal_Point,5,0,0,0,1,0,0
3679,=A02+K1.B1-X23-X23.4F:9,=A02+K1.B1-X23-X23.4F,A02,K1.B1,X23-X23.4F,Terminal_Point,9,0,0,0,1,0,0
3682,=A02+K1.B1-X23-X23.4M:9,=A02+K1.B1-X23-X23.4M,A02,K1.B1,X23-X23.4M,Terminal_Point,9,0,0,0,1,0,0
3683,=A02+K1.B1-X23-X23.4M:8,=A02+K1.B1-X23-X23.4M,A02,K1.B1,X23-X23.4M,Terminal_Point,8,0,0,0,1,0,0
3685,=V01+K1.B1-A1:12,=V01+K1.B1-A1,V01,K1.B1,A1,,12,0,0,0,0,0,0
3686,=A02+K1.B1-X23-X23.4F:8,=A02+K1.B1-X23-X23.4F,A02,K1.B1,X23-X23.4F,Terminal_Point,8,0,0,0,1,0,0
3687,=A02+K1.B1-X23-X23.4M:14,=A02+K1.B1-X23-X23.4M,A02,K1.B1,X23-X23.4M,Terminal_Point,14,0,0,0,1,0,0
3689,=A02+K1.B1-X23-X23.4F:11,=A02+K1.B1-X23-X23.4F,A02,K1.B1,X23-X23.4F,Terminal_Point,11,0,0,0,1,0,0
3690,=V01+K1.B1-A4:11,=V01+K1.B1-A4,V01,K1.B1,A4,,11,0,0,0,0,0,0
3692,=A02+K1.B1-X23-X23.4M:11,=A02+K1.B1-X23-X23.4M,A02,K1.B1,X23-X23.4M,Terminal_Point,11,0,0,0,1,0,0
3693,=A02+K1.B1-X23-X23.4M:10,=A02+K1.B1-X23-X23.4M,A02,K1.B1,X23-X23.4M,Terminal_Point,10,0,0,0,1,0,0
3696,=A02+K1.B1-X23-X23.4F:10,=A02+K1.B1-X23-X23.4F,A02,K1.B1,X23-X23.4F,Terminal_Point,10,0,0,0,1,0,0
3697,=A02+K1.B1-X23-X23.4F:13,=A02+K1.B1-X23-X23.4F,A02,K1.B1,X23-X23.4F,Terminal_Point,13,0,0,0,1,0,0
3698,=V01+K1.B1-A4:12,=V01+K1.B1-A4,V01,K1.B1,A4,,12,0,0,0,0,0,0
3700,=A02+K1.B1-X23-X23.4M:13,=A02+K1.B1-X23-X23.4M,A02,K1.B1,X23-X23.4M,Terminal_Point,13,0,0,0,1,0,0
3701,=A02+K1.B1-X23-X23.4M:12,=A02+K1.B1-X23-X23.4M,A02,K1.B1,X23-X23.4M,Terminal_Point,12,0,0,0,1,0,0
3703,=A02+K1.B1-X23-X23.4F:12,=A02+K1.B1-X23-X23.4F,A02,K1.B1,X23-X23.4F,Terminal_Point,12,0,0,0,1,0,0
3705,=A02+K1.B1-X23-X23.5F:2,=A02+K1.B1-X23-X23.5F,A02,K1.B1,X23-X23.5F,Terminal_Point,2,0,0,0,1,0,0
3708,=A02+K1.B1-X23-X23.5M:2,=A02+K1.B1-X23-X23.5M,A02,K1.B1,X23-X23.5M,Terminal_Point,2,0,0,0,1,0,0
3709,=A02+K1.B1-X23-X23.5M:1,=A02+K1.B1-X23-X23.5M,A02,K1.B1,X23-X23.5M,Terminal_Point,1,0,0,0,1,0,0
3711,=V01+K1.B1-A2:7,=V01+K1.B1-A2,V01,K1.B1,A2,,7,0,0,0,0,0,0
3712,=A02+K1.B1-X23-X23.5F:1,=A02+K1.B1-X23-X23.5F,A02,K1.B1,X23-X23.5F,Terminal_Point,1,0,0,0,1,0,0
3713,=A02+K1.B1-X23-X23.5M:7,=A02+K1.B1-X23-X23.5M,A02,K1.B1,X23-X23.5M,Terminal_Point,7,0,0,0,1,0,0
3715,=A02+K1.B1-X23-X23.5F:4,=A02+K1.B1-X23-X23.5F,A02,K1.B1,X23-X23.5F,Terminal_Point,4,0,0,0,1,0,0
3716,=V01+K1.B1-A4:13,=V01+K1.B1-A4,V01,K1.B1,A4,,13,0,0,0,0,0,0
3718,=A02+K1.B1-X23-X23.5M:4,=A02+K1.B1-X23-X23.5M,A02,K1.B1,X23-X23.5M,Terminal_Point,4,0,0,0,1,0,0
3719,=A02+K1.B1-X23-X23.5M:3,=A02+K1.B1-X23-X23.5M,A02,K1.B1,X23-X23.5M,Terminal_Point,3,0,0,0,1,0,0
3722,=A02+K1.B1-X23-X23.5F:3,=A02+K1.B1-X23-X23.5F,A02,K1.B1,X23-X23.5F,Terminal_Point,3,0,0,0,1,0,0
3723,=A02+K1.B1-X23-X23.5F:6,=A02+K1.B1-X23-X23.5F,A02,K1.B1,X23-X23.5F,Terminal_Point,6,0,0,0,1,0,0
3724,=V01+K1.B1-A4:14,=V01+K1.B1-A4,V01,K1.B1,A4,,14,0,0,0,0,0,0
3726,=A02+K1.B1-X23-X23.5M:6,=A02+K1.B1-X23-X23.5M,A02,K1.B1,X23-X23.5M,Terminal_Point,6,0,0,0,1,0,0
3727,=A02+K1.B1-X23-X23.5M:5,=A02+K1.B1-X23-X23.5M,A02,K1.B1,X23-X23.5M,Terminal_Point,5,0,0,0,1,0,0
3729,=A02+K1.B1-X23-X23.5F:5,=A02+K1.B1-X23-X23.5F,A02,K1.B1,X23-X23.5F,Terminal_Point,5,0,0,0,1,0,0
3731,=A02+K1.B1-X23-X23.5F:9,=A02+K1.B1-X23-X23.5F,A02,K1.B1,X23-X23.5F,Terminal_Point,9,0,0,0,1,0,0
3734,=A02+K1.B1-X23-X23.5M:9,=A02+K1.B1-X23-X23.5M,A02,K1.B1,X23-X23.5M,Terminal_Point,9,0,0,0,1,0,0
3735,=A02+K1.B1-X23-X23.5M:8,=A02+K1.B1-X23-X23.5M,A02,K1.B1,X23-X23.5M,Terminal_Point,8,0,0,0,1,0,0
3737,=V01+K1.B1-A2:8,=V01+K1.B1-A2,V01,K1.B1,A2,,8,0,0,0,0,0,0
3738,=A02+K1.B1-X23-X23.5F:8,=A02+K1.B1-X23-X23.5F,A02,K1.B1,X23-X23.5F,Terminal_Point,8,0,0,0,1,0,0
3739,=A02+K1.B1-X23-X23.5M:14,=A02+K1.B1-X23-X23.5M,A02,K1.B1,X23-X23.5M,Terminal_Point,14,0,0,0,1,0,0
3741,=A02+K1.B1-X23-X23.5F:11,=A02+K1.B1-X23-X23.5F,A02,K1.B1,X23-X23.5F,Terminal_Point,11,0,0,0,1,0,0
3742,=V01+K1.B1-A4:15,=V01+K1.B1-A4,V01,K1.B1,A4,,15,0,0,0,0,0,0
3744,=A02+K1.B1-X23-X23.5M:11,=A02+K1.B1-X23-X23.5M,A02,K1.B1,X23-X23.5M,Terminal_Point,11,0,0,0,1,0,0
3745,=A02+K1.B1-X23-X23.5M:10,=A02+K1.B1-X23-X23.5M,A02,K1.B1,X23-X23.5M,Terminal_Point,10,0,0,0,1,0,0
3748,=A02+K1.B1-X23-X23.5F:10,=A02+K1.B1-X23-X23.5F,A02,K1.B1,X23-X23.5F,Terminal_Point,10,0,0,0,1,0,0
3749,=A02+K1.B1-X23-X23.5F:13,=A02+K1.B1-X23-X23.5F,A02,K1.B1,X23-X23.5F,Terminal_Point,13,0,0,0,1,0,0
3750,=V01+K1.B1-A4:16,=V01+K1.B1-A4,V01,K1.B1,A4,,16,0,0,0,0,0,0
3752,=A02+K1.B1-X23-X23.5M:13,=A02+K1.B1-X23-X23.5M,A02,K1.B1,X23-X23.5M,Terminal_Point,13,0,0,0,1,0,0
3753,=A02+K1.B1-X23-X23.5M:12,=A02+K1.B1-X23-X23.5M,A02,K1.B1,X23-X23.5M,Terminal_Point,12,0,0,0,1,0,0
3755,=A02+K1.B1-X23-X23.5F:12,=A02+K1.B1-X23-X23.5F,A02,K1.B1,X23-X23.5F,Terminal_Point,12,0,0,0,1,0,0
3757,=A02+K1.B1-X23-X23.1F:11,=A02+K1.B1-X23-X23.1F,A02,K1.B1,X23-X23.1F,Terminal_Point,11,0,0,0,1,0,0
3760,=A02+K1.B1-X23-X23.1M:11,=A02+K1.B1-X23-X23.1M,A02,K1.B1,X23-X23.1M,Terminal_Point,11,0,0,0,1,0,0
3761,=A02+K1.B1-X23-X23.1M:10,=A02+K1.B1-X23-X23.1M,A02,K1.B1,X23-X23.1M,Terminal_Point,10,0,0,0,1,0,0
3763,=A02+K1.B1-K22:24,=A02+K1.B1-K22,A02,K1.B1,K22,AX_NO_2,24,0,0,0,0,0,0
3764,=A02+K1.B1-X23-X23.1F:10,=A02+K1.B1-X23-X23.1F,A02,K1.B1,X23-X23.1F,Terminal_Point,10,0,0,0,1,0,0
3765,=A02+K1.B1-K22:23,=A02+K1.B1-K22,A02,K1.B1,K22,AX_NO_2,23,0,0,0,0,0,0
3766,=V01+K1.B1-A2:9,=V01+K1.B1-A2,V01,K1.B1,A2,,9,0,0,0,0,0,0
3767,=A02+K1.B1-X23-X23.1M:12,=A02+K1.B1-X23-X23.1M,A02,K1.B1,X23-X23.1M,Terminal_Point,12,0,0,0,1,0,0
3769,=A02+K1.B1-X23-X23.1F:14,=A02+K1.B1-X23-X23.1F,A02,K1.B1,X23-X23.1F,Terminal_Point,14,0,0,0,1,0,0
3772,=A02+K1.B1-X23-X23.1M:14,=A02+K1.B1-X23-X23.1M,A02,K1.B1,X23-X23.1M,Terminal_Point,14,0,0,0,1,0,0
3773,=A02+K1.B1-X23-X23.1M:13,=A02+K1.B1-X23-X23.1M,A02,K1.B1,X23-X23.1M,Terminal_Point,13,0,0,0,1,0,0
3775,=A02+K1.B1-K22:64,=A02+K1.B1-K22,A02,K1.B1,K22,AX_NO_6,64,0,0,0,0,0,0
3776,=A02+K1.B1-X23-X23.1F:13,=A02+K1.B1-X23-X23.1F,A02,K1.B1,X23-X23.1F,Terminal_Point,13,0,0,0,1,0,0
3777,=A02+K1.B1-K22:63,=A02+K1.B1-K22,A02,K1.B1,K22,AX_NO_6,63,0,0,0,0,0,0
3778,=V01+K1.B1-A2:10,=V01+K1.B1-A2,V01,K1.B1,A2,,10,0,0,0,0,0,0
3779,=A02+K1.B1-X23-X23.1M:15,=A02+K1.B1-X23-X23.1M,A02,K1.B1,X23-X23.1M,Terminal_Point,15,0,0,0,1,0,0
3781,=A02+K1.B1-X23-X23.6F:2,=A02+K1.B1-X23-X23.6F,A02,K1.B1,X23-X23.6F,Terminal_Point,2,0,0,0,1,0,0
3784,=A02+K1.B1-X23-X23.6M:2,=A02+K1.B1-X23-X23.6M,A02,K1.B1,X23-X23.6M,Terminal_Point,2,0,0,0,1,0,0
3785,=A02+K1.B1-X23-X23.6M:1,=A02+K1.B1-X23-X23.6M,A02,K1.B1,X23-X23.6M,Terminal_Point,1,0,0,0,1,0,0
3787,=V01+K1.B1-A1:13,=V01+K1.B1-A1,V01,K1.B1,A1,,13,0,0,0,0,0,0
3788,=A02+K1.B1-X23-X23.6F:1,=A02+K1.B1-X23-X23.6F,A02,K1.B1,X23-X23.6F,Terminal_Point,1,0,0,0,1,0,0
3789,=A02+K1.B1-X23-X23.6M:7,=A02+K1.B1-X23-X23.6M,A02,K1.B1,X23-X23.6M,Terminal_Point,7,0,0,0,1,0,0
3791,=A02+K1.B1-X23-X23.6F:4,=A02+K1.B1-X23-X23.6F,A02,K1.B1,X23-X23.6F,Terminal_Point,4,0,0,0,1,0,0
3792,=V01+K1.B1-A5:1,=V01+K1.B1-A5,V01,K1.B1,A5,,1,0,0,0,0,0,0
3794,=A02+K1.B1-X23-X23.6M:4,=A02+K1.B1-X23-X23.6M,A02,K1.B1,X23-X23.6M,Terminal_Point,4,0,0,0,1,0,0
3795,=A02+K1.B1-X23-X23.6M:3,=A02+K1.B1-X23-X23.6M,A02,K1.B1,X23-X23.6M,Terminal_Point,3,0,0,0,1,0,0
3798,=A02+K1.B1-X23-X23.6F:3,=A02+K1.B1-X23-X23.6F,A02,K1.B1,X23-X23.6F,Terminal_Point,3,0,0,0,1,0,0
3799,=A02+K1.B1-X23-X23.6F:6,=A02+K1.B1-X23-X23.6F,A02,K1.B1,X23-X23.6F,Terminal_Point,6,0,0,0,1,0,0
3800,=V01+K1.B1-A5:2,=V01+K1.B1-A5,V01,K1.B1,A5,,2,0,0,0,0,0,0
3802,=A02+K1.B1-X23-X23.6M:6,=A02+K1.B1-X23-X23.6M,A02,K1.B1,X23-X23.6M,Terminal_Point,6,0,0,0,1,0,0
3803,=A02+K1.B1-X23-X23.6M:5,=A02+K1.B1-X23-X23.6M,A02,K1.B1,X23-X23.6M,Terminal_Point,5,0,0,0,1,0,0
3805,=A02+K1.B1-X23-X23.6F:5,=A02+K1.B1-X23-X23.6F,A02,K1.B1,X23-X23.6F,Terminal_Point,5,0,0,0,1,0,0
3807,=V01+K1.B1-V1:2.1,=V01+K1.B1-V1,V01,K1.B1,V1,,2.1,0,0,0,0,0,0
3811,=V01+K1.B1-V2:2.1,=V01+K1.B1-V2,V01,K1.B1,V2,,2.1,0,0,0,0,0,0
3816,=A02+K1.B1-K21:44,=A02+K1.B1-K21,A02,K1.B1,K21,AX_NO_4,44,0,0,0,0,0,0
3817,=V01+K1.B1-A1.1:2,=V01+K1.B1-A1.1,V01,K1.B1,A1.1,,2,0,0,0,0,0,0
3818,=A02+K1.B1-K21:43,=A02+K1.B1-K21,A02,K1.B1,K21,AX_NO_4,43,0,0,0,0,0,0
3820,=V01+K1.B1-A1.1:7,=V01+K1.B1-A1.1,V01,K1.B1,A1.1,,7,0,0,0,0,0,0
3821,=V01+K1.B1-A2.1:2,=V01+K1.B1-A2.1,V01,K1.B1,A2.1,,2,0,0,0,0,0,0
3822,=V01+K1.B1-W5(-P1):X2,=V01+K1.B1-W5(-P1),V01,K1.B1,W5(-P1),,X2,0,0,0,0,0,0
3823,=V01+K1.B1-A2.1:7,=V01+K1.B1-A2.1,V01,K1.B1,A2.1,,7,0,0,0,0,0,0
3825,=V01+K1.B1-A5.1:2,=V01+K1.B1-A5.1,V01,K1.B1,A5.1,,2,0,0,0,0,0,0
3827,=V01+K1.B1-A5.1:7,=V01+K1.B1-A5.1,V01,K1.B1,A5.1,,7,0,0,0,0,0,0
3828,=V01+K1.B1-W5(-P2):X3,=V01+K1.B1-W5(-P2),V01,K1.B1,W5(-P2),,X3,0,0,0,0,0,0
