Consecutive number,"Connection
device identifier(full)","cable
Type/connections number/RCS",Connection: Type designation,Connection color / number,Connection: Cross-section / diameter,Length (full),"Device (source)
Name of target connection point (full)","Device (target)
Name of target connection point (full)",Wire termination processing source,Wire termination processing target,Routing direction source,Routing direction target,Bundle,Layout space: Routing track,Connection designation,Remark
1,=+,,H05V-K,OG,"0,5",,=A01+K1.H2-Q1:D2,=A01+K1.B1-K3:14,,,,,,,,
2,=+,,H07RN-F,BK,95,,=A01+K1.H2-W0:L1,=A01+K1.H2-Q1:T1,,,,,,,,
3,=+,,H07RN-F,BK,95,,=A01+K1.H2-F0:2,=A01+K1.H2-Q1:L1,,,,,,,,
4,=+,,NSGAFÖU,BK,2.5,,=A01+K1.H2-Q1:L1,=A01+K1.H2-Q2:L1,,,,,,,,
5,=+,,H07RN-F,BK,95,,=A01+K1.H2-W0:L2,=A01+K1.H2-Q1:T2,,,,,,,,
6,=+,,H07RN-F,BK,95,,=A01+K1.H2-F0:4,=A01+K1.H2-Q1:L2,,,,,,,,
7,=+,,NSGAFÖU,BK,2.5,,=A01+K1.H2-Q1:L2,=A01+K1.H2-Q2:L2,,,,,,,,
8,=+,,H07RN-F,BK,95,,=A01+K1.H2-W0:L3,=A01+K1.H2-Q1:T3,,,,,,,,
9,=+,,H07RN-F,BK,95,,=A01+K1.H2-Q1:L3,=A01+K1.H2-F0:6,,,,,,,,
10,=+,,NSGAFÖU,BK,2.5,,=A01+K1.H2-Q1:L3,=A01+K1.H2-Q2:L3,,,,,,,,
11,=+,,H07V-K,BU,16,,=A01+K1.H2-X1:N:2,=A01+K1.H2-X1:N:1,,,,,,,,
12,=+,,H07V-K,BU,16,,=A01+K1.H2-X1:N:2,=A02+K1.H2-X5:N:1,,,,,,,,
13,=+,,H07RN-F,BK,70,,N,=A01+K1.H2-X1:N:1,,,,,,,,
14,=A01+I1-W100,H07V-K 1x50 mm²,,GNYE,50,5 m,=A01+K1.H2-X1:PE:2,=A01+S1-W0:PE,,,,,,,,
15,=+,,H05V-K,direkt verbunden,"0,5",,=A01+K1.H2-X1:PE:4,=A02+K1.H2-W20:SE,,,,,,,,
16,=+,,H07RN-F,BK,70,,PE,=A01+K1.H2-X1:PE:3,,,,,,,,
17,=+,,H07V-K,GNYE,16,,=A01+K1.H2-X1:PE:2,=A02+K1.H2-X6:PE:1,,,,,,,,
18,=+,,H05V-K,OG,"0,5",,=A01+K1.H2-Q1:3.14,=A01+K1.H2-G1:SEC:31,,,,,,,,
19,=+,,H05V-K,OG,"0,75",,=A01+K1.H2-Q1:3.13,=A01+K1.H2-Q1:D1,,,,,,,,
20,=+,,H07V-K,GNYE,"1,5",,=A01+K1.H2-G1:SEC:31,=A01+K1.H2-X1:PE:1,,,,,,,,
21,=+,,H07V-K,GNYE,"1,5",,=A01+K1.H2-X1:PE:1,=A01+K1.H2-G1:PRI:PE,,,,,,,,
22,=+,,H07V-K,OG,"1,5",,=A01+K1.H2-Q2:T1,=A01+K1.H2-G1:PRI:1,,,,,,,,
23,=+,,H05V-K,OG,"0,5",,=A01+K1.H2-G1:SEC:32,=A02+K1.B1-X21-X21.1F:12,,,,,,,,
24,=+,,H07V-K,OG,"1,5",,=A01+K1.H2-Q2:T2,=A01+K1.H2-G1:PRI:2,,,,,,,,
25,=+,,H07V-K,OG,"1,5",,=A01+K1.H2-Q2:T3,=A01+K1.H2-X1:5:3,,,,,,,,
26,=+,,H07V-K,OG,"1,5",,=A01+K1.H2-X1:5:3,=A01+K1.H2-X1:7:3,,,,,,,,
27,=+,,H05V-K,OG,"0,5",,=A01+K1.B1-K3:11,=A01+K1.H2-X1:3:4,,,,,,,,
28,=+,,H05V-K,OG,"0,5",,=A01+K1.H2-X1:2:5,=A02+K1.B1-A3:13,,,,,,,,
29,=A01+K1-W301,ÖLFLEX® 550 P 5G0.75 mm,,GY,0.75,7 m,=A01+K1.G2-S1:4,=A01+K1.H2-X1:2:2,,,,,,,,
30,=A01+K1-W301,ÖLFLEX® 550 P 5G0.75 mm,,BK,0.75,7 m,=A01+K1.H2-X1:1:4,=A01+K1.G2-S1:3,,,,,,,,
31,=+,,H05V-K,OG,"0,5",,=A01+K1.B1-W7(-P1):P1:1,=A01+K1.H2-X1:1:3,,,,,,,,
32,=A01+K1-W301,ÖLFLEX® 550 P 5G0.75 mm,,BU,0.75,7 m,=A01+K1.G2-S1:2,=A01+K1.H2-X1:3:3,,,,,,,,
33,=A01+K1-W301,ÖLFLEX® 550 P 5G0.75 mm,,BN,0.75,7 m,=A01+K1.G2-S1:1,=A01+K1.H2-X1:4:2,,,,,,,,
34,=+,,H05V-K,OG,"0,5",,=A01+K1.H2-X1:4:5,=A02+K1.B1-X21-X21.1F:11,,,,,,,,
35,=+,,H05V-K,OG,"0,5",,=A02+K1.B1-X21-X21.1F:10,=A02+K1.B1-A3:14,,,,,,,,
36,=A01+I1-W303,5G0.75 mm,,BK,0.75,5.5 m,=A01+S1-S3:4,=A02+K1.B1-X21-X21.1M:10,,,,,,,,
37,=A01+I1-W303,5G0.75 mm,,BU,0.75,5.5 m,=A02+K1.B1-X21-X21.1F:9,=A01+S1-S3:1,,,,,,,,
38,=+,,H05V-K,OG,"0,5",,=A01+K1.B1-W7(-P1):P1:1,=A02+K1.B1-X21-X21.1M:9,,,,,,,,
39,=A01+I1-W303,5G0.75 mm,,GY,0.75,5.5 m,=A01+S1-S3:.2,=A02+K1.B1-X21-X21.1M:11,,,,,,,,
40,=A01+I1-W303,5G0.75 mm,,BN,0.75,5.5 m,=A01+S1-S3:.1,=A02+K1.B1-X21-X21.1M:12,,,,,,,,
41,=A02+I1-W105,,,BK,"0,75",13 m,,,,,,,,,,
42,=A02+I1-W105,,,BK,"0,75",13 m,,,,,,,,,,
43,=A02+I1-W105,,,BK,4.00,13 m,,,,,,,,,,
44,=A02+I1-W105,,,GNYE,4,13 m,,,,,,,,,,
45,=A01+K1-W101,ÖLFLEX® 550 P 3G0.75 mm,,BN,0.75,3 m,=A01+K1.H2-X1:5:4,=A01+K1.B1-X20:L,,,,,,,,
46,=A01+K1-W101,ÖLFLEX® 550 P 3G0.75 mm,,BU,0.75,3 m,=A01+K1.H2-X1:6:5,=A01+K1.B1-X20:N,,,,,,,,
47,=+,,H07V-K,BU,"1,5",,=A02+K1.H2-X5:N:5,=A01+K1.H2-X1:6:2,,,,,,,,
48,=A01+K1-W101,ÖLFLEX® 550 P 3G0.75 mm,,GNYE,0.75,3 m,=A01+K1.H2-X1:PE:1,=A01+K1.B1-X20:PE,,,,,,,,
49,=A01+K1-W102,ÖLFLEX® 550 P 3G0.75 mm,,BN,0.75,3 m,=A01+K1.H2-X1:7:4,=A01+K1.E1-E1:L,,,,,,,,
50,=A01+K1-W102,ÖLFLEX® 550 P 3G0.75 mm,,GNYE,0.75,3 m,=A01+K1.H2-X1:PE:1,=A01+K1.E1-E1:PE,,,,,,,,
51,=A01+K1-W102,ÖLFLEX® 550 P 3G0.75 mm,,BU,0.75,3 m,=A01+K1.H2-X1:8:5,=A01+K1.E1-E1:N,,,,,,,,
52,=+,,H07V-K,BU,"1,5",,=A02+K1.H2-X5:N:5,=A01+K1.H2-X1:8:2,,,,,,,,
53,=+,,H07V-K,OG,"1,5",,=A01+K1.B1-W7(-P1):P1:1,=A01+K1.H1-G2-L+,,,,,,,,
54,=+,,H07V-K,OG,"1,5",,=A01+K1.H2-F1:2,=A01+K1.H1-G2-L,,,,,,,,
55,=+,,H07V-K,OG,"1,5",,=A01+K1.H2-X1:9:4,=A01+K1.H2-F1:1,,,,,,,,
56,=A01+K1-W103,ÖLFLEX® 550 P 3G0.75 mm,,BN,0.75,3 m,=P01+K1.G1-E1:X4:L,=A01+K1.H2-X1:9:3,,,,,,,,
57,=+,,H07V-K,OG,"1,5",,=A01+K1.H2-X1:10:5,=A01+K1.H1-G2-N,,,,,,,,
58,=A01+K1-W103,ÖLFLEX® 550 P 3G0.75 mm,,BU,0.75,3 m,=P01+K1.G1-E1:X4:N,=A01+K1.H2-X1:10:2,,,,,,,,
59,=+,,H07V-K,OG,"1,5",,=A01+K1.H1-G2-L-,=A01+K1.B1-W7(-P2):P2:1,,,,,,,,
60,=+,,H05V-K,GNYE,"0,75",,=A01+K1.H2-X1:PE:1,=A01+K1.H1-G2-PE,,,,,,,,
61,=+,,H05V-K,GNYE,"0,75",,=A02+K1.H2-X6:2:2,=A01+K1.H1-G2-PE:PE,,,,,,,,
62,=+,,H07V-K,GNYE,"1,5",,=A01+K1.H1-G2-L-,=A02+K1.H2-X6:3:1,,,,,,,,
63,=A01+K1-W106,"ÖLFLEX® CLASSIC 110 12x0,75 mm²",,1,"0,75",2 m,=A01+K1.H2-X1:11:4,=A02+K1.B1-A5:1,,,,,,,,
64,=+,,H05V-K,BK,"0,75",,=A01+K1.H2-X1:11:3,=A02+K1.H2-Q1:T1,,,,,,,,
65,=+,,H05V-K,BK,"0,75",,=A02+K1.H2-Q1:T1,=A02+K1.H1-G2:L1,,,,,,,,
66,=A01+K1-W106,"ÖLFLEX® CLASSIC 110 12x0,75 mm²",,2,"0,75",2 m,=A01+K1.H2-X1:12:5,=A02+K1.B1-A5:2,,,,,,,,
67,=+,,H05V-K,BK,"0,75",,=A01+K1.H2-X1:12:2,=A02+K1.H2-Q1:T2,,,,,,,,
68,=+,,H05V-K,BK,"0,75",,=A02+K1.H2-Q1:T2,=A02+K1.H1-G2:L2,,,,,,,,
69,=A01+K1-W106,"ÖLFLEX® CLASSIC 110 12x0,75 mm²",,3,"0,75",2 m,=A01+K1.H2-X1:13:4,=A02+K1.B1-A5:3,,,,,,,,
70,=+,,H05V-K,BK,"0,75",,=A01+K1.H2-X1:13:3,=A02+K1.H2-Q1:T3,,,,,,,,
71,=+,,H05V-K,BK,"0,75",,=A02+K1.H2-Q1:T3,=A02+K1.H1-G2:L3,,,,,,,,
72,=A01+K1-W106,"ÖLFLEX® CLASSIC 110 12x0,75 mm²",,4,"0,75",2 m,=A01+K1.H2-X1:15:4,=A02+K1.B1-A5:4,,,,,,,,
73,=+,,H07V-K,BU,"1,5",,=A01+K1.H2-X1:14:5,=A01+K1.H2-X1:15:3,,,,,,,,
74,=A01+K1-W106,"ÖLFLEX® CLASSIC 110 12x0,75 mm²",,5,"0,75",2 m,=A01+K1.H2-X1:16:5,=A02+K1.B1-A5:5,,,,,,,,
75,=+,,H05V-K,BK,"0,75",,=A01+K1.H2-T1:-L1i,=A01+K1.H2-X1:16:2,,,,,,,,
76,=+,,H05V-K,BU,"0,75",,=A01+K1.H2-T1:-L1k,=A01+K1.H2-T1:-L2k,,,,,,,,
77,=+,,H05V-K,BU,"0,75",,=A01+K1.H2-T1:-L2k,=A01+K1.H2-T1:-L3k,,,,,,,,
78,=+,,H05V-K,BU,"0,75",,=A01+K1.H2-T1:-L3k,=A01+K1.H2-X1:19:3,,,,,,,,
79,=A01+K1-W106,"ÖLFLEX® CLASSIC 110 12x0,75 mm²",,6,"0,75",2 m,=A01+K1.H2-X1:17:4,=A02+K1.B1-A5:6,,,,,,,,
80,=+,,H05V-K,BK,"0,75",,=A01+K1.H2-T1:-L2i,=A01+K1.H2-X1:17:3,,,,,,,,
81,=A01+K1-W106,"ÖLFLEX® CLASSIC 110 12x0,75 mm²",,7,"0,75",2 m,=A01+K1.H2-X1:18:5,=A02+K1.B1-A5:7,,,,,,,,
82,=+,,H05V-K,BK,"0,75",,=A01+K1.H2-T1:-L3i,=A01+K1.H2-X1:18:2,,,,,,,,
83,=A01+K1-W106,"ÖLFLEX® CLASSIC 110 12x0,75 mm²",,8,"0,75",2 m,=A01+K1.H2-X1:19:4,=A02+K1.B1-A5:8,,,,,,,,
84,=+,,H05V-K,BU,"0,5",,=A01+K1.H2-K1:A2,=A02+K1.B1-W5(-P2):P2:1,,,,,,,,
85,=+,,H05V-K,BU,"0,5",,=A02+K1.B1-K20:34,=A01+K1.H2-K1:A1,,,,,,,,
86,=+,,H05V-K,BU,"0,5",,=A01+K1.H2-K1:A1,=A01+K1.H2-K1:13,,,,,,,,
87,=+,,H05V-K,BU,"0,5",,=F01+K1.B1-K1:64,=A02+K1.B1-K20:33,,,,,,,,
88,=+,,H05V-K,BU,"0,5",,=A02+K1.B1-W5(-P1):P1,=F01+K1.B1-K1:63,,,,,,,,
89,=+,,H05V-K,BU,"0,5",,=A01+K1.H2-K2:A2,=A02+K1.B1-W5(-P2):P2:1,,,,,,,,
90,=+,,H05V-K,BU,"0,5",,=A01+K1.H2-K1:14,=A01+K1.H2-K2:A1,,,,,,,,
91,=+,,H05V-K,BU,"0,5",,=A01+K1.H2-K2:44,=Q15+K1.H2-F11:14,,,,,,,,
92,=+,,H05V-K,BU,"0,5",,=A01+K1.H2-K2:44,=Q15+K1.H2-F12:13,,,,,,,,
93,=+,,H05V-K,BU,"0,5",,=A01+K1.H2-K2:44,=Q15+K1.H2-F13:13,,,,,,,,
94,=+,,H05V-K,BU,"0,5",,=A01+K1.H2-K2:44,=Q15+K1.H2-F14:14,,,,,,,,
95,=+,,H05V-K,BU,"0,5",,=A01+K1.H2-K2:44,=Q01+K1.H2-Q1:13,,,,,,,,
96,=+,,H05V-K,BU,"0,5",,=A01+K1.H2-K1:44,=A01+K1.H2-K2:43,,,,,,,,
97,=+,,H05V-K,BU,"0,5",,=A02+K1.B1-W5(-P1):P1:1,=A01+K1.H2-K1:43,,,,,,,,
98,=+,,H05V-K,BU,"0,5",,=A01+K1.B1-K3:A2,=A02+K1.B1-W5(-P2):P2:2,,,,,,,,
99,=+,,H05V-K,BU,"0,5",,=A02+K1.B1-A1:1,=A01+K1.B1-K3:A1,,,,,,,,
100,=+,,H05V-K,BU,"0,5",,=A01+K1.B1-K3:21,=A02+K1.B1-A3:15,,,,,,,,
101,=+,,H05V-K,BU,"0,5",,=A01+K1.B1-W7(-P1):P1:2,=A01+K1.B1-K3:22,,,,,,,,
102,=+,,NSGAFÖU,BK,16,,=A01+K1.H2-W0:L1,=A02+K1.H2-W1:1L1,,,,,,,,
103,=+,,NSGAFÖU,BK,16,,=A01+K1.H2-W0:L2,=A02+K1.H2-W1:1L2,,,,,,,,
104,=+,,NSGAFÖU,BK,16,,=A01+K1.H2-W0:L3,=A02+K1.H2-W1:1L3,,,,,,,,
105,=+,,NSGAFÖU,BK,16,,=A01+K1.H2-K1:2,=A02+K1.H2-W2:2L1,,,,,,,,
106,=+,,NSGAFÖU,BK,16,,=A01+K1.H2-W0:L1,=A01+K1.H2-K1:1,,,,,,,,
107,=+,,NSGAFÖU,BK,16,,=A01+K1.H2-K1:4,=A02+K1.H2-W2:2L2,,,,,,,,
108,=+,,NSGAFÖU,BK,16,,=A01+K1.H2-W0:L2,=A01+K1.H2-K1:3,,,,,,,,
109,=+,,NSGAFÖU,BK,16,,=A01+K1.H2-K1:6,=A02+K1.H2-W2:2L3,,,,,,,,
110,=+,,NSGAFÖU,BK,16,,=A01+K1.H2-W0:L3,=A01+K1.H2-K1:5,,,,,,,,
111,=+,,NSGAFÖU,BK,16,,=A01+K1.H2-W0:L1,=A02+K1.H2-W3:3L1,,,,,,,,
112,=+,,NSGAFÖU,BK,16,,=A01+K1.H2-W0:L2,=A02+K1.H2-W3:3L2,,,,,,,,
113,=+,,NSGAFÖU,BK,16,,=A01+K1.H2-W0:L3,=A02+K1.H2-W3:3L3,,,,,,,,
114,=+,,H05V-K,BU,"0,5",,=A01+K1.H2-K2:2,=A02+K1.H2-W4:1L1,,,,,,,,
115,=+,,NSGAFÖU,BK,16,,=A01+K1.H2-W0:L1,=A01+K1.H2-K2:1,,,,,,,,
116,=+,,H05V-K,BU,"0,5",,=A01+K1.H2-K2:4,=A02+K1.H2-W4:1L2,,,,,,,,
117,=+,,NSGAFÖU,BK,16,,=A01+K1.H2-W0:L2,=A01+K1.H2-K2:3,,,,,,,,
118,=+,,H05V-K,BU,"0,5",,=A01+K1.H2-K2:6,=A02+K1.H2-W4:1L3,,,,,,,,
119,=+,,NSGAFÖU,BK,16,,=A01+K1.H2-W0:L3,=A01+K1.H2-K2:5,,,,,,,,
120,=+,,H05V-K,BU,"0,5",,=A02+K1.H2-W2:2L3,=A02+K1.H2-W2.1:2L3,,,,,,,,
121,=+,,H05V-K,BU,"0,5",,=A02+K1.H2-W2:2L2,=A02+K1.H2-W2.1:2L2,,,,,,,,
122,=+,,H05V-K,BU,"0,5",,=A02+K1.H2-W2:2L1,=A02+K1.H2-W2.1:2L1,,,,,,,,
123,=+,,H07V-K,BU,4,,=A02+K1.H1-G2:+V,=A02+K1.B1-V1(0):1,,,,,,,,
124,=+,,H05V-K,direkt verbunden,"0,5",,=A02+K1.H2-Q1:L1,=A02+K1.H2-W1:1L1,,,,,,,,
125,=+,,H05V-K,direkt verbunden,"0,5",,=A02+K1.H2-W1:1L2,=A02+K1.H2-Q1:L2,,,,,,,,
126,=+,,H05V-K,direkt verbunden,"0,5",,=A02+K1.H2-W1:1L3,=A02+K1.H2-Q1:L3,,,,,,,,
127,=+,,H07V-K,BU,4,,=A02+K1.H1-G2:-V,=A02+K1.B1-W6(-P2):P2:1,,,,,,,,
128,=+,,H05V-K,GNYE,"0,75",,=A02+K1.H2-X6:PE:2,=A02+K1.H1-G2:PE,,,,,,,,
129,=+,,H07V-K,GNYE,4,,=A02+K1.H1-G2:-V',=A02+K1.H2-X6:PE:1,,,,,,,,
130,=+,,H07V-K,BK,"1,5",,=A02+K1.H2-F2:2,=A02+K1.B1-X200:L,,,,,,,,
131,=+,,,direkt verbunden,,,=A01+K1.H2-W0:L1,=A02+K1.H2-F2:1,,,,,,,,
132,=+,,H07V-K,BU,"1,5",,=A02+K1.H2-X5:2:1,=A02+K1.B1-X200:N,,,,,,,,
133,=+,,H07V-K,GNYE,"1,5",,=A02+K1.H2-X6:4:1,=A02+K1.B1-X200:PE,,,,,,,,
134,=A02+K1-W100,"ÖLFLEX® CLASSIC 110 3x0,75 mm²",,1,"0,75",3.5 m,=A02+K1.H1-K1:2,=A02+K1.A1-X21:L,,,,,,,,
135,=+,,H07V-K,BK,"1,5",,=A02+K1.H1-K1:2,=A02+K1.H1-K1:4,,,,,,,,
136,=+,,H07V-K,BK,"1,5",,=A02+K1.H1-K1:4,=A02+K1.H1-K1:6,,,,,,,,
137,=A02+K1-W100,"ÖLFLEX® CLASSIC 110 3x0,75 mm²",,2,"0,75",3.5 m,=A02+K1.A1-X21:N,=A02+K1.H2-X22:N,,,,,,,,
138,=+,,H07V-K,BU,"1,5",,=A02+K1.H2-X22:N,=A02+K1.H2-F3.1:4/3,,,,,,,,
139,=A02+K1-W100,"ÖLFLEX® CLASSIC 110 3x0,75 mm²",,GNYE,"0,75",3.5 m,=A02+K1.H2-X6:PE:2,=A02+K1.A1-X21:PE,,,,,,,,
140,=+,,H07V-K,BK,"1,5",,=A02+K1.H1-K1:3,=A02+K1.H1-K1:5,,,,,,,,
141,=+,,H07V-K,BK,"1,5",,=A02+K1.H1-K1:1,=A02+K1.H1-K1:3,,,,,,,,
142,=+,,H07V-K,BK,"1,5",,=A02+K1.H1-K1:1,=A02+K1.H2-F3.1:2/1,,,,,,,,
143,=+,,H07V-K,BK,"1,5",,=A02+K1.H2-F3.1:2/1,=A02+K1.H2-X22:L,,,,,,,,
144,=+,,H07V-K,BK,"1,5",,=A02+K1.H2-F3:2,=A02+K1.H2-F3.1:1/2,,,,,,,,
145,=+,,,direkt verbunden,,,=A01+K1.H2-W0:L2,=A02+K1.H2-F3:1,,,,,,,,
146,=+,,H07V-K,GNYE,"1,5",,=A02+K1.H2-X22:PE,=A02+K1.H2-X6:PE:2,,,,,,,,
147,=+,,H07V-K,BU,"1,5",,=A02+K1.H2-F3.1:3/4,=A02+K1.H2-X5:N:1,,,,,,,,
148,=+,,H05V-K,BU,"0,5",,=A02+K1.H1-K1:A2,=A02+K1.B1-W5(-P2):P2:1,,,,,,,,
149,=+,,H05V-K,BU,"0,5",,=A02+K1.B1-A1:2,=A02+K1.H1-K1:A1,,,,,,,,
150,=A02+K1-W101,"ÖLFLEX® CLASSIC 110 3x1,5 mm²",,2,"1,5",,=A02+K1.E1-S1:14,=A02+K1.B1-X9:2:5,,,,,,,,
151,=A02+K1-W101,"ÖLFLEX® CLASSIC 110 3x1,5 mm²",,1,"1,5",,=A02+K1.B1-X9:1:4,=A02+K1.E1-S1:13,,,,,,,,
152,=+,,H07V-K,BK,"1,5",,=A02+K1.H2-F4:2,=A02+K1.B1-X9:1:3,,,,,,,,
153,=+,,,direkt verbunden,,,=A01+K1.H2-W0:L1,=A02+K1.H2-F4:1,,,,,,,,
154,=+,,H07V-K,BK,"1,5",,=A02+K1.B1-X9:2:2,=A02+K1.B1-X9:3:3,,,,,,,,
155,=A02+K1-W102,"ÖLFLEX® CLASSIC 110 3x1,5 mm²",,2,"1,5",,=A02+K1.E1-S2:14,=A02+K1.B1-X9:4:5,,,,,,,,
156,=A02+K1-W102,"ÖLFLEX® CLASSIC 110 3x1,5 mm²",,1,"1,5",,=A02+K1.B1-X9:3:4,=A02+K1.E1-S2:13,,,,,,,,
157,=+,,H07V-K,BK,"1,5",,=A02+K1.B1-X9:4:2,=A02+K1.B1-X9:5:3,,,,,,,,
158,=A02+K1-W103,"ÖLFLEX® CLASSIC 110 3x1,5 mm²",,2,"1,5",,=A02+K1.E1-S3:14,=A02+K1.B1-X9:6:5,,,,,,,,
159,=A02+K1-W103,"ÖLFLEX® CLASSIC 110 3x1,5 mm²",,1,"1,5",,=A02+K1.B1-X9:5:4,=A02+K1.E1-S3:13,,,,,,,,
160,=+,,H07V-K,BK,"1,5",,=A02+K1.B1-X9:6:2,=A02+K1.B1-X9:7:3,,,,,,,,
161,=A02+K1-W104,"ÖLFLEX® CLASSIC 110 3x1,5 mm²",,1,"1,5",3.5 m,=A02+K1.B1-X9:7:4,=A02+K1.A1-M1:X1:L1,,,,,,,,
162,=A02+K1-W104,"ÖLFLEX® CLASSIC 110 3x1,5 mm²",,2,"1,5",3.5 m,=A02+K1.A1-M1:X1:N,=A02+K1.B1-X9:8:5,,,,,,,,
163,=A02+K1-W104,"ÖLFLEX® CLASSIC 110 3x1,5 mm²",,GNYE,"1,5",3.5 m,=A02+K1.A1-M1:X1:PE,=A02+K1.B1-X9:PE:1,,,,,,,,
164,=+,,H07V-K,BU,"1,5",,=A02+K1.H2-X5:N:2,=A02+K1.B1-X9:8:2,,,,,,,,
165,=A02+K1-W105,"ÖLFLEX® CLASSIC 110 4x0,5 mm²",,1,"0,5",3.5 m,=A02+K1-A1:1,=A02+K1.A1-M1:RS485+,,,,,,,,
166,=+,,H05V-K,BU,"0,5",,=A02+K1-A1:USB,=P01+K1.G1-D1:USB6,,,,,,,,
167,=A02+K1-W105,"ÖLFLEX® CLASSIC 110 4x0,5 mm²",,2,"0,5",3.5 m,=A02+K1-A1:2,=A02+K1.A1-M1:RS485-,,,,,,,,
168,=+,,H05V-K,GNYE,"16,00",,=A02+S1.I1-X1:1,=A01+S1-W0:PE,,,,,,,,
169,=+,,H05V-K,GNYE,"16,00",,=A02+S1-X101:1,=A01+S1-W0:PE,,,,,,,,
170,=+,,H07V-K,GNYE,16,,=A02+K1.H2-X6:PE:2,=A02+K1.B1-X100:1:1,,,,,,,,
171,=+,,H07V-K,GNYE,16,,=A02+K1.H2-X6:PE:2,=A02+K1.B1-X100:2:1,,,,,,,,
172,=+,,H07V-K,GNYE,16,,=A02+K1.H2-X6:PE:2,=A02+K1.B1-X100:3:1,,,,,,,,
173,=+,,H07V-K,GNYE,16,,=A02+K1.H2-X6:PE:2,=A01+K1.I1-X1:1,,,,,,,,
174,=+,,H05V-K,BU,"0,5",,=A02+K1-W30:SE,=A01+K1.I1-X1:4,,,,,,,,
175,=+,,H05V-K,BU,"0,5",,=A02+K1.H2-W20:SE,=A02+K1.H1-W21:SE,,,,,,,,
176,=+,,H05V-K,BU,"0,5",,=A02+K1.B1-W22:SE,=A02+K1.H1-W21:SE,,,,,,,,
177,=+,,H05V-K,BU,"0,5",,=A02+K1.H1-W21:SE,=A02+K1.H1-W12:SE,,,,,,,,
178,=+,,H05V-K,BU,"0,5",,=A02+K1.B1-W10:SE,=A02+K1.B1-W22:SE,,,,,,,,
179,=+,,H05V-K,BU,"0,5",,=A02+K1.B1-W9:SE,=A02+K1.B1-W22:SE,,,,,,,,
180,=+,,H05V-K,BU,"0,5",,=A02+K1.B1-W11:SE,=A02+K1.B1-W22:SE,,,,,,,,
181,=A02+I1-W303,"UNITRONIC® LiYY 25x0,25",,WHRD,"0,25",5 m,=A02+K1.B1-X20-X20.1M:13,=A02+S1-A21-X1:23,,,,,,,,
182,=+,,H05V-K,BU,"0,5",,=A02+K1.B1-W5(-P2):P2,=A02+K1.B1-X20-X20.1F:13,,,,,,,,
183,=A02+I1-W303,"UNITRONIC® LiYY 25x0,25",,BNRD,"0,25",5 m,=A02+K1.B1-X20-X20.1M:14,=A02+S1-A21-X1:24,,,,,,,,
184,=+,,H05V-K,BU,"0,5",,=A02+K1.B1-W5(-P2):P2,=A02+K1.B1-X20-X20.1F:14,,,,,,,,
185,=A02+I1-W303,"UNITRONIC® LiYY 25x0,25",,WHBK,"0,25",5 m,=A02+K1.B1-X20-X20.1M:15,=A02+S1-A21-X1:25,,,,,,,,
186,=+,,H05V-K,BU,"0,5",,=A02+K1.B1-W5(-P2):P2,=A02+K1.B1-X20-X20.1F:15,,,,,,,,
187,=A02+I1-W304,"UNITRONIC® LiYY 25x0,25",,WHRD,"0,25",5 m,=A02+K1.B1-X20-X20.2M:13,=A02+S1-A23-X1:23,,,,,,,,
188,=+,,H05V-K,BU,"0,5",,=A02+K1.B1-W5(-P2):P2,=A02+K1.B1-X20-X20.2F:13,,,,,,,,
189,=A02+I1-W304,"UNITRONIC® LiYY 25x0,25",,BNRD,"0,25",5 m,=A02+K1.B1-X20-X20.2M:14,=A02+S1-A23-X1:24,,,,,,,,
190,=+,,H05V-K,BU,"0,5",,=A02+K1.B1-W5(-P2):P2,=A02+K1.B1-X20-X20.2F:14,,,,,,,,
191,=A02+I1-W304,"UNITRONIC® LiYY 25x0,25",,WHBK,"0,25",5 m,=A02+K1.B1-X20-X20.2M:15,=A02+S1-A23-X1:25,,,,,,,,
192,=+,,H05V-K,BU,"0,5",,=A02+K1.B1-W5(-P2):P2,=A02+K1.B1-X20-X20.2F:15,,,,,,,,
193,=A02+I1-W303,"UNITRONIC® LiYY 25x0,25",,BK,"0,25",,=A02+K1.B1-X20-X20.1M:9,=A02+S1-A21-X1:9,,,,,,,,
194,=+,,H05V-K,BU,"0,5",,=A02+K1.B1-A1:4,=A02+K1.B1-X20-X20.1F:9,,,,,,,,
195,=A02+I1-W303,"UNITRONIC® LiYY 25x0,25",,VT,"0,25",,=A02+K1.B1-X20-X20.1M:10,=A02+S1-A21-X1:10,,,,,,,,
196,=+,,H05V-K,BU,"0,5",,=A02+K1.B1-A1:5,=A02+K1.B1-X20-X20.1F:10,,,,,,,,
197,=+,,H05V-K,BU,"0,5",,=A02+K1.B1-X20-X20.3F:2,=A02+K1.B1-A3:4,,,,,,,,
198,=A02+I1-W351,LIYY 2x0.25,,BU,0.25,,=A02+S1-S2,=A02+K1.B1-X20-X20.3M:2,,,,,,,,
199,=A02+I1-W351,LIYY 2x0.25,,BN,0.25,,=A02+K1.B1-X20-X20.3M:1,=A02+S1-S2,,,,,,,,
200,=+,,H05V-K,BU,"0,5",,=A02+K1.B1-W5(-P1):X1:3,=A02+K1.B1-X20-X20.3F:1,,,,,,,,
201,=+,,H05V-K,BU,"0,5",,=A02+K1.B1-X20-X20.3F:4,=A02+K1.B1-A3:5,,,,,,,,
202,=A02+I1-W352,LIYY 2x0.25,,BU,0.25,,=A02+S1-S3,=A02+K1.B1-X20-X20.3M:4,,,,,,,,
203,=A02+I1-W352,LIYY 2x0.25,,BN,0.25,,=A02+K1.B1-X20-X20.3M:3,=A02+S1-S3,,,,,,,,
204,=+,,H05V-K,BU,"0,5",,=A02+K1.B1-W5(-P1):X1:3,=A02+K1.B1-X20-X20.3F:3,,,,,,,,
205,=A02+I1-W303,"UNITRONIC® LiYY 25x0,25",,GYPK,"0,25",,=A02+K1.B1-X20-X20.1M:11,=A02+S1-A21-X1:11,,,,,,,,
206,=+,,H05V-K,BU,"0,5",,=A02+K1.B1-A1:6,=A02+K1.B1-X20-X20.1F:11,,,,,,,,
207,=A02+I1-W303,"UNITRONIC® LiYY 25x0,25",,RDBU,"0,25",,=A02+K1.B1-X20-X20.1M:12,=A02+S1-A21-X1:12,,,,,,,,
208,=+,,H05V-K,BU,"0,5",,=A02+K1.B1-A1:7,=A02+K1.B1-X20-X20.1F:12,,,,,,,,
209,=+,,H05V-K,BU,"0,5",,=A02+K1.B1-X20-X20.3F:6,=A02+K1.B1-A3:6,,,,,,,,
210,=A02+I1-W353,LIYY 2x0.25,,BU,0.25,,=A02+S1-S12,=A02+K1.B1-X20-X20.3M:6,,,,,,,,
211,=A02+I1-W353,LIYY 2x0.25,,BN,0.25,,=A02+K1.B1-X20-X20.3M:5,=A02+S1-S12,,,,,,,,
212,=+,,H05V-K,BU,"0,5",,=A02+K1.B1-W5(-P1):X1:3,=A02+K1.B1-X20-X20.3F:5,,,,,,,,
213,=+,,H05V-K,BU,"0,5",,=A02+K1.B1-X20-X20.3F:8,=A02+K1.B1-A3:7,,,,,,,,
214,=A02+I1-W354,LIYY 2x0.25,,BU,0.25,,=A02+S1-S13,=A02+K1.B1-X20-X20.3M:8,,,,,,,,
215,=A02+I1-W354,LIYY 2x0.25,,BN,0.25,,=A02+K1.B1-X20-X20.3M:7,=A02+S1-S13,,,,,,,,
216,=+,,H05V-K,BU,"0,5",,=A02+K1.B1-W5(-P1):X1:3,=A02+K1.B1-X20-X20.3F:7,,,,,,,,
217,=A02+I1-W304,"UNITRONIC® LiYY 25x0,25",,WH,"0,25",,=A02+K1.B1-X20-X20.2M:1,=A02+S1-A23-X1:1,,,,,,,,
218,=+,,H05V-K,BU,"0,5",,=A02+K1.B1-A1:8,=A02+K1.B1-X20-X20.2F:1,,,,,,,,
219,=A02+I1-W304,"UNITRONIC® LiYY 25x0,25",,BN,"0,25",,=A02+K1.B1-X20-X20.2M:2,=A02+S1-A23-X1:2,,,,,,,,
220,=+,,H05V-K,BU,"0,5",,=A02+K1.B1-A1:9,=A02+K1.B1-X20-X20.2F:2,,,,,,,,
221,=A02+I1-W304,"UNITRONIC® LiYY 25x0,25",,GN,"0,25",,=A02+K1.B1-X20-X20.2M:3,=A02+S1-A23-X1:3,,,,,,,,
222,=+,,H05V-K,BU,"0,5",,=A02+K1.B1-A1:10,=A02+K1.B1-X20-X20.2F:3,,,,,,,,
223,=A02+I1-W304,"UNITRONIC® LiYY 25x0,25",,YE,"0,25",,=A02+K1.B1-X20-X20.2M:4,=A02+S1-A23-X1:4,,,,,,,,
224,=+,,H05V-K,BU,"0,5",,=A02+K1.B1-A1:11,=A02+K1.B1-X20-X20.2F:4,,,,,,,,
225,=A02+I1-W304,"UNITRONIC® LiYY 25x0,25",,GY,"0,25",,=A02+K1.B1-X20-X20.2M:5,=A02+S1-A23-X1:5,,,,,,,,
226,=+,,H05V-K,BU,"0,5",,=A02+K1.B1-A1:12,=A02+K1.B1-X20-X20.2F:5,,,,,,,,
227,=A02+I1-W304,"UNITRONIC® LiYY 25x0,25",,PK,"0,25",,=A02+K1.B1-X20-X20.2M:6,=A02+S1-A23-X1:6,,,,,,,,
228,=+,,H05V-K,BU,"0,5",,=A02+K1.B1-A1:13,=A02+K1.B1-X20-X20.2F:6,,,,,,,,
229,=A02+I1-W304,"UNITRONIC® LiYY 25x0,25",,BU,"0,25",,=A02+S1-A23-X1:7,=A02+K1.B1-X20-X20.2M:7,,,,,,,,
230,=+,,H05V-K,BU,"0,5",,=A02+K1.B1-A1:14,=A02+K1.B1-X20-X20.2F:7,,,,,,,,
231,=A02+I1-W304,"UNITRONIC® LiYY 25x0,25",,RD,"0,25",,=A02+S1-A23-X1:8,=A02+K1.B1-X20-X20.2M:8,,,,,,,,
232,=+,,H05V-K,BU,"0,5",,=A02+K1.B1-A1:15,=A02+K1.B1-X20-X20.2F:8,,,,,,,,
233,=A02+I1-W304,"UNITRONIC® LiYY 25x0,25",,BK,"0,25",,=A02+S1-A23-X1:9,=A02+K1.B1-X20-X20.2M:9,,,,,,,,
234,=+,,H05V-K,BU,"0,5",,=A02+K1.B1-A1:16,=A02+K1.B1-X20-X20.2F:9,,,,,,,,
235,=A02+I1-W304,"UNITRONIC® LiYY 25x0,25",,VT,"0,25",,=A02+S1-A23-X1:10,=A02+K1.B1-X20-X20.2M:10,,,,,,,,
236,=+,,H05V-K,BU,"0,5",,=A02+K1.B1-A2:1,=A02+K1.B1-X20-X20.2F:10,,,,,,,,
237,=A02+I1-W304,"UNITRONIC® LiYY 25x0,25",,GYPK,"0,25",,=A02+K1.B1-X20-X20.2M:11,=A02+S1-A23-X1:11,,,,,,,,
238,=+,,H05V-K,BU,"0,5",,=A02+K1.B1-A2:2,=A02+K1.B1-X20-X20.2F:11,,,,,,,,
239,=A02+I1-W304,"UNITRONIC® LiYY 25x0,25",,RDBU,"0,25",,=A02+K1.B1-X20-X20.2M:12,=A02+S1-A23-X1:12,,,,,,,,
240,=+,,H05V-K,BU,"0,5",,=A02+K1.B1-A2:3,=A02+K1.B1-X20-X20.2F:12,,,,,,,,
241,=A02+I1-W350,"ÖLFLEX® CLASSIC 110 3x0,5 mm²",,1,0.5,6 m,=A02+K1.B1-X20-X20.3M:9,=A02+S1-S2:1,,,,,,,,
242,=+,,H05V-K,BU,"0,5",,=A02+K1.B1-A2:4,=A02+K1.B1-X20-X20.3F:9,,,,,,,,
243,=+,,H05V-K,BU,"0,5",,=A02+K1.B1-X20-X20.3F:10,=A02+K1.B1-A3:8,,,,,,,,
244,=A02+I1-W350,"ÖLFLEX® CLASSIC 110 3x0,5 mm²",,2,0.5,,=A02+S1-S2:3,=A02+K1.B1-X20-X20.3M:10,,,,,,,,
245,=+,,H05V-K,BU,"0,5",,=A02+K1.B1-A4:1,=A02+K1.B1-X20-X20.3F:11,,,,,,,,
246,=A02+I1-W380,"ÖLFLEX® CLASSIC 110 2x0,5 mm²",,1,"0,5",9 m,=A02+K1.B1-X20-X20.3M:11,=A02+S1-B20:1,,,,,,,,
247,=A02+I1-W380,"ÖLFLEX® CLASSIC 110 2x0,5 mm²",,2,"0,5",9 m,=A02+K1.B1-X20-X20.3M:12,=A02+S1-B20:2,,,,,,,,
248,=+,,H05V-K,BU,"0,5",,=A02+K1.B1-X20-X20.3F:12,=A02+K1.B1-A4:2,,,,,,,,
249,=+,,H05V-K,BU,"0,5",,=A02+K1.B1-A4:5,=A02+K1.B1-X20-X20.3F:13,,,,,,,,
250,=A02+I1-W381,"ÖLFLEX® CLASSIC 110 2x0,5 mm²",,1,"0,5",8 m,=A02+K1.B1-X20-X20.3M:13,=A02+S1-B21:1,,,,,,,,
251,=A02+I1-W381,"ÖLFLEX® CLASSIC 110 2x0,5 mm²",,2,"0,5",8 m,=A02+K1.B1-X20-X20.3M:14,=A02+S1-B21:2,,,,,,,,
252,=+,,H05V-K,BU,"0,5",,=A02+K1.B1-X20-X20.3F:14,=A02+K1.B1-A4:6,,,,,,,,
253,=+,,H05V-K,BU,"0,5",,=A02+K1.B1-X20-X20.5M:6,=A02+K1.B1-X20-X20.5M:7,,,,,,,,
254,=+,,H05V-K,BU,"0,75",,=A02+K1.B1-W5(-P1):P1,=A02+K1.B1-X20-X20.5M:7,,,,,,,,
255,=A02+I1-W385,"Sensorleitung 8x0,25",,BN,"0,25",,=A02+S1-J20:2,=A02+K1.B1-X20-X20.5F:6,,,,,,,,
256,=A02+S1-W385,"LIY 8x0,5",,BN,"0,5",,=A02+S1-S20:2,=A02+S1-J20:2,,,,,,,,
257,=A02+I1-W385,"Sensorleitung 8x0,25",,WH,"0,25",,=A02+S1-J20:1,=A02+K1.B1-X20-X20.5F:7,,,,,,,,
258,=A02+S1-W385,"LIY 8x0,5",,WH,"0,5",,=A02+S1-S20:1,=A02+S1-J20:1,,,,,,,,
259,=+,,H05V-K,BU,"0,5",,=A02+K1.B1-X20-X20.5M:8,=A02+K1.B1-X20-X20.5M:11,,,,,,,,
260,=A02+I1-W385,"Sensorleitung 8x0,25",,BU,"0,25",,=A02+S1-J20:7,=A02+K1.B1-X20-X20.5F:8,,,,,,,,
261,=A02+S1-W385,"LIY 8x0,5",,BU,"0,5",,=A02+S1-S20:7,=A02+S1-J20:7,,,,,,,,
262,=+,,H05V-K,BU,"0,5",,=A02+K1.B1-X20-X20.5M:9,=A02+K1.B1-X20-X20.5M:10,,,,,,,,
263,=+,,H05V-K,BU,"0,5",,=A02+K1.B1-X20-X20.5M:10,=A02+K1.B1-K21.1:72,,,,,,,,
264,=A02+I1-W385,"Sensorleitung 8x0,25",,RD,"0,25",,=A02+S1-J20:8,=A02+K1.B1-X20-X20.5F:9,,,,,,,,
265,=A02+S1-W385,"LIY 8x0,5",,RD,"0,5",,=A02+S1-S20:8,=A02+S1-J20:8,,,,,,,,
266,=A02+S1-W385,"LIY 8x0,5",,PK,"0,5",,=A02+S1-S20:6,=A02+S1-J20:6,,,,,,,,
267,=A02+I1-W385,"Sensorleitung 8x0,25",,GY,"0,25",,=A02+S1-J20:5,=A02+K1.B1-X20-X20.5F:10,,,,,,,,
268,=A02+S1-W385,"LIY 8x0,5",,GY,"0,5",,=A02+S1-S20:5,=A02+S1-J20:5,,,,,,,,
269,=A02+I1-W385,"Sensorleitung 8x0,25",,GN,"0,25",,=A02+S1-J20:3,=A02+K1.B1-X20-X20.5F:11,,,,,,,,
270,=A02+S1-W385,"LIY 8x0,5",,GN,"0,5",,=A02+S1-S20:3,=A02+S1-J20:3,,,,,,,,
271,=+,,H05V-K,BU,"0,75",,=A02+K1.B1-X20-X20.5M:12,=A02+K1.B1-W5(-P2):P2,,,,,,,,
272,=A02+I1-W385,"Sensorleitung 8x0,25",,YE,"0,25",,=A02+S1-J20:4,=A02+K1.B1-X20-X20.5F:12,,,,,,,,
273,=A02+S1-W385,"LIY 8x0,5",,YE,"0,5",,=A02+S1-S20:4,=A02+S1-J20:4,,,,,,,,
274,=+,,H05V-K,BU,"0,5",,=A02+K1.B1-K21.1:71,=A02+K1.B1-X20-X20.5M:13,,,,,,,,
275,=A02+I1-W386,"NEBV-Z4WA2L-R-E-10-N-LE2-S1 2x0,14 mm²",,BK1,"0,75",10 m,=A02+K1.B1-X20-X20.5F:13,=A02+S1-Y1:1,,,,,,,,
276,=+,,H05V-K,BU,"0,75",,=A02+K1.B1-X20-X20.5M:14,=A02+K1.B1-W5(-P2):P2,,,,,,,,
277,=A02+I1-W386,"NEBV-Z4WA2L-R-E-10-N-LE2-S1 2x0,14 mm²",,BK2,"0,75",10 m,=A02+S1-Y1:2,=A02+K1.B1-X20-X20.5F:14,,,,,,,,
278,=+,,H05V-K,BU,"0,75",,=A02+K1.B1-W5(-P2):P2:2,=A02+K1.B1-K19:A2,,,,,,,,
279,=+,,H05V-K,BU,"0,5",,=A02+K1.B1-W5(-P1):P1:1,=A02+K1.B1-K19:A1,,,,,,,,
280,=+,,H05V-K,BU,"0,5",,=A02+K1.B1-X20-X20.4F:1,=A02+K1.B1-K19:S11,,,,,,,,
281,=A02+I1-W362,"ÖLFLEX® CLASSIC 110 5x0,5 mm²",,1,"0,5",5 m,=A02+S1-S1:12,=A02+K1.B1-X20-X20.4M:1,,,,,,,,
282,=A02+I1-W362,"ÖLFLEX® CLASSIC 110 5x0,5 mm²",,4,"0,5",5 m,=A02+S1-S1:11,=A02+K1.B1-X20-X20.4M:4,,,,,,,,
283,=+,,H05V-K,BU,"0,5",,=A02+K1.B1-X20-X20.4F:2,=A02+K1.B1-K19:S21,,,,,,,,
284,=A02+I1-W362,"ÖLFLEX® CLASSIC 110 5x0,5 mm²",,2,"0,5",5 m,=A02+S1-S1:22,=A02+K1.B1-X20-X20.4M:2,,,,,,,,
285,=A02+I1-W362,"ÖLFLEX® CLASSIC 110 5x0,5 mm²",,3,"0,5",5 m,=A02+S1-S1:21,=A02+K1.B1-X20-X20.4M:3,,,,,,,,
286,=+,,H05V-K,BU,"0,5",,=A02+K1.B1-X20-X20.4F:3,=A02+K1.B1-X20-X20.4F:6,,,,,,,,
287,=+,,H05V-K,BU,"0,5",,=A02+K1.B1-X20-X20.4F:4,=A02+K1.B1-X20-X20.4F:5,,,,,,,,
288,=+,,H05V-K,BU,"0,5",,=A02+K1.B1-K21.1:12,=A02+K1.B1-K22:43,,,,,,,,
289,=+,,H05V-K,BU,"0,5",,=A02+K1.B1-K21:12,=A02+K1.B1-K21.1:11,,,,,,,,
290,=+,,H05V-K,BU,"0,75",,=A02+K1.B1-K21:11,=A02+K1.B1-K20:12,,,,,,,,
291,=+,,H05V-K,BU,"0,5",,=A02+K1.B1-K19:S34,=A02+K1.B1-K20:11,,,,,,,,
292,=A02+I1-W363,"ÖLFLEX® CLASSIC 110 5x0,5 mm²",,1,"0,5",5 m,=A02+S1-S11:12,=A02+K1.B1-X20-X20.4M:5,,,,,,,,
293,=A02+I1-W363,"ÖLFLEX® CLASSIC 110 5x0,5 mm²",,4,"0,5",5 m,=A02+S1-S11:11,=A02+K1.B1-X20-X20.4M:8,,,,,,,,
294,=A02+I1-W363,"ÖLFLEX® CLASSIC 110 5x0,5 mm²",,2,"0,5",5 m,=A02+S1-S11:22,=A02+K1.B1-X20-X20.4M:6,,,,,,,,
295,=A02+I1-W363,"ÖLFLEX® CLASSIC 110 5x0,5 mm²",,3,"0,5",5 m,=A02+S1-S11:21,=A02+K1.B1-X20-X20.4M:7,,,,,,,,
296,=+,,H05V-K,BU,"0,5",,=A02+K1.B1-X20-X20.4F:7,=A02+K1.B1-K19:S22,,,,,,,,
297,=+,,H05V-K,BU,"0,5",,=A02+K1.B1-X20-X20.4F:8,=A02+K1.B1-K19:S12,,,,,,,,
298,=+,,H05V-K,BU,"0,5",,=F01+K1.B1-K1:12,=A02+K1.B1-X9:12:5,,,,,,,,
299,=+,,H05V-K,BU,"0,75",,=F01+K1.B1-K1:11,=A02+K1.B1-K22:44,,,,,,,,
300,=A02+K1-W331,ÖLFLEX® CLASSIC 110 5x0.75 mm²,,2,"0,75",,=A02+K1.G2-S2:.4,=A02+K1.B1-X9:12:2,,,,,,,,
301,=A02+K1-W331,ÖLFLEX® CLASSIC 110 5x0.75 mm²,,1,"0,75",2 m,=A02+K1.B1-X9:11:4,=A02+K1.G2-S2:.3,,,,,,,,
302,=+,,H05V-K,,,,=A02+K1.B1-X9:10:5,=A02+K1.B1-X9:11:3,,,,,,,,
303,=A02+K1-W330,"ÖLFLEX® CLASSIC 110 5x0,75 mm²",,2,"0,75",,=A02+K1.G2-S3:12,=A02+K1.B1-X9:10:2,,,,,,,,
304,=A02+K1-W330,"ÖLFLEX® CLASSIC 110 5x0,75 mm²",,1,"0,75",5 m,=A02+K1.B1-X9:9:4,=A02+K1.G2-S3:11,,,,,,,,
305,=+,,H05V-K,BU,"0,5",,=A02+K1.B1-W5(-P1):P1:1,=A02+K1.B1-X9:9:3,,,,,,,,
306,=+,,H05V-K,BU,"0,5",,=A02+K1.B1-X9:16:5,=A02+K1.B1-W5(-P2):P2:1,,,,,,,,
307,=A02+K1-W331,ÖLFLEX® CLASSIC 110 5x0.75 mm²,,4,"0,75",,=A02+K1.G2-S2:X2,=A02+K1.B1-X9:16:2,,,,,,,,
308,=A02+K1-W331,ÖLFLEX® CLASSIC 110 5x0.75 mm²,,3,"0,75",2 m,=A02+K1.B1-X9:15:4,=A02+K1.G2-S2:X1,,,,,,,,
309,=+,,H05V-K,BU,"0,75",,=A02+K1.B1-K20:72,=A02+K1.B1-X9:15:3,,,,,,,,
310,=+,,H05V-K,BU,"0,5",,=A02+K1.B1-X9:14:5,=A02+K1.B1-K20:71,,,,,,,,
311,=A02+K1-W330,"ÖLFLEX® CLASSIC 110 5x0,75 mm²",,4,"0,75",,=A02+K1.G2-S3:.4,=A02+K1.B1-X9:14:2,,,,,,,,
312,=A02+K1-W330,"ÖLFLEX® CLASSIC 110 5x0,75 mm²",,3,"0,75",5 m,=A02+K1.B1-X9:13:4,=A02+K1.G2-S3:.3,,,,,,,,
313,=+,,H05V-K,BU,"0,5",,=A02+K1.B1-W5(-P1):P1:2,=A02+K1.B1-X9:13:3,,,,,,,,
314,=+,,H05V-K,BU,"0,75",,=A02+K1.B1-W5(-P2):P2:2,=A02+K1.B1-K20:A2,,,,,,,,
315,=+,,H05V-K,,,,=A02+K1.B1-K20,=A02+K1.B1-K20,,,,,,,,
316,=+,,H05V-K,BU,"0,5",,=A02+K1.B1-K19:14,=A02+K1.B1-K20:A11,,,,,,,,
317,=+,,H05V-K,BU,"0,5",,=A02+K1.B1-K20:A11,=A02+K1.B1-K21:A11,,,,,,,,
318,=+,,H05V-K,BU,"0,5",,=A02+K1.B1-K21:A11,=A02+K1.B1-K21.1:A11,,,,,,,,
319,=+,,H05V-K,BU,"0,5",,=A02+K1.B1-W5(-P1):P1:1,=A02+K1.B1-K19:13,,,,,,,,
320,=+,,H05V-K,BU,"0,5",,=A02+K1.B1-K19:24,=A02+K1.B1-K20:A12,,,,,,,,
321,=+,,H05V-K,BU,"0,5",,=A02+K1.B1-K20:A12,=A02+K1.B1-K21:A12,,,,,,,,
322,=+,,H05V-K,BU,"0,5",,=A02+K1.B1-K21:A12,=A02+K1.B1-K21.1:A12,,,,,,,,
323,=+,,H05V-K,BU,"0,5",,=A02+K1.B1-A3:9,=A02+K1.B1-K21.1:A12,,,,,,,,
324,=+,,H05V-K,BU,"0,5",,=A02+K1.B1-W5(-P1):P1:1,=A02+K1.B1-K19:23,,,,,,,,
325,=+,,H05V-K,BU,"0,5",,=A02+K1.B1-K21:A2,=A02+K1.B1-W5(-P2):P2:1,,,,,,,,
326,=+,,H05V-K,,,,=A02+K1.B1-K21,=A02+K1.B1-K21,,,,,,,,
327,=+,,H05V-K,BU,"0,5",,=A02+K1.B1-K21.1:A2,=A02+K1.B1-W5(-P2):P2:1,,,,,,,,
328,=+,,H05V-K,,,,=A02+K1.B1-K21.1,=A02+K1.B1-K21.1,,,,,,,,
329,=+,,H05V-K,BU,"0,75",,=A02+K1.B1-W5(-P2):P2:2,=A02+K1.B1-K22:A2,,,,,,,,
330,=+,,H05V-K,,,,=A02+K1.B1-K22,=A02+K1.B1-K22,,,,,,,,
331,=+,,H05V-K,BU,"0,5",,=A01+K1.H2-K1:22,=A02+K1.B1-K22:A11,,,,,,,,
332,=+,,H05V-K,BU,"0,75",,=A02+K1.B1-W5(-P1):P1,=A02+K1.B1-X20-X20.5F:5,,,,,,,,
333,=+,,H05V-K,BU,"0,5",,=A01+K1.H2-K2:22,=A02+K1.B1-K22:A12,,,,,,,,
334,=+,,H05V-K,BU,"0,5",,=A01+K1.H2-K1:21,=A01+K1.H2-K2:21,,,,,,,,
335,=+,,H05V-K,BU,"0,75",,=A01+K1.H2-K1:21,=A02+K1.B1-X20-X20.5F:4,,,,,,,,
336,=+,,H05V-K,BU,"0,5",,=A02+K1.B1-K22:54,=A02+K1.B1-A3:10,,,,,,,,
337,=+,,H05V-K,BU,"0,5",,=A02+K1.B1-W5(-P1):P1:1,=A02+K1.B1-K22:53,,,,,,,,
338,=A02+K1-W310,ÖLFLEX® CLASSIC 110 7x0.75 mm²,,1,"0,75",5 m,=A02+K1.B1-X9:17:4,=A02+K1.G2-H1:0,,,,,,,,
339,=+,,H05V-K,BU,"0,5",,=A02+K1.B1-W5(-P2):P2:1,=A02+K1.B1-X9:17:3,,,,,,,,
340,=A02+K1-W310,ÖLFLEX® CLASSIC 110 7x0.75 mm²,,2,"0,75",5 m,=A02+K1.B1-X9:18:5,=A02+K1.G2-H1:1,,,,,,,,
341,=+,,H05V-K,BU,"0,5",,=A02+K1.B1-A2:5,=A02+K1.B1-X9:18:2,,,,,,,,
342,=A02+K1-W310,ÖLFLEX® CLASSIC 110 7x0.75 mm²,,3,"0,75",5 m,=A02+K1.B1-X9:19:4,=A02+K1.G2-H1:2,,,,,,,,
343,=+,,H05V-K,BU,"0,5",,=A02+K1.B1-A2:6,=A02+K1.B1-X9:19:3,,,,,,,,
344,=A02+K1-W310,ÖLFLEX® CLASSIC 110 7x0.75 mm²,,4,"0,75",5 m,=A02+K1.B1-X9:20:5,=A02+K1.G2-H1:3,,,,,,,,
345,=+,,H05V-K,BU,"0,5",,=A02+K1.B1-A2:7,=A02+K1.B1-X9:20:2,,,,,,,,
346,=A02+K1-W310,ÖLFLEX® CLASSIC 110 7x0.75 mm²,,5,"0,75",5 m,=A02+K1.B1-X9:21:4,=A02+K1.G2-H1:4,,,,,,,,
347,=+,,H05V-K,BU,"0,5",,=A02+K1.B1-A2:8,=A02+K1.B1-X9:21:3,,,,,,,,
348,=A02+K1-W310,ÖLFLEX® CLASSIC 110 7x0.75 mm²,,GNYE,"0,75",5 m,=A02+K1.B1-X9:PE:1,=A02+K1.G2-H1:PE,,,,,,,,
349,=+,,H05V-K,BU,"0,5",,=A02+K1.B1-V1(0):1,=A02+K1.B1-V1:1.1,,,,,,,,
350,=+,,H05V-K,BU,"0,5",,=A02+K1.B1-W6(-P2):P2:2,=A02+K1.B1-V1:3.1,,,,,,,,
351,=+,,H05V-K,Bridge piece,FBS 10-6,,=F01+K1.B1-V1:1.1,=A02+K1.B1-V1:1.1,,,,,,,,
352,=+,,H05V-K,Bridge piece,FBS 10-6 BU,,=F01+K1.B1-V1:3.2,=A02+K1.B1-V1:3.2,,,,,,,,
353,=+,,H05V-K,Bridge piece,FBS 10-6,,=O01+K1.B1-V1:1.1,=F01+K1.B1-V1:1.1,,,,,,,,
354,=+,,H05V-K,Bridge piece,FBS 10-6 BU,,=O01+K1.B1-V1:3.2,=F01+K1.B1-V1:3.2,,,,,,,,
355,=+,,H05V-K,Bridge piece,FBS 10-6,,=Q01+K1.B1-V1:1.1,=O01+K1.B1-V1:1.1,,,,,,,,
356,=+,,H05V-K,Bridge piece,FBS 10-6 BU,,=Q01+K1.B1-V1:3.2,=O01+K1.B1-V1:3.2,,,,,,,,
357,=+,,H05V-K,Bridge piece,FBS 10-6,,=S02+K1.B1-V1:1.1,=Q15+K1.B1-V1:1.1,,,,,,,,
358,=+,,H05V-K,BU,"0,5",,=S02+K1.B1-V1:1.1,=V01+K1.B1-V1:1.1,,,,,,,,
359,=+,,H05V-K,Bridge piece,FBS 10-6 BU,,=S02+K1.B1-V1:3.2,=Q15+K1.B1-V1:3.2,,,,,,,,
360,=+,,H05V-K,BU,"0,5",,=S02+K1.B1-V1:3.2,=V01+K1.B1-V1:3.2,,,,,,,,
361,=+,,H05V-K,Bridge piece,FBS 10-6,,=V01+K1.B1-V2:1.1,=V01+K1.B1-V1:1.1,,,,,,,,
362,=+,,H05V-K,Bridge piece,FBS 10-6 BU,,=V01+K1.B1-V2:3.2,=V01+K1.B1-V1:3.2,,,,,,,,
363,=+,,H07V-K,BU,"1,5",,=A02+K1.B1-V1:2.1,=A02+K1.B1-W5(-P1):X1:9,,,,,,,,
364,=+,,H07V-K,BU,"1,50",,=A02+K1.B1-W5(-P2):P2:1,=A02+K1.B1-W6(-P2):P2:2,,,,,,,,
365,=F01+I1-W301,UNITRONIC® LiYCY 3x0.5 mm²,,WH,"0,5",7 m,=A02+K1.B1-X20-X20.4M:9,=F01+S1-N1.123:7,,,,,,,,
366,=+,,H05V-K,BU,"0,5",,=F01+K1.B1-W5(-P1):X1:1,=A02+K1.B1-X20-X20.4F:9,,,,,,,,
367,=F01+I1-W301,UNITRONIC® LiYCY 3x0.5 mm²,,BN,"0,5",7 m,=A02+K1.B1-X20-X20.4M:10,=F01+S1-N1.123:4,,,,,,,,
368,=+,,H05V-K,BU,"0,5",,=F01+K1.B1-W5(-P2):X1:1,=A02+K1.B1-X20-X20.4F:10,,,,,,,,
369,=F01+I1-W301,UNITRONIC® LiYCY 3x0.5 mm²,,GN,"0,5",7 m,=A02+K1.B1-X20-X20.4M:11,=F01+S1-N1.123:3,,,,,,,,
370,=+,,H05V-K,BU,"0,5",,=F01+K1.B1-K1:34,=A02+K1.B1-X20-X20.4F:11,,,,,,,,
371,=+,,H05V-K,BU,"0,5",,=F01+K1.B1-W5(-P1):X1:2,=F01+K1.B1-K1:33,,,,,,,,
372,=F01+I1-W301,UNITRONIC® LiYCY 3x0.5 mm²,,,,,=F01+I1-W301,=F01+S1-N1.123:CASE,,,,,,,,
373,=F01+I1-W301,UNITRONIC® LiYCY 3x0.5 mm²,,Schirm,"0,50",,=F01+I1-W301:Schirm,=A02+K1.B1-W10:SE,,,,,,,,
374,=F01+I1-W302,UNITRONIC® LiYCY 3x0.5 mm²,,WH,"0,5",7 m,=A02+K1.B1-X20-X20.4M:12,=F01+S1-N2:7,,,,,,,,
375,=+,,H05V-K,BU,"0,5",,=F01+K1.B1-W5(-P1):X1:3,=A02+K1.B1-X20-X20.4F:12,,,,,,,,
376,=F01+I1-W302,UNITRONIC® LiYCY 3x0.5 mm²,,BN,"0,5",7 m,=A02+K1.B1-X20-X20.4M:13,=F01+S1-N2:4,,,,,,,,
377,=+,,H05V-K,BU,"0,5",,=F01+K1.B1-W5(-P2):X1:2,=A02+K1.B1-X20-X20.4F:13,,,,,,,,
378,=F01+I1-W302,UNITRONIC® LiYCY 3x0.5 mm²,,GN,"0,5",7 m,=A02+K1.B1-X20-X20.4M:14,=F01+S1-N2:3,,,,,,,,
379,=+,,H05V-K,BU,"0,5",,=F01+K1.B1-K1:54,=A02+K1.B1-X20-X20.4F:14,,,,,,,,
380,=+,,H05V-K,BU,"0,5",,=F01+K1.B1-W5(-P1):X1:4,=F01+K1.B1-K1:53,,,,,,,,
381,=F01+I1-W302,UNITRONIC® LiYCY 3x0.5 mm²,,,,,=F01+I1-W302,=F01+S1-N2:CASE,,,,,,,,
382,=F01+I1-W302,UNITRONIC® LiYCY 3x0.5 mm²,,,,,=F01+I1-W302,=A02+K1.B1-W10:SE,,,,,,,,
383,=+,,H05V-K,BU,"0,5",,=V01+K1.B1-A3:13,=A02+K1.B1-X22-X22.6F:10,,,,,,,,
384,=+,,H05V-K,BU,"0,75",,=A02+K1.B1-X22-X22.6F:10,=F01+K1.B1-K1:A11,,,,,,,,
385,=+,,H05V-K,BU,"0,5",,=F01+K1.B1-K1:A2,=F01+K1.B1-W5(-P2):X1:4,,,,,,,,
386,=+,,H05V-K,,,,=F01+K1.B1-K1,=F01+K1.B1-K1,,,,,,,,
387,=+,,H05V-K,BU,"0,5",,=V01+K1.B1-A1:9,=A02+K1.B1-K21:33,,,,,,,,
388,=+,,,BU,"0,75",,,,,,,,,,,
389,=+,,H05V-K,BU,"0,75",,=A02+K1.B1-X22-X22.6F:6,=F01+K1.B1-K1:A12,,,,,,,,
390,=+,,H05V-K,BU,"0,5",,=V01+K1.B1-A3:14,=A02+K1.B1-X22-X22.6F:6,,,,,,,,
391,=+,,H05V-K,BU,"0,5",,=A02+K1.B1-X20-X20.5F:2,=F01+K1.B1-W5(-P2):X1:5,,,,,,,,
392,=F01+I1-W300,"SAC-3P-10,0-PUR/A-1L-Z 3x0.5",,2,,10 m,=F01+S1-Y11:2,=A02+K1.B1-X20-X20.5M:2,,,,,,,,
393,=F01+I1-W300,"SAC-3P-10,0-PUR/A-1L-Z 3x0.5",,1,0.5,10 m,=A02+K1.B1-X20-X20.5M:1,=F01+S1-Y11:1,,,,,,,,
394,=+,,H05V-K,BU,"0,5",,=F01+K1.B1-K1:24,=A02+K1.B1-X20-X20.5F:1,,,,,,,,
395,=+,,H05V-K,BU,"0,5",,=F01+K1.B1-W5(-P1):X1:7,=F01+K1.B1-K1:23,,,,,,,,
396,=F01+I1-W300,"SAC-3P-10,0-PUR/A-1L-Z 3x0.5",,GNYE,0.5,10 m,=A02+K1.B1-X20-X20.5M:3,=F01+S1-Y11:PE,,,,,,,,
397,=F01+I1-W305,UNITRONIC® LiYY 4x0.5,,WH,"0,5",7 m,=F01+S1-Y11:NC,=A02+K1.B1-X20-X20.5M:4,,,,,,,,
398,=F01+I1-W305,UNITRONIC® LiYY 4x0.5,,GN,"0,5",7 m,=F01+S1-Y11:COM,=A02+K1.B1-X20-X20.5M:5,,,,,,,,
399,=+,,H07V-K,BU,"1,5",,=F01+K1.B1-V1:2.1,=F01+K1.B1-W5(-P1):X1:9,,,,,,,,
400,=+,,H07V-K,BU,4,,=A02+K1.B1-W6(-P2):X1:3,=F01+K1.B1-W5(-P2):X1:9,,,,,,,,
401,=M01+I1-W131,"ÖLFLEX® CLASSIC 110 CY 4x1,5 mm²",,Schirm,"0,00",,=A02+K1.H1-W12:SE,=M01+S1-M1:CASE,,,,,,,,
402,=+,,,,,,=M01+K1.D2-X1:1,=M01+K1.D2-X1:1,,,,,,,,
403,=+,,H05V-K,fest verbunden,BK,,=M01+K1.H1-Z1:L/L1,=M01+K1.H1-U1:L1,,,,,,,,
404,=+,,H07V-K,BK,"1,5",,=M01+K1.H2-F2:2,=M01+K1.H1-Z1:L/L1,,,,,,,,
405,=+,,,direkt verbunden,,,=A01+K1.H2-W0:L2,=M01+K1.H2-F2:1,,,,,,,,
406,=+,,H05V-K,fest verbunden,BK,,=M01+K1.H1-Z1:N/L2,=M01+K1.H1-U1:N,,,,,,,,
407,=+,,H07V-K,BU,"1,5",,=A02+K1.H2-X5:N:2,=M01+K1.H1-Z1:N/L2,,,,,,,,
408,=+,,H07V-K,GNYE,"1,5",,=A02+K1.H2-X6:PE:2,=M01+K1.H1-Z1:PE,,,,,,,,
409,=+,,H05V-K,fest verbunden,GN,,=M01+K1.H1-Z1:PE,=M01+K1.H1-U1:G,,,,,,,,
410,=+,,H05V-K,BU,"0,5",,=M01+K1.H1-U1:P24,=M01+K1.H1-U1:PSC,,,,,,,,
411,=+,,,BU,"0,75",,,,,,,,,,,
412,=M01+I1-W131,"ÖLFLEX® CLASSIC 110 CY 4x1,5 mm²",,1,"1,5",7 m,=M01+K1.D2-X1:1,=M01+S1-M1:U,,,,,,,,
413,=M01+K1-W131,ÖLFLEX® CLASSIC 110 CY 4x1.5 mm²,,1,"1,5",3 m,=M01+K1.H1-U1:U/T1,=M01+K1.D2-X1:1,,,,,,,,
414,=+,,,,,,=M01+K1.D2-X1:2,=M01+K1.D2-X1:2,,,,,,,,
415,=M01+I1-W131,"ÖLFLEX® CLASSIC 110 CY 4x1,5 mm²",,2,"1,5",7 m,=M01+K1.D2-X1:2,=M01+S1-M1:V,,,,,,,,
416,=M01+K1-W131,ÖLFLEX® CLASSIC 110 CY 4x1.5 mm²,,2,"1,5",3 m,=M01+K1.H1-U1:V/T2,=M01+K1.D2-X1:2,,,,,,,,
417,=+,,,,,,=M01+K1.D2-X1:3,=M01+K1.D2-X1:3,,,,,,,,
418,=M01+I1-W131,"ÖLFLEX® CLASSIC 110 CY 4x1,5 mm²",,3,"1,5",7 m,=M01+K1.D2-X1:3,=M01+S1-M1:W,,,,,,,,
419,=M01+K1-W131,ÖLFLEX® CLASSIC 110 CY 4x1.5 mm²,,3,"1,5",3 m,=M01+K1.H1-U1:W/T3,=M01+K1.D2-X1:3,,,,,,,,
420,=M01+I1-W131,"ÖLFLEX® CLASSIC 110 CY 4x1,5 mm²",,GNYE,"1,5",7 m,=M01+K1.D2-X1:PE,=M01+S1-M1:PE,,,,,,,,
421,=+,,H05V-K,BU,"0,5",,=M01+K1.D2-X1:PE,=M01+K1.D2-X1:PE,,,,,,,,
422,=M01+K1-W131,ÖLFLEX® CLASSIC 110 CY 4x1.5 mm²,,GNYE,"1,5",3 m,=M01+K1.H1-U1:G',=M01+K1.D2-X1:PE,,,,,,,,
423,=M01+I1-W334,"ÖLFLEX® CLASSIC 110 2x0,5 mm²",,1,"0,5",7 m,=A02+K1.B1-X20-X20.6M:1,=M01+S1-M1:T1,,,,,,,,
424,=M01+K1-W333,"ÖLFLEX® CLASSIC 110 2x0,5 mm²",,1,"0,5",4 m,=M01+K1.H1-U1:S5/TH,=A02+K1.B1-X20-X20.6F:1,,,,,,,,
425,=M01+I1-W334,"ÖLFLEX® CLASSIC 110 2x0,5 mm²",,2,"0,5",7 m,=A02+K1.B1-X20-X20.6M:2,=M01+S1-M1:T2,,,,,,,,
426,=M01+K1-W333,"ÖLFLEX® CLASSIC 110 2x0,5 mm²",,2,"0,5",4 m,=M01+K1.H1-U1:SC,=A02+K1.B1-X20-X20.6F:2,,,,,,,,
427,=+,,H05V-K,BU,"0,5",,=A02+K1.B1-W5(-P1):X2:5,=A02+K1.B1-X20-X20.6F:3,,,,,,,,
428,=M01+I1-W335,V1-W-E2-5M-PUR 1x0.34,,BR,"0,34",,=A02+K1.B1-X20-X20.6M:3,=M01+S1-B11:1,,,,,,,,
429,=M01+I1-W335,V1-W-E2-5M-PUR 1x0.34,,BK,"0,34",,=A02+K1.B1-X20-X20.6M:4,=M01+S1-B11:2,,,,,,,,
430,=+,,H05V-K,BU,"0,5",,=A02+K1.B1-A3:11,=A02+K1.B1-X20-X20.6F:4,,,,,,,,
431,=M01+I1-W335,V1-W-E2-5M-PUR 1x0.34,,BU,"0,34",,=A02+K1.B1-X20-X20.6M:5,=M01+S1-B11:3,,,,,,,,
432,=+,,H05V-K,BU,"0,5",,=A02+K1.B1-X20-X20.6F:5,=A02+K1.B1-W5(-P2):X3:6,,,,,,,,
433,=M01+I1-W338,"ÖLFLEX® CLASSIC 110 2x0,5 mm²",,1,"0,5",5 m,=A02+K1.B1-X20-X20.6M:6,=M01+S1-Y11:2,,,,,,,,
434,=+,,H05V-K,BU,"0,5",,=A02+K1.B1-W5(-P2):X3:8,=A02+K1.B1-X20-X20.6F:6,,,,,,,,
435,=M01+I1-W338,"ÖLFLEX® CLASSIC 110 2x0,5 mm²",,2,"0,5",5 m,=M01+S1-Y11:1,=A02+K1.B1-X20-X20.6M:7,,,,,,,,
436,=+,,H05V-K,BU,"0,5",,=A02+K1.B1-K20:44,=A02+K1.B1-X20-X20.6F:7,,,,,,,,
437,=+,,H05V-K,BU,"0,5",,=A02+K1.B1-K20:44,=M01+K1.B1-K10:41,,,,,,,,
438,=+,,H05V-K,BU,"0,5",,=M01+K1.B1-K10:41,=M01+K1.B1-K11:41,,,,,,,,
439,=+,,H05V-K,BU,"0,5",,=A02+K1.B1-A2:9,=A02+K1.B1-K20:43,,,,,,,,
440,=+,,H05V-K,BU,"0,5",,=A02+K1.B1-W5(-P1):X2:7,=M01+K1.B1-K9:42,,,,,,,,
441,=+,,H05V-K,BU,"0,5",,=M01+K1.B1-K9:41,=M01+K1.B1-K10:44,,,,,,,,
442,=+,,H05V-K,BU,"0,5",,=M01+K1.B1-K10:44,=M01+K1.B1-K11:44,,,,,,,,
443,=M01+I1-W367,"ÖLFLEX® CLASSIC 110 2x0,5 mm²",,1,"0,5",5 m,=A02+K1.B1-X20-X20.6M:8,=M01+S1-Y12:4,,,,,,,,
444,=+,,H05V-K,BU,"0,5",,=A02+K1.B1-W5(-P2):X4:2,=A02+K1.B1-X20-X20.6F:8,,,,,,,,
445,=M01+I1-W367,"ÖLFLEX® CLASSIC 110 2x0,5 mm²",,2,"0,5",5 m,=M01+S1-Y12:3,=A02+K1.B1-X20-X20.6M:9,,,,,,,,
446,=+,,H05V-K,BU,"0,5",,=A02+K1.B1-A2:10,=A02+K1.B1-X20-X20.6F:9,,,,,,,,
447,=+,,H05V-K,BU,"0,5",,=M01+K1.B1-K10:A2,=A02+K1.B1-W5(-P2):P2:2,,,,,,,,
448,=+,,H05V-K,BU,"0,5",,=M01+K1.B1-K10:A1,=P01+K1.B1-X9:8:5,,,,,,,,
449,=+,,H05V-K,BU,"0,5",,=M01+K1.B1-K11:A2,=A02+K1.B1-W5(-P2):P2:2,,,,,,,,
450,=+,,H05V-K,BU,"0,5",,=M01+K1.B1-K11:A1,=P01+K1.B1-X9:9:4,,,,,,,,
451,=+,,H05V-K,BU,"0,5",,=M01+K1.B1-K9:A2,=A02+K1.B1-W5(-P2):P2:2,,,,,,,,
452,=+,,H05V-K,BU,"0,5",,=A02+K1.B1-K20:54,=M01+K1.B1-K9:A1,,,,,,,,
453,=+,,H05V-K,BU,"0,5",,=A02+K1.B1-W5(-P1):X3:3,=A02+K1.B1-K20:53,,,,,,,,
454,=+,,H05V-K,BU,"0,5",,=M01+K1.B1-K10:11,=M01+K1.H1-U1:S1,,,,,,,,
455,=+,,H05V-K,BU,"0,5",,=M01+K1.B1-K10:14,=M01+K1.B1-K11:14,,,,,,,,
456,=+,,H05V-K,BU,"0,5",,=M01+K1.B1-K11:14,=M01+K1.B1-K9:12,,,,,,,,
457,=+,,H05V-K,BU,"0,5",,=M01+K1.B1-K9:12,=M01+K1.H1-U1:SC',,,,,,,,
458,=+,,H05V-K,BU,"0,5",,=M01+K1.B1-K11:11,=M01+K1.H1-U1:S2,,,,,,,,
459,=+,,H05V-K,BU,"0,5",,=M01+K1.B1-K9:11,=M01+K1.H1-U1:S6,,,,,,,,
460,=+,,H05V-K,BU,"0,5",,=M01+K1.H1-U1:S6,=M01+K1.H1-U1:S7/EB,,,,,,,,
461,=+,,H05V-K,BU,"0,5",,=O01+K1.B1-V2:3,=O01+K1.B1-W5(-P2):X1:1,,,,,,,,
462,=+,,H05V-K,BU,"0,5",,=O01+K1.B1-A1:9,=O01+K1.B1-V2:1,,,,,,,,
463,=+,,H05V-K,BU,"0,5",,=O01+K1.B1-V2:1,=O01+K1.B1-V2:21,,,,,,,,
464,=+,,H05V-K,BU,"0,5",,=O01+K1.B1-W5(-P2):X1:2,=A02+K1.B1-X20-X20.6F:11,,,,,,,,
465,=+,,H05V-K,BU,"0,5",,=O01+K1.B1-K4:14,=A02+K1.B1-X20-X20.6F:11,,,,,,,,
466,=+,,H05V-K,BU,"0,5",,=O01+K1.B1-V2:2,=O01+K1.B1-K4:12,,,,,,,,
467,=+,,H05V-K,BU,"0,5",,=O01+S1-X1:1,=O01+S1-X1:1,,,,,,,,
468,=O01+I1-W416,"RG58U/C 1x0,00",,WH,"0,60",,=P01+S11-D1.PCIe_X1_SLOT:CH1.1,=O01+S1-U1:IN.1,,,,,,,,
469,=O01+I1-W505,,,,,,=O01+S1-W515,=O01+S1-U1:OUT.G,,,,,,,,
470,=+,,H05V-K,BU,"0,5",,=O01+S1-X1:G,=O01+S1-X1:G,,,,,,,,
471,=O01+I1-W505,,,,,,=O01+S1-X1:G,=O01+S1-W515,,,,,,,,
472,=O01+I1-W406,,,Schirm,"0,00",,=O01+S1-U1:IN.G,=P01+S11-D1.PCIe_X1_SLOT:CH1.G,,,,,,,,
473,=+,,H05V-K,BU,"0,75",,=O01+S1-M1:+,=O01+S1-X1.2:1,,,,,,,,
474,=O01+I1-W307,"ÖLFLEX® CLASSIC 110 2x0,5 mm²",,1,"0,5",5 m,=A02+K1.B1-X20-X20.6M:10,=O01+S1-X1.2:1,,,,,,,,
475,=+,,H05V-K,BU,"0,5",,=O01+K1.B1-K4:11,=A02+K1.B1-X20-X20.6F:10,,,,,,,,
476,=+,,H05V-K,BU,"0,75",,=O01+S1-M1:-,=O01+S1-X2:3,,,,,,,,
477,=O01+I1-W307,"ÖLFLEX® CLASSIC 110 2x0,5 mm²",,2,"0,5",5 m,=A02+K1.B1-X20-X20.6M:11,=O01+S1-X2:3,,,,,,,,
478,=+,,H05V-K,BU,"0,5",,=O01+K1.B1-K1:0,=O01+K1.B1-W5(-P2):X1:3,,,,,,,,
479,=+,,H05V-K,BU,"0,5",,=O01+K1.B1-K4:A2,=O01+K1.B1-K1:A,,,,,,,,
480,=+,,H05V-K,BU,"0,5",,=O01+S1-X1.3:1,=O01+S1-E1-X6:1,,,,,,,,
481,=O01+I1-W408,UNITRONIC® LiYCY (TP) 4x0.5 mm,,WH,0.5,5 m,=A02+K1.B1-X20-X20.6M:12,=O01+S1-X1.3:1,,,,,,,,
482,=+,,H05V-K,BU,"0,5",,=O01+S1-X3:2,=O01+S1-E1(-X6):2,,,,,,,,
483,=O01+I1-W408,UNITRONIC® LiYCY (TP) 4x0.5 mm,,BN,0.5,5 m,=A02+K1.B1-X20-X20.6M:13,=O01+S1-X3:2,,,,,,,,
484,=+,,H05V-K,BU,"0,5",,=O01+S1-X3:3,=O01+S1-E1(-X6):3,,,,,,,,
485,=O01+I1-W408,UNITRONIC® LiYCY (TP) 4x0.5 mm,,GN,0.5,5 m,=A02+K1.B1-X20-X20.6M:14,=O01+S1-X3:3,,,,,,,,
486,=+,,H05V-K,BU,"0,5",,=O01+K1.B1-W5(-P1):X1:2,=A02+K1.B1-X20-X20.6F:14,,,,,,,,
487,=+,,H05V-K,BU,"0,5",,=O01+S1-X3:4,=O01+S1-E1(-X6):4,,,,,,,,
488,=O01+I1-W408,UNITRONIC® LiYCY (TP) 4x0.5 mm,,YE,0.5,5 m,=A02+K1.B1-X20-X20.6M:15,=O01+S1-X3:4,,,,,,,,
489,=+,,H05V-K,BU,"0,5",,=O01+K1.B1-A1:2,=A02+K1.B1-X20-X20.6F:15,,,,,,,,
490,=O01+I1-W408,UNITRONIC® LiYCY (TP) 4x0.5 mm,,Schirm,,,=O01+S1-X3:CASE,=A02+K1.B1-W10:SE,,,,,,,,
491,=+,,H05V-K,BU,"0,5",,=O01+K1.B1-K1:A2,=O01+K1.B1-W5(-P2):X1:4,,,,,,,,
492,=+,,H05V-K,BU,"0,5",,=O01+K1.B1-A1:16,=O01+K1.B1-K1:A1,,,,,,,,
493,=O01+I5-W329,,,BK,"0,34",15 m,,,,,,,,,,
494,=O01+I5-W329,,,BU,"0,34",15 m,,,,,,,,,,
495,=O01+I5-W329,,,BN,"0,34",15 m,,,,,,,,,,
496,=O01+S1-W515,RG 188 A 1x0.54,,WH,"0,54",,=O01+S1-X1:1,=O01+S1-U1:OUT.1,,,,,,,,
497,=+,,H05V-K,BU,"0,5",,=O01+K1.B1-K4:A1,=O01+K1.B1-A1:1,,,,,,,,
498,=+,,H05V-K,BU,"0,5",,=O01+K1.B1-A1:1,=A02+K1.B1-X20-X20.6F:13,,,,,,,,
499,=+,,H05V-K,BU,"0,5",,=O01+K1.B1-K1:+,=A02+K1.B1-X20-X20.6F:12,,,,,,,,
500,=+,,H05V-K,BU,"0,5",,=O01+K1.B1-W5(-P1):X1:1,=A02+K1.B1-X20-X20.6F:12,,,,,,,,
501,=+,,H05V-K,BU,"0,5",,=O01+K1.B1-A1:5,=A02+K1.B1-X21-X21.4F:10,,,,,,,,
502,=+,,H05V-K,BU,"0,5",,=A02+K1.B1-X21-X21.4F:10,=Q01+K1.B1-A4:6,,,,,,,,
503,=+,,H07V-K,BU,"1,5",,=O01+K1.B1-V1:2.1,=O01+K1.B1-W5(-P1):X1:9,,,,,,,,
504,=+,,H07V-K,BU,4,,=A02+K1.B1-W6(-P2):X1:4,=O01+K1.B1-W5(-P2):X1:9,,,,,,,,
505,=+,,H05V-K,BU,"0,5",,=O01+K1.B1-A2:2,=O01+K1.B1-W5(-P1):X1:6,,,,,,,,
506,=+,,H05V-K,BU,"0,5",,=O01+K1.B1-A2:7,=O01+K1.B1-W5(-P2):X1:8,,,,,,,,
507,=O02+K1-W101,"Netzkabel-Gerät 3x0,75",,BK,"0,75",,=P01+K1.G1-E1:X3:L,=O02+K1.G1-D2:L,,,,,,,,
508,=O02+K1-W101,"Netzkabel-Gerät 3x0,75",,BU,"0,75",,=P01+K1.G1-E1:X3:N,=O02+K1.G1-D2:N,,,,,,,,
509,=O02+K1-W101,"Netzkabel-Gerät 3x0,75",,GNYE,"0,75",,=P01+K1.G1-E1:X3:PE,=O02+K1.G1-D2:PE,,,,,,,,
510,=O02+K1-W503,Cat-5 Patchkabel,,GN,,2 m,=O02+K1.G1-D2:RJ45,=P01+K1.B1-A0.10:3:3,,,,,,,,
511,=+,,H05V-K,BU,"0,5",,=O01+K1.B1-A1:3,=O02+K1.B1-X9:1:4,,,,,,,,
512,=O02+K1-W305,UNITRONIC® LiYCY 3x0.5 mm²,,BN,"0,5",3 m,=O02+K1.G1-D2-X6:7,=O02+K1.B1-X9:1:3,,,,,,,,
513,=+,,H05V-K,BU,"0,5",,=O02+K1.B1-X9:2:5,=O01+K1.B1-W5(-P1):P1:2,,,,,,,,
514,=O02+K1-W305,UNITRONIC® LiYCY 3x0.5 mm²,,WH,"0,5",3 m,=O02+K1.G1-D2-X6:8,=O02+K1.B1-X9:2:2,,,,,,,,
515,=+,,H05V-K,BU,"0,5",,=O02+K1.B1-X9:3:4,=O01+K1.B1-W5(-P2):P2:2,,,,,,,,
516,=O02+K1-W305,UNITRONIC® LiYCY 3x0.5 mm²,,GN,"0,5",3 m,=O02+K1.G1-D2-X6:9,=O02+K1.B1-X9:3:3,,,,,,,,
517,=+,,H05V-K,BU,"0,5",,=O02+S1-X1:1,=O02+S1-H1:1,,,,,,,,
518,=+,,H05V-K,BU,"0,5",,=O02+S1-X1:4,=O02+S1-H1:1,,,,,,,,
519,=+,,H05V-K,BU,"0,5",,=O02+S1-X1:1,=O02+S1-X1:1,,,,,,,,
520,=O02+I1-W310,"UNITRONIC® LiYCY (TP) 8x0,5",,WH,"0,5",8 m,=A02+K1.B1-X21-X21.1M:1,=O02+S1-X1:1,,,,,,,,
521,=O02+I1-W310,"UNITRONIC® LiYCY (TP) 8x0,5",,BN,"0,5",8 m,=O02+S1-X1:1,=A02+K1.B1-X21-X21.1M:2,,,,,,,,
522,=O02+K1-W310,"UNITRONIC® LiYCY (TP) 8x0,5",,WH,"0,5",8 m,=O02+K1.G1-D2-X2:.1,=A02+K1.B1-X21-X21.1F:1,,,,,,,,
523,=O02+K1-W310,"UNITRONIC® LiYCY (TP) 8x0,5",,BN,"0,5",8 m,=O02+K1.G1-D2-X2:.2,=A02+K1.B1-X21-X21.1F:2,,,,,,,,
524,=+,,H05V-K,BU,"0,5",,=O02+S1-X1:4,=O02+S1-X1:4,,,,,,,,
525,=O02+I1-W310,"UNITRONIC® LiYCY (TP) 8x0,5",,GY,"0,5",8 m,=A02+K1.B1-X21-X21.1M:3,=O02+S1-X1:4,,,,,,,,
526,=O02+I1-W310,"UNITRONIC® LiYCY (TP) 8x0,5",,PK,"0,5",8 m,=O02+S1-X1:4,=A02+K1.B1-X21-X21.1M:4,,,,,,,,
527,=O02+K1-W310,"UNITRONIC® LiYCY (TP) 8x0,5",,GY,"0,5",8 m,=O02+K1.G1-D2-X2:.6,=A02+K1.B1-X21-X21.1F:3,,,,,,,,
528,=O02+K1-W310,"UNITRONIC® LiYCY (TP) 8x0,5",,PK,"0,5",8 m,=O02+K1.G1-D2-X2:.7,=A02+K1.B1-X21-X21.1F:4,,,,,,,,
529,=+,,H05V-K,BU,"0,5",,=O02+S1-H1:2,=O02+S1-X1:3,,,,,,,,
530,=+,,H05V-K,BU,"0,5",,=O02+S1-H1:2,=O02+S1-X1:2,,,,,,,,
531,=+,,H05V-K,BU,"0,5",,=O02+S1-X1:3,=O02+S1-X1:3,,,,,,,,
532,=O02+I1-W310,"UNITRONIC® LiYCY (TP) 8x0,5",,GN,"0,5",8 m,=A02+K1.B1-X21-X21.1M:5,=O02+S1-X1:3,,,,,,,,
533,=O02+I1-W310,"UNITRONIC® LiYCY (TP) 8x0,5",,YE,"0,5",8 m,=O02+S1-X1:3,=A02+K1.B1-X21-X21.1M:6,,,,,,,,
534,=O02+K1-W310,"UNITRONIC® LiYCY (TP) 8x0,5",,GN,"0,5",8 m,=O02+K1.G1-D2-X2:.4,=A02+K1.B1-X21-X21.1F:5,,,,,,,,
535,=O02+K1-W310,"UNITRONIC® LiYCY (TP) 8x0,5",,YE,"0,5",8 m,=O02+K1.G1-D2-X2:.5,=A02+K1.B1-X21-X21.1F:6,,,,,,,,
536,=+,,H05V-K,BU,"0,5",,=O02+S1-X1:2,=O02+S1-X1:2,,,,,,,,
537,=O02+I1-W310,"UNITRONIC® LiYCY (TP) 8x0,5",,RD,"0,5",8 m,=A02+K1.B1-X21-X21.1M:7,=O02+S1-X1:2,,,,,,,,
538,=O02+I1-W310,"UNITRONIC® LiYCY (TP) 8x0,5",,BU,"0,5",8 m,=O02+S1-X1:2,=A02+K1.B1-X21-X21.1M:8,,,,,,,,
539,=O02+K1-W310,"UNITRONIC® LiYCY (TP) 8x0,5",,RD,"0,5",8 m,=O02+K1.G1-D2-X2:.8,=A02+K1.B1-X21-X21.1F:7,,,,,,,,
540,=O02+K1-W310,"UNITRONIC® LiYCY (TP) 8x0,5",,BU,"0,5",8 m,=O02+K1.G1-D2-X2:.9,=A02+K1.B1-X21-X21.1F:8,,,,,,,,
541,=+,,H05V-K,BU,"0,5",,=O02+K1.B1-X9:4:5,=O01+K1.B1-W5(-P2):P2:2,,,,,,,,
542,=O02+K1-W304,UNITRONIC® LiYCY (TP) 4x0.5 mm,,WH,0.5,3 m,=O02+K1.G1-D2-X5:1,=O02+K1.B1-X9:4:2,,,,,,,,
543,=O02+K1-W304,UNITRONIC® LiYCY (TP) 4x0.5 mm,,BN,0.5,3 m,=O02+K1.B1-X9:4:2,=O02+K1.G1-D2-X5:2,,,,,,,,
544,=+,,H05V-K,BU,"0,5",,=O02+K1.B1-X9:5:4,=O01+K1.B1-W5(-P1):P1:2,,,,,,,,
545,=O02+K1-W304,UNITRONIC® LiYCY (TP) 4x0.5 mm,,YE,0.5,3 m,=O02+K1.G1-D2-X5:4,=O02+K1.B1-X9:5:3,,,,,,,,
546,=O02+K1-W304,UNITRONIC® LiYCY (TP) 4x0.5 mm,,GN,0.5,3 m,=O02+K1.B1-X9:5:3,=O02+K1.G1-D2-X5:5,,,,,,,,
547,=O02+K1-W312,UNITRONIC® LiYCY (TP) 4x0.5 mm,,,,,=O02+K1.H1-A20-X4:CASE,=O02+K1-W312,,,,,,,,
548,=O02+K1-W312,UNITRONIC® LiYCY (TP) 4x0.5 mm,,,,,=O02+K1.G1-D2:X4.CASE,=O02+K1-W312,,,,,,,,
549,=O02+K1-W312,UNITRONIC® LiYCY (TP) 4x0.5 mm,,WH,0.5,4 m,=O02+K1.G1-D2:X4.4,=O02+K1.H1-A20-X4:3,,,,,,,,
550,=O02+K1-W312,UNITRONIC® LiYCY (TP) 4x0.5 mm,,BN,0.5,4 m,=O02+K1.G1-D2:X4.3,=O02+K1.H1-A20-X4:1,,,,,,,,
551,=O02+K1-W312,UNITRONIC® LiYCY (TP) 4x0.5 mm,,GN,0.5,4 m,=O02+K1.G1-D2:X4.5,=O02+K1.H1-A20-X4:7,,,,,,,,
552,=O02+K1-W312,UNITRONIC® LiYCY (TP) 4x0.5 mm,,YE,0.5,4 m,=O02+K1.G1-D2:X4.1,=O02+K1.H1-A20-X4:5,,,,,,,,
553,=O02+K1-W312,UNITRONIC® LiYCY (TP) 4x0.5 mm,,,,,=O02+K1-W312,=A02+K1.H1-W10:SE,,,,,,,,
554,=+,,H05V-K,BU,"0,5",,=O02+K1.H1-A20-X1:2,=O01+K1.B1-W5(-P1):P1:2,,,,,,,,
555,=+,,H05V-K,BU,"0,5",,=O02+K1.H1-A20-X1:4,=O02+K1.B1-O01-W5(-P2):P2:2,,,,,,,,
556,=O02+I1-W311,UNITRONIC® LiYCY (TP) 8x0.25,,,,,=O02+K1.H1-A20-X2:CASE,=O02+I1-W311,,,,,,,,
557,=+,,,,,,=O02+S1-B4:CASE,=+,,,,,,,,
558,=O02+K1-W311,UNITRONIC® LiYCY (TP) 8x0.25,,WH,"0,25",5 m,=A02+K1.B1-X21-X21.2F:1,=O02+K1.H1-A20-X2:3,,,,,,,,
559,=O02+I1-W311,UNITRONIC® LiYCY (TP) 8x0.25,,WH,"0,25",5 m,=O02+S1-B4:1,=A02+K1.B1-X21-X21.2M:1,,,,,,,,
560,=O02+K1-W311,UNITRONIC® LiYCY (TP) 8x0.25,,BN,"0,25",5 m,=A02+K1.B1-X21-X21.2F:2,=O02+K1.H1-A20-X2:2,,,,,,,,
561,=O02+I1-W311,UNITRONIC® LiYCY (TP) 8x0.25,,BN,"0,25",5 m,=O02+S1-B4:2,=A02+K1.B1-X21-X21.2M:2,,,,,,,,
562,=O02+K1-W311,UNITRONIC® LiYCY (TP) 8x0.25,,GN,"0,25",5 m,=A02+K1.B1-X21-X21.2F:3,=O02+K1.H1-A20-X2:1,,,,,,,,
563,=O02+I1-W311,UNITRONIC® LiYCY (TP) 8x0.25,,GN,"0,25",5 m,=O02+S1-B4:3,=A02+K1.B1-X21-X21.2M:3,,,,,,,,
564,=O02+K1-W311,UNITRONIC® LiYCY (TP) 8x0.25,,YE,"0,25",5 m,=A02+K1.B1-X21-X21.2F:4,=O02+K1.H1-A20-X2:9,,,,,,,,
565,=O02+I1-W311,UNITRONIC® LiYCY (TP) 8x0.25,,YE,"0,25",5 m,=O02+S1-B4:4,=A02+K1.B1-X21-X21.2M:4,,,,,,,,
566,=O02+K1-W311,UNITRONIC® LiYCY (TP) 8x0.25,,GY,"0,25",5 m,=A02+K1.B1-X21-X21.2F:5,=O02+K1.H1-A20-X2:7,,,,,,,,
567,=O02+I1-W311,UNITRONIC® LiYCY (TP) 8x0.25,,GY,"0,25",5 m,=O02+S1-B4:5,=A02+K1.B1-X21-X21.2M:5,,,,,,,,
568,=O02+K1-W311,UNITRONIC® LiYCY (TP) 8x0.25,,PK,"0,25",5 m,=A02+K1.B1-X21-X21.2F:6,=O02+K1.H1-A20-X2:6,,,,,,,,
569,=O02+I1-W311,UNITRONIC® LiYCY (TP) 8x0.25,,PK,"0,25",5 m,=O02+S1-B4:6,=A02+K1.B1-X21-X21.2M:6,,,,,,,,
570,=O02+K1-W311,UNITRONIC® LiYCY (TP) 8x0.25,,RD,"0,25",5 m,=A02+K1.B1-X21-X21.2F:7,=O02+K1.H1-A20-X2:4,,,,,,,,
571,=O02+I1-W311,UNITRONIC® LiYCY (TP) 8x0.25,,RD,"0,25",5 m,=O02+S1-B4:7,=A02+K1.B1-X21-X21.2M:7,,,,,,,,
572,=O02+K1-W311,UNITRONIC® LiYCY (TP) 8x0.25,,BU,"0,25",5 m,=A02+K1.B1-X21-X21.2F:8,=O02+K1.H1-A20-X2:5,,,,,,,,
573,=O02+I1-W311,UNITRONIC® LiYCY (TP) 8x0.25,,BU,"0,25",5 m,=O02+S1-B4:8,=A02+K1.B1-X21-X21.2M:8,,,,,,,,
574,=O02+K1-W311,UNITRONIC® LiYCY (TP) 8x0.25,,,,,=O02+K1-W311,=A02+K1.H1-W10:SE,,,,,,,,
575,=O02+I1-W311,UNITRONIC® LiYCY (TP) 8x0.25,,,,,=O02+I1-W311,=O02+S1-B4:9,,,,,,,,
576,=A02+I1-W303,"UNITRONIC® LiYY 25x0,25",,BU,"0,25",10 m,=A02+K1.B1-X20-X20.1M:7,=A02+S1-A21-X1:7,,,,,,,,
577,=+,,H05V-K,BU,"0,5",,=O01+K1.B1-A1:10,=A02+K1.B1-X20-X20.1F:7,,,,,,,,
578,=A02+I1-W303,"UNITRONIC® LiYY 25x0,25",,RD,"0,25",10 m,=A02+K1.B1-X20-X20.1M:8,=A02+S1-A21-X1:8,,,,,,,,
579,=+,,H05V-K,BU,"0,5",,=O01+K1.B1-A1:11,=A02+K1.B1-X20-X20.1F:8,,,,,,,,
580,=+,,H05V-K,BU,"0,5",,=O02+K1.H1-A20-X3:5,=O01+K1.B1-W5(-P2):P2:1,,,,,,,,
581,=O02+K1-W313,"UNITRONIC LiYCY 3x0,5",,WH,"0,5",,=O02+K1.H1-A20-X3:3,=O01+K1.B1-A2:1,,,,,,,,
582,=O02+K1-W313,"UNITRONIC LiYCY 3x0,5",,BN,"0,5",,=O02+K1.H1-A20-X3:1,=O01+K1.B1-A2:5,,,,,,,,
583,=O02+K1-W313,"UNITRONIC LiYCY 3x0,5",,GN,"0,5",,=O02+K1.H1-A20-X3:7,=O01+K1.B1-A2:4,,,,,,,,
584,=P01+K1-W101,"Netzkabel-Gerät 3x0,75",,BK,"0,75",,=P01+K1.G1-D1:L,=P01+K1.G1-E1:X1:L,,,,,,,,
585,=P01+K1-W100,"Netzkabel 3x0,75",,BN,"0,75",,=P01+K1.G1-E1:X0:L,=A01+K1.B1-X20:L,,,,,,,,
586,=P01+K1-W101,"Netzkabel-Gerät 3x0,75",,BU,"0,75",,=P01+K1.G1-D1:N,=P01+K1.G1-E1:X1:N,,,,,,,,
587,=P01+K1-W100,"Netzkabel 3x0,75",,BU,"0,75",,=P01+K1.G1-E1:X0:N,=A01+K1.B1-X20:N,,,,,,,,
588,=P01+K1-W101,"Netzkabel-Gerät 3x0,75",,GNYE,"0,75",,=P01+K1.G1-D1:PE,=P01+K1.G1-E1:X1:PE,,,,,,,,
589,=P01+K1-W100,"Netzkabel 3x0,75",,GNYE,"0,75",,=P01+K1.G1-E1:X0:PE,=A01+K1.B1-X20:PE,,,,,,,,
590,=P01+K1-W503,,,4-pol. USB,,,=P01+K1.G1-D1:USB1,=P01+K1.G1-E1:USB,,,,,,,,
591,=P01+K1-W507,,,4-pol. USB,,,=P01+K1.G1-D1:USB3,=P01+K1.G2-X1,,,,,,,,
592,=+,,H05V-K,BU,"0,5",,=P01+K1.G2-X1:USB A,=P01+K1.G2-X1,,,,,,,,
593,=P01+K1-W509,,,4-pol. USB,,,=P01+K1.G1-D1:MOUSE,=P01+K1.G2-X2,,,,,,,,
594,=+,,H05V-K,BU,"0,5",,=P01+K1.G2-X2:USB A,=P01+K1.G2-X2,,,,,,,,
595,=P01+K1-W102,"Netzkabel-Gerät 3x0,75",,BK,"0,75",,=P01+K1.G2-P1:L,=P01+K1.G1-E1:X2:L,,,,,,,,
596,=P01+K1-W102,"Netzkabel-Gerät 3x0,75",,BU,"0,75",,=P01+K1.G2-P1:N,=P01+K1.G1-E1:X2:N,,,,,,,,
597,=P01+K1-W102,"Netzkabel-Gerät 3x0,75",,GNYE,"0,75",,=P01+K1.G2-P1:PE,=P01+K1.G1-E1:X2:PE,,,,,,,,
598,=+,,H07V-K,GNYE,"2,5",,=A02+K1.H2-X6:PE:2,=+:PE,,,,,,,,
599,=A02+K1-W530,Cat-5e Patchkabel 1x0.10,,GN,"0,10",3 m,=A02+K1.A1-X21:Ethernet,=P01+K1.G1-D1:RJ45,,,,,,,,
600,=P01+K1-W103,"ÖLFLEX® CLASSIC 110 3x0,5 mm²",,1,0.5,,=P01+K1.B1-X9:1:4,=P01+K1.H1-D2:X101:24V+,,,,,,,,
601,=+,,H05V-K,BU,"0,5",,=P01+K1.B1-V1:2.1,=P01+K1.B1-X9:1:3,,,,,,,,
602,=+,,H05V-K,BU,"0,5",,=A01+K1.B1-W7(-P1):P1:2,=P01+K1.B1-V1:1.1,,,,,,,,
603,=P01+K1-W103,"ÖLFLEX® CLASSIC 110 3x0,5 mm²",,2,0.5,,=P01+K1.B1-X9:2:5,=P01+K1.H1-D2:X101:GND,,,,,,,,
604,=+,,H05V-K,BU,"0,5",,=P01+K1.B1-X9:2:2,=A01+K1.B1-W7(-P2):P2:2,,,,,,,,
605,=+,,H05V-K,BU,"0,5",,=A01+K1.B1-W7(-P2):P2:2,=P01+K1.B1-V1:3.1,,,,,,,,
606,=P01+K1-W513,Cat-5 Patchkabel,,GN,"0,25",1 m,=P01+K1.H1-D2:X102:1,=P01+K1.G1-D1:RJ45,,,,,,,,
607,=+,,H05V-K,BU,"0,5",,=A01+K1.B1-W7(-P1):P1:1,=P01+K1.B1-A0.10:US:1,,,,,,,,
608,=P01+K1-W514,,,GN,"0,25",1 m,=P01+K1.B1-A0.10:1:1,=P01+K1.G1-D1:RJ45,,,,,,,,
609,=+,,H05V-K,BU,"0,5",,=P01+K1.B1-A0.10:US:2,=A01+K1.B1-W7(-P2):P2:1,,,,,,,,
610,=P01+K1-W515,Cat-5 Patchkabel,,GN,"0,25",1 m,=P01+K1.B1-A0.10:2:2,=P01+K1.H1-D2:X104:1,,,,,,,,
611,=+,,H05V-K,BU,"0,5",,=A02+K1.H2-X6:PE:2,=P01+K1.B1-A0.10:US:3,,,,,,,,
612,=+,,H05V-K,BU,"0,5",,=P01+K1.B1-A0.0:1,=A01+K1.B1-W7(-P1):X3:5,,,,,,,,
613,=+,,H05V-K,BU,"0,5",,=P01+K1.B1-A0.0:5,=A01+K1.B1-W7(-P2):X4:7,,,,,,,,
614,=+,,H05V-K,BU,"0,5",,=P01+K1.B1-A0.0:2,=A02+K1.B1-W5(-P1):X3:6,,,,,,,,
615,=+,,H05V-K,BU,"0,5",,=P01+K1.B1-A0.0:7,=A02+K1.B1-W5(-P2):X4:8,,,,,,,,
616,=P01+K1-W510,Cat-5 Patchkabel,,GN,"0,25",1 m,=P01+K1.B1-A0.0:EtherCAT IN,=P01+K1.H1-D2:X103:1,,,,,,,,
617,=P01+K1-W511,"Cat-5 Patchkabel 2x4x0,14 mm²",,GN,"0,25",1 m,=P01+K1.B1-A0:EtherCAT IN,=P01+K1.B1-A0.0:EtherCAT OUT,,,,,,,,
618,=F01+I1-W541,Cat-5 Patchkabel 2x4x0.14,,GN,"0,10",0.5 m,=F01+S1-N1.123:EtherCAT IN,=F01+K1.D2-X11:1,,,,,,,,
619,=+,,,,,,=F01+K1.D2-X11:1,=F01+K1.D2-X11:1,,,,,,,,
620,=F01+K1-W541,Cat-5 Patchkabel 2x4x0.14,,GN,"0,10",0.5 m,=F01+K1.D2-X11:1,=P01+K1.B1-A0.2:EtherCAT X2,,,,,,,,
621,=M01+K1-W540,"Cat-5 Patchkabel 2x4x0,14 mm²",,GN,"0,10",3 m,=M01+K1.H1-U1:IN:1-8,=P01+K1.B1-A0.2:EtherCAT X1,,,,,,,,
622,=F01+S1-W543,"Cat-5 Patchkabel 2x4x0,14",,GN,"0,10",0.5 m,=F01+S1-N2:EtherCAT IN,=F01+S1-N1.123:EtherCAT OUT,,,,,,,,
623,=+,,H05V-K,BU,"0,5",,=P01+K1.B1-A0:1,=A01+K1.B1-W7(-P1):X3:5,,,,,,,,
624,=+,,H05V-K,BU,"0,5",,=P01+K1.B1-A0:5,=A01+K1.B1-W7(-P2):X4:7,,,,,,,,
625,=+,,H05V-K,BU,"0,5",,=P01+K1.B1-A0:2,=A02+K1.B1-W5(-P1):X3:6,,,,,,,,
626,=+,,H05V-K,BU,"0,5",,=A02+K1.B1-W5(-P2):X4:8,=P01+K1.B1-A0:7,,,,,,,,
627,=+,,H05V-K,BU,"0,5",,=P01+K1.B1-T1:1,=A01+K1.B1-W7(-P1):X3:5,,,,,,,,
628,=+,,H05V-K,BU,"0,5",,=P01+K1.B1-T1:5,=A01+K1.B1-W7(-P2):X4:7,,,,,,,,
629,=+,,H05V-K,BU,"0,5",,=P01+K1.B1-T1:2,=A02+K1.B1-W5(-P1):X3:6,,,,,,,,
630,=+,,H05V-K,BU,"0,5",,=P01+K1.B1-T1:3,=A02+K1.B1-W5(-P2):X4:8,,,,,,,,
631,=+,,H05V-K,BU,"0,5",,=P01+K1.B1-T2:1,=A01+K1.B1-W7(-P1):X3:5,,,,,,,,
632,=+,,H05V-K,BU,"0,5",,=P01+K1.B1-T2:5,=A01+K1.B1-W7(-P2):X4:7,,,,,,,,
633,=+,,H05V-K,BU,"0,5",,=P01+K1.B1-T2:2,=A02+K1.B1-W5(-P1):X3:6,,,,,,,,
634,=+,,H05V-K,BU,"0,5",,=P01+K1.B1-T2:3,=A02+K1.B1-W5(-P2):X4:8,,,,,,,,
635,=+,,H05V-K,BU,"0,5",,=P01+K1.B1-X9:3:4,=A02+K1.B1-W5(-P1):P1,,,,,,,,
636,=+,,H05V-K,BU,"0,5",,=P01+K1.B1-X9:4:5,=Q01+K1.B1-X9:33:4,,,,,,,,
637,=+,,H05V-K,BU,"0,5",,=P01+K1.B1-X9:5:4,=Q01+K1.B1-X9:41:4,,,,,,,,
638,=+,,H05V-K,BU,"0,5",,=P01+K1.B1-X9:7:4,=A02+K1.B1-K21:71,,,,,,,,
639,=P01+I1-W430,UNITRONIC® LiYCY 12x0.5 mm²,,1-15,0.5,2 m,=P01+K1.G2-X3:1-15,=P01+S1-A50:X1.1-15,,,,,,,,
640,=+,,H05V-K,BU,"0,5",,=P01+S1-A50-X1:1,=P01+S1-A50-S6:13,,,,,,,,
641,=+,,H05V-K,BU,"0,5",,=P01+S1-A50-S1:14,=P01+S1-A50-X1:2,,,,,,,,
642,=+,,H05V-K,BU,"0,5",,=P01+S1-A50-S1:13,=P01+S1-A50-S2:13,,,,,,,,
643,=+,,H05V-K,BU,"0,5",,=P01+S1-A50-S6:14,=P01+S1-A50-S2:13,,,,,,,,
644,=+,,H05V-K,BU,"0,5",,=P01+S1-A50-S6:14,=P01+S1-A50-S3:13,,,,,,,,
645,=+,,H05V-K,BU,"0,5",,=P01+S1-A50-S3:13,=P01+S1-A50-S4:13,,,,,,,,
646,=+,,H05V-K,BU,"0,5",,=P01+S1-A50-S4:13,=P01+S1-A50-S5:11,,,,,,,,
647,=+,,H05V-K,BU,"0,5",,=P01+S1-A50-S2:14,=P01+S1-A50-X1:3,,,,,,,,
648,=+,,H05V-K,BU,"0,5",,=P01+S1-A50-S3:14,=P01+S1-A50-X1:4,,,,,,,,
649,=+,,H05V-K,BU,"0,5",,=P01+S1-A50-S4:14,=P01+S1-A50-X1:5,,,,,,,,
650,=+,,H05V-K,BU,"0,5",,=P01+S1-A50-S5:14,=P01+S1-A50-X1:6,,,,,,,,
651,=+,,H05V-K,BU,"0,5",,=P01+S1-A50-S5:12,=P01+S1-A50-X1:7,,,,,,,,
652,=+,,H05V-K,BU,"0,5",,=A02+K1.B1-K21:72,=A02+K1.B1-A3:12,,,,,,,,
653,=Q01+I1-W100,H07V-K 1x16 mm²,,GNYE,"16,00",5 m,=A01+S1-W0,=Q01+K1.G1-G1:PE,,,,,,,,
654,=Q01+K1-W106,ÖLFLEX® CLASSIC 110 4x4 mm²,,1,4,,=Q01+K1.B1-X20:1:2,=Q01+K1.G1-G1:A,,,,,,,,
655,=+,,H07V-K,BK,4,,=Q01+K1.H2-Q1:T1,=Q01+K1.B1-X20:1:1,,,,,,,,
656,=+,,H05V-K,direkt verbunden,"0,5",,=A02+K1.H2-W2:2L1,=Q01+K1.H2-Q1:L1,,,,,,,,
657,=Q01+K1-W106,ÖLFLEX® CLASSIC 110 4x4 mm²,,2,4,,=Q01+K1.B1-X20:2:2,=Q01+K1.G1-G1:B,,,,,,,,
658,=+,,H07V-K,BK,4,,=Q01+K1.H2-Q1:T2,=Q01+K1.B1-X20:2:1,,,,,,,,
659,=+,,H05V-K,direkt verbunden,"0,5",,=A02+K1.H2-W2:2L2,=Q01+K1.H2-Q1:L2,,,,,,,,
660,=Q01+K1-W106,ÖLFLEX® CLASSIC 110 4x4 mm²,,3,4,,=Q01+K1.B1-X20:3:2,=Q01+K1.G1-G1:C,,,,,,,,
661,=+,,H07V-K,BK,4,,=Q01+K1.H2-Q1:T3,=Q01+K1.B1-X20:3:1,,,,,,,,
662,=+,,H05V-K,direkt verbunden,"0,5",,=A02+K1.H2-W2:2L3,=Q01+K1.H2-Q1:L3,,,,,,,,
663,=Q01+K1-W106,ÖLFLEX® CLASSIC 110 4x4 mm²,,GNYE,4,,=Q01+K1.B1-X20:PE:1,=Q01+K1.G1-G1:PE,,,,,,,,
664,=+,,H07V-K,GNYE,4,,=A02+K1.H2-X6:3:2,=Q01+K1.B1-X20:PE:2,,,,,,,,
665,=Q01+S1-W101,H07V-K 1x16 mm²,,GNYE,16,,=A01+S1-W0,=Q01+S1-N1:PE,,,,,,,,
666,=Q01+I1-W102,"Coaxial - RG 1x2,25",,Schirm2,,,=A02+K1-W30:SE,=A02+K1-W30:SE,,,,,,,,
667,=Q01+I1-W102,"Coaxial - RG 1x2,25",,RG 213,"0,00",5 m,=Q01+S1-N1:X7.1,=Q01+K1.G1-G1:A,,,,,,,,
668,=Q01+I1-W102,"Coaxial - RG 1x2,25",,Schirm1,,,=Q01+S1-N1:X7.S,=Q01+S1-N4:X7.S,,,,,,,,
669,=Q01+S1-W103,H07V-K 1x16 mm²,,GNYE,"16,00",,=Q01+S1-N4:PE,=A01+S1-W0,,,,,,,,
670,=Q01+I1-W104,"Coaxial - RG 1x2,25 mm²",,RG 213,"0,00",5 m,=Q01+S1-N4:X7.1,=Q01+K1.G1-G1:B,,,,,,,,
671,=Q01+I1-W104,"Coaxial - RG 1x2,25 mm²",,Schirm1,,,=Q01+I1-W104:Schirm1,=Q01+K1.G1-G1:B.S,,,,,,,,
672,=Q01+I1-W105,"Coaxial - RG 1x2,25 mm²",,Schirm2,,,=A02+K1-W30:SE,=Q01+I1-W105:Schirm2,,,,,,,,
673,=Q01+I1-W105,"Coaxial - RG 1x2,25 mm²",,RG 213,"0,00",3 m,=Q01+S1-X100:1:1,=Q01+K1.G1-G1:GND,,,,,,,,
674,=+,,H05V-K,BU,"0,5",,=Q01+K1.H2-Q1:14,=Q01+K1.B1-A1:1,,,,,,,,
675,=Q01+I1-W105,"Coaxial - RG 1x2,25 mm²",,Schirm1,,,=Q01+K1.G1-G1:GND.S,=Q01+S1-X100:G,,,,,,,,
676,=Q01+K1-W340,"ÖLFLEX® CLASSIC 110 3x0,75 mm²",,1,0.75,,=Q01+K1.B1-X9:1:4,=Q01+K1.G1-G1:J2.1,,,,,,,,
677,=+,,H05V-K,,,,=Q01+K1.B1-X9:1:3,=Q01+K1.B1-X9:2:2,,,,,,,,
678,=Q01+K1-W340,"ÖLFLEX® CLASSIC 110 3x0,75 mm²",,2,0.75,,=Q01+K1.B1-X9:2:5,=Q01+K1.G1-G1:J2.2,,,,,,,,
679,=Q01+K1-W407,"UNITRONIC® LiYCY (TP) 6x0,5",,Schirm,,,=Q01+K1.G1-G1:J3.CASE,=A02+K1.B1-W11:SE,,,,,,,,
680,=Q01+K1-W407,"UNITRONIC® LiYCY (TP) 6x0,5",,WH,"0,5",4.5 m,=Q01+K1.B1-A10:7,=Q01+K1.G1-G1:J3.1,,,,,,,,
681,=Q01+K1-W407,"UNITRONIC® LiYCY (TP) 6x0,5",,BN,"0,5",4.5 m,=Q01+K1.B1-A10:8,=Q01+K1.G1-G1:J3.2,,,,,,,,
682,=Q01+K1-W407,"UNITRONIC® LiYCY (TP) 6x0,5",,GN,"0,5",4.5 m,=Q01+K1.B1-A11:3,=Q01+K1.G1-G1:J3.5,,,,,,,,
683,=Q01+K1-W407,"UNITRONIC® LiYCY (TP) 6x0,5",,YE,"0,5",4.5 m,=Q01+K1.B1-A11:4,=Q01+K1.G1-G1:J3.6,,,,,,,,
684,=Q01+K1-W407,"UNITRONIC® LiYCY (TP) 6x0,5",,GY,"0,5",4.5 m,=Q01+K1.B1-A11:7,=Q01+K1.G1-G1:J3.7,,,,,,,,
685,=Q01+K1-W407,"UNITRONIC® LiYCY (TP) 6x0,5",,PK,"0,5",4.5 m,=Q01+K1.B1-A11:8,=Q01+K1.G1-G1:J3.9,,,,,,,,
686,=+,,H05V-K,BU,"0,75",,=Q01+K1.B1-W5(-P2):P2:1,=Q01+K1.B1-X9:4:5,,,,,,,,
687,=Q01+K1-W308,UNITRONIC® LiYCY (TP) 12x0.25,,Schirm,"0,00",,=Q01+K1.G1-G1:J4.CASE,=A02+K1.B1-W9:SE,,,,,,,,
688,=+,,H05V-K,BU,"0,75",,=Q01+K1.B1-X9:3:4,=Q01+K1.B1-A1:9,,,,,,,,
689,=Q01+K1-W308,UNITRONIC® LiYCY (TP) 12x0.25,,WH,0.25,3.5 m,=Q01+K1.G1-G1:J4.1,=Q01+K1.B1-X9:3:3,,,,,,,,
690,=Q01+K1-W308,UNITRONIC® LiYCY (TP) 12x0.25,,BN,0.25,3.5 m,=Q01+K1.G1-G1:J4.2,=Q01+K1.B1-X9:4:2,,,,,,,,
691,=+,,H05V-K,BU,"0,5",,=Q01+K1.B1-X9:5:4,=Q01+K1.B1-A1:2,,,,,,,,
692,=Q01+K1-W308,UNITRONIC® LiYCY (TP) 12x0.25,,GN,"0,25",3.5 m,=Q01+K1.G1-G1:J4.5,=Q01+K1.B1-X9:5:3,,,,,,,,
693,=+,,H05V-K,BU,"0,5",,=Q01+K1.B1-X9:6:5,=Q01+K1.B1-W5(-P1):X1:1,,,,,,,,
694,=Q01+K1-W308,UNITRONIC® LiYCY (TP) 12x0.25,,YE,"0,25",3.5 m,=Q01+K1.G1-G1:J4.6,=Q01+K1.B1-X9:6:2,,,,,,,,
695,=+,,H05V-K,BU,"0,5",,=Q01+K1.B1-X9:7:4,=Q01+K1.B1-A1:3,,,,,,,,
696,=Q01+K1-W308,UNITRONIC® LiYCY (TP) 12x0.25,,PK,"0,25",3.5 m,=Q01+K1.G1-G1:J4.7,=Q01+K1.B1-X9:7:3,,,,,,,,
697,=+,,H05V-K,BU,"0,5",,=Q01+K1.B1-X9:8:5,=Q01+K1.B1-W5(-P1):X1:2,,,,,,,,
698,=Q01+K1-W308,UNITRONIC® LiYCY (TP) 12x0.25,,GY,"0,25",3.5 m,=Q01+K1.G1-G1:J4.8,=Q01+K1.B1-X9:8:2,,,,,,,,
699,=+,,H05V-K,BU,"0,5",,=Q01+K1.B1-X9:9:4,=Q01+K1.B1-A1:4,,,,,,,,
700,=Q01+K1-W308,UNITRONIC® LiYCY (TP) 12x0.25,,GYPK,"0,25",3.5 m,=Q01+K1.G1-G1:J4.9,=Q01+K1.B1-X9:9:3,,,,,,,,
701,=+,,H05V-K,BU,"0,5",,=Q01+K1.B1-X9:10:5,=Q01+K1.B1-W5(-P1):X1:3,,,,,,,,
702,=Q01+K1-W308,UNITRONIC® LiYCY (TP) 12x0.25,,RDBU,"0,25",3.5 m,=Q01+K1.G1-G1:J4.10,=Q01+K1.B1-X9:10:2,,,,,,,,
703,=+,,H05V-K,BU,"0,5",,=Q01+K1.B1-X9:11:4,=Q01+K1.B1-A1:5,,,,,,,,
704,=Q01+K1-W308,UNITRONIC® LiYCY (TP) 12x0.25,,RD,"0,25",3.5 m,=Q01+K1.G1-G1:J4.11,=Q01+K1.B1-X9:11:3,,,,,,,,
705,=+,,H05V-K,BU,"0,5",,=Q01+K1.B1-X9:12:5,=Q01+K1.B1-W5(-P1):X1:4,,,,,,,,
706,=Q01+K1-W308,UNITRONIC® LiYCY (TP) 12x0.25,,BU,"0,25",3.5 m,=Q01+K1.G1-G1:J4.12,=Q01+K1.B1-X9:12:2,,,,,,,,
707,=+,,H05V-K,BU,"0,5",,=Q01+K1.B1-X9:13:4,=Q01+K1.B1-A1:6,,,,,,,,
708,=Q01+K1-W308,UNITRONIC® LiYCY (TP) 12x0.25,,BK,"0,25",3.5 m,=Q01+K1.G1-G1:J4.13,=Q01+K1.B1-X9:13:3,,,,,,,,
709,=+,,H05V-K,BU,"0,5",,=Q01+K1.B1-X9:14:5,=Q01+K1.B1-W5(-P1):X1:5,,,,,,,,
710,=Q01+K1-W308,UNITRONIC® LiYCY (TP) 12x0.25,,VT,"0,25",3.5 m,=Q01+K1.G1-G1:J4.14,=Q01+K1.B1-X9:14:2,,,,,,,,
711,=+,,,,,,=Q01+K1.D2-X1:1,=Q01+K1.D2-X1:1,,,,,,,,
712,=Q01+I1-W109,ÖLFLEX® CLASSIC 110 3x1.5 mm²,,1,"1,5",8 m,=Q01+K1.D2-X1:1,=Q01+S1-N1:X0.1,,,,,,,,
713,=+,,H07V-K,BK,"1,5",,=Q01+K1.H2-Q2:T1,=Q01+K1.D2-X1:1,,,,,,,,
714,=+,,H05V-K,direkt verbunden,"0,5",,=A02+K1.H2-W3:3L1,=Q01+K1.H2-Q2:L1,,,,,,,,
715,=+,,,,,,=Q01+K1.D2-X1:2,=Q01+K1.D2-X1:2,,,,,,,,
716,=Q01+I1-W109,ÖLFLEX® CLASSIC 110 3x1.5 mm²,,2,"1,5",8 m,=Q01+K1.D2-X1:2,=Q01+S1-N1:X0.2,,,,,,,,
717,=+,,H07V-K,BK,"1,5",,=Q01+K1.H2-Q2:T2,=Q01+K1.D2-X1:2,,,,,,,,
718,=+,,H07V-K,BK,"1,5",,=Q01+K1.H2-Q2:T2,=Q01+K1.D2-X2:2,,,,,,,,
719,=+,,H05V-K,direkt verbunden,"0,5",,=A02+K1.H2-W3:3L2,=Q01+K1.H2-Q2:L2,,,,,,,,
720,=+,,,,,,=Q01+K1.D2-X1:3,=Q01+K1.D2-X1:3,,,,,,,,
721,=+,,H07V-K,BK,"1,5",,=Q01+K1.H2-Q2:T3,=Q01+K1.D2-X2:1,,,,,,,,
722,=+,,H05V-K,direkt verbunden,"0,5",,=A02+K1.H2-W3:3L3,=Q01+K1.H2-Q2:L3,,,,,,,,
723,=Q01+I1-W109,ÖLFLEX® CLASSIC 110 3x1.5 mm²,,GNYE,"1,5",8 m,=Q01+K1.D2-X1:PE,=Q01+S1-N1:X0.PE,,,,,,,,
724,=+,,H05V-K,BU,"0,5",,=Q01+K1.D2-X1:PE,=Q01+K1.D2-X1:PE,,,,,,,,
725,=+,,H07V-K,GNYE,"1,5",,=A02+K1.H2-X6:4:2,=Q01+K1.D2-X1:PE,,,,,,,,
726,=Q01+S1-W110,HE 10 1x0.00,,HE10,"0,00",,=Q01+S1-E1:1,=Q01+S1-N1:X5.1,,,,,,,,
727,=Q01+S1-W110,HE 10 1x0.00,,FLEXGR-Cu,"0,00",,=Q01+S1-E1:S,=Q01+S1-N1:X5.S,,,,,,,,
728,=Q01+S1-W111,"HE 10 1x0,00",,HE10,"0,00",,=Q01+S1-E1:1,=Q01+S1-N1:X6.1,,,,,,,,
729,=Q01+S1-W111,"HE 10 1x0,00",,FLEXGR-Cu,"0,00",,=Q01+S1-E1:S,=Q01+S1-N1:X6.S,,,,,,,,
730,=+,,H05V-K,BU,"0,5",,=Q01+K1.H2-Q2:14,=Q01+K1.B1-A4:1,,,,,,,,
731,=+,,H05V-K,BU,"0,5",,=Q01+K1.H2-Q2:14,=Q01+K1.B1-A7:1,,,,,,,,
732,=+,,H05V-K,BU,"0,5",,=Q01+K1.B1-W5(-P1):P1:2,=Q01+K1.H2-Q2:13,,,,,,,,
733,=Q01+I1-W312,"UNITRONIC® LiYCY 10x0,5 mm²",,Schirm,,,=Q01+S1-N1:X1.CASE,=A02+K1.B1-W10:SE,,,,,,,,
734,=Q01+I1-W312,"UNITRONIC® LiYCY 10x0,5 mm²",,WH,"0,5",,=A02+K1.B1-X21-X21.3M:1,=Q01+S1-N1:X1.1,,,,,,,,
735,=+,,H05V-K,BU,"0,5",,=Q01+K1.B1-A4:9,=A02+K1.B1-X21-X21.3F:1,,,,,,,,
736,=Q01+I1-W312,"UNITRONIC® LiYCY 10x0,5 mm²",,BN,"0,5",,=A02+K1.B1-X21-X21.3M:2,=Q01+S1-N1:X1.2,,,,,,,,
737,=+,,H05V-K,BU,"0,5",,=A02+K1.B1-X21-X21.3F:2,=Q01+K1.B1-W5(-P2):P2:2,,,,,,,,
738,=Q01+I1-W312,"UNITRONIC® LiYCY 10x0,5 mm²",,GN,"0,5",,=A02+K1.B1-X21-X21.3M:3,=Q01+S1-N1:X1.3,,,,,,,,
739,=+,,H05V-K,BU,"0,5",,=Q01+K1.B1-A4:10,=A02+K1.B1-X21-X21.3F:3,,,,,,,,
740,=Q01+I1-W312,"UNITRONIC® LiYCY 10x0,5 mm²",,YE,"0,5",,=A02+K1.B1-X21-X21.3M:4,=Q01+S1-N1:X1.4,,,,,,,,
741,=+,,H05V-K,BU,"0,5",,=A02+K1.B1-X21-X21.3F:4,=Q01+K1.B1-W5(-P2):P2:2,,,,,,,,
742,=Q01+I1-W312,"UNITRONIC® LiYCY 10x0,5 mm²",,GY,"0,5",,=A02+K1.B1-X21-X21.3M:5,=Q01+S1-N1:X1.5,,,,,,,,
743,=+,,H05V-K,BU,"0,5",,=Q01+K1.B1-A4:11,=A02+K1.B1-X21-X21.3F:5,,,,,,,,
744,=Q01+I1-W312,"UNITRONIC® LiYCY 10x0,5 mm²",,PK,"0,5",,=A02+K1.B1-X21-X21.3M:6,=Q01+S1-N1:X1.6,,,,,,,,
745,=+,,H05V-K,BU,"0,5",,=A02+K1.B1-X21-X21.3F:6,=Q01+K1.B1-W5(-P2):P2:2,,,,,,,,
746,=Q01+I1-W312,"UNITRONIC® LiYCY 10x0,5 mm²",,BU,"0,5",,=A02+K1.B1-X21-X21.3M:7,=Q01+S1-N1:X1.7,,,,,,,,
747,=+,,H05V-K,BU,"0,5",,=Q01+K1.B1-A4:2,=A02+K1.B1-X21-X21.3F:7,,,,,,,,
748,=Q01+I1-W312,"UNITRONIC® LiYCY 10x0,5 mm²",,BK,"0,5",,=A02+K1.B1-X21-X21.3M:8,=Q01+S1-N1:X1.9,,,,,,,,
749,=+,,H05V-K,BU,"0,5",,=Q01+K1.B1-A4:3,=A02+K1.B1-X21-X21.3F:8,,,,,,,,
750,=Q01+I1-W312,"UNITRONIC® LiYCY 10x0,5 mm²",,RD,"0,5",,=A02+K1.B1-X21-X21.3M:9,=Q01+S1-N1:X1.8,,,,,,,,
751,=Q01+I1-W312,"UNITRONIC® LiYCY 10x0,5 mm²",H05V-K,BU,"0,75",,=A02+K1.B1-X21-X21.3F:9,=Q01+K1.B1-W5(-P1):P1,,,,,,,,
752,=Q01+I1-W413,"UNITRONIC® LiYCY (TP) 8x0,5",,WH,"0,5",2 m,=A02+K1.B1-X21-X21.4M:1,=Q01+S1-N1-X2:3,,,,,,,,
753,=Q01+K1-W413,"UNITRONIC® LiYCY (TP) 8x0,5",,WH,"0,5",2 m,=Q01+K1.B1-A3:1,=A02+K1.B1-X21-X21.4F:1,,,,,,,,
754,=Q01+I1-W413,"UNITRONIC® LiYCY (TP) 8x0,5",,BN,"0,5",2 m,=A02+K1.B1-X21-X21.4M:2,=Q01+S1-N1-X2:4,,,,,,,,
755,=Q01+K1-W413,"UNITRONIC® LiYCY (TP) 8x0,5",,BN,"0,5",2 m,=Q01+K1.B1-A3:2,=A02+K1.B1-X21-X21.4F:2,,,,,,,,
756,=Q01+I1-W413,"UNITRONIC® LiYCY (TP) 8x0,5",,GN,"0,5",2 m,=A02+K1.B1-X21-X21.4M:3,=Q01+S1-N1-X2:7,,,,,,,,
757,=Q01+K1-W413,"UNITRONIC® LiYCY (TP) 8x0,5",,GN,"0,5",2 m,=Q01+K1.B1-A3:5,=A02+K1.B1-X21-X21.4F:3,,,,,,,,
758,=Q01+I1-W413,"UNITRONIC® LiYCY (TP) 8x0,5",,YE,"0,5",2 m,=A02+K1.B1-X21-X21.4M:4,=Q01+S1-N1-X2:8,,,,,,,,
759,=Q01+K1-W413,"UNITRONIC® LiYCY (TP) 8x0,5",,YE,"0,5",2 m,=Q01+K1.B1-A3:6,=A02+K1.B1-X21-X21.4F:4,,,,,,,,
760,=Q01+I1-W413,"UNITRONIC® LiYCY (TP) 8x0,5",,GY,"0,5",2 m,=A02+K1.B1-X21-X21.4M:5,=Q01+S1-N1-X2:1,,,,,,,,
761,=Q01+K1-W413,"UNITRONIC® LiYCY (TP) 8x0,5",,GY,"0,5",2 m,=Q01+K1.B1-A2:1,=A02+K1.B1-X21-X21.4F:5,,,,,,,,
762,=Q01+I1-W413,"UNITRONIC® LiYCY (TP) 8x0,5",,PK,"0,5",2 m,=A02+K1.B1-X21-X21.4M:6,=Q01+S1-N1-X2:2,,,,,,,,
763,=Q01+K1-W413,"UNITRONIC® LiYCY (TP) 8x0,5",,PK,"0,5",2 m,=Q01+K1.B1-A2:2,=A02+K1.B1-X21-X21.4F:6,,,,,,,,
764,=Q01+I1-W413,"UNITRONIC® LiYCY (TP) 8x0,5",,RD,"0,5",2 m,=A02+K1.B1-X21-X21.4M:7,=Q01+S1-N1-X2:5,,,,,,,,
765,=Q01+K1-W413,"UNITRONIC® LiYCY (TP) 8x0,5",,RD,"0,5",2 m,=Q01+K1.B1-A2:5,=A02+K1.B1-X21-X21.4F:7,,,,,,,,
766,=Q01+I1-W413,"UNITRONIC® LiYCY (TP) 8x0,5",,BU,"0,5",2 m,=A02+K1.B1-X21-X21.4M:8,=Q01+S1-N1-X2:6,,,,,,,,
767,=Q01+K1-W413,"UNITRONIC® LiYCY (TP) 8x0,5",,BU,"0,5",2 m,=Q01+K1.B1-A2:6,=A02+K1.B1-X21-X21.4F:8,,,,,,,,
768,=Q01+I1-W413,"UNITRONIC® LiYCY (TP) 8x0,5",,Schirm,,,=Q01+I1-W413:Schirm,=Q01+S1-N1:X2.CASE,,,,,,,,
769,=Q01+K1-W413,"UNITRONIC® LiYCY (TP) 8x0,5",,Schirm,"0,00",,=Q01+K1-W413:Schirm,=A02+K1.B1-W11:SE,,,,,,,,
770,=+,,H07V-K,BU,"2,5",,=Q01+K1.H1-G2:-,=Q01+K1.B1-X9:16:2,,,,,,,,
771,=+,,H07V-K,BU,"2,5",,=Q01+K1.B1-X9:16:2,=Q01+K1.B1-X9:36:2,,,,,,,,
772,=+,,H07V-K,BK,"1,5",,=Q01+K1.H2-Q3:T1,=Q01+K1.H1-G2:L1,,,,,,,,
773,=+,,H05V-K,direkt verbunden,"0,5",,=A02+K1.H2-W3:3L1,=Q01+K1.H2-Q3:L1,,,,,,,,
774,=+,,H07V-K,BU,"2,5",,=Q01+K1.H1-G2:+,=Q01+K1.B1-X9:15:3,,,,,,,,
775,=+,,H07V-K,BU,"2,5",,=Q01+K1.B1-X9:15:3,=Q01+K1.B1-X9:35:3,,,,,,,,
776,=+,,H07V-K,BK,"1,5",,=Q01+K1.H2-Q3:T2,=Q01+K1.H1-G2:L2,,,,,,,,
777,=+,,H05V-K,direkt verbunden,"0,5",,=A02+K1.H2-W3:3L2,=Q01+K1.H2-Q3:L2,,,,,,,,
778,=+,,H07V-K,BK,"1,5",,=Q01+K1.H2-Q3:T3,=Q01+K1.H1-G2:L3,,,,,,,,
779,=+,,H05V-K,direkt verbunden,"0,5",,=A02+K1.H2-W3:3L3,=Q01+K1.H2-Q3:L3,,,,,,,,
780,=+,,H07V-K,GNYE,"2,5",,=Q01+K1.H1-G2:-,=A02+K1.H2-X6:PE:1,,,,,,,,
781,=+,,H07V-K,GNYE,"1,5",,=Q01+K1.B1-X9:PE:1,=Q01+K1.H1-G2:PE,,,,,,,,
782,=+,,H05V-K,BU,"0,5",,=Q01+K1.H2-Q3:14,=Q01+K1.B1-A4:4,,,,,,,,
783,=+,,H05V-K,BU,"0,5",,=Q01+K1.H2-Q3:14,=Q01+K1.B1-A7:4,,,,,,,,
784,=+,,H05V-K,BU,"0,5",,=Q01+K1.B1-W5(-P1):P1:1,=Q01+K1.H2-Q3:13,,,,,,,,
785,=Q01+I1-W118,UNITRONIC® LiYCY (TP) 4x0.5 mm,,Schirm,,,=Q01+S1-E1:X1.CASE,=Q01+I1-W118:Schirm,,,,,,,,
786,=Q01+I1-W118,UNITRONIC® LiYCY (TP) 4x0.5 mm,,WH,0.5,5 m,=A02+K1.B1-X21-X21.3M:10,=Q01+S1-E1:X1.1,,,,,,,,
787,=Q01+K1-W118,UNITRONIC® LiYCY (TP) 4x0.5 mm,,WH,0.5,5 m,=Q01+K1.G1-N2:X3A.1,=A02+K1.B1-X21-X21.3F:10,,,,,,,,
788,=Q01+K1-W117,"ÖLFLEX® CLASSIC 110 3x2,5 mm²",,1,"2,5",3.5 m,=Q01+K1.B1-X9:15:4,=Q01+K1.G1-N2:X0.+24V,,,,,,,,
789,=Q01+I1-W118,UNITRONIC® LiYCY (TP) 4x0.5 mm,,BN,0.5,5 m,=A02+K1.B1-X21-X21.3M:11,=Q01+S1-E1:X1.2,,,,,,,,
790,=Q01+K1-W118,UNITRONIC® LiYCY (TP) 4x0.5 mm,,BN,0.5,5 m,=Q01+K1.G1-N2:X3A.2,=A02+K1.B1-X21-X21.3F:11,,,,,,,,
791,=Q01+K1-W117,"ÖLFLEX® CLASSIC 110 3x2,5 mm²",,2,"2,5",3.5 m,=Q01+K1.B1-X9:16:5,=Q01+K1.G1-N2:X0.GND,,,,,,,,
792,=Q01+I1-W118,UNITRONIC® LiYCY (TP) 4x0.5 mm,,YE,0.5,5 m,=A02+K1.B1-X21-X21.3M:12,=Q01+S1-E1:X1.3,,,,,,,,
793,=Q01+K1-W118,UNITRONIC® LiYCY (TP) 4x0.5 mm,,YE,0.5,5 m,=Q01+K1.G1-N2:X3B.2,=A02+K1.B1-X21-X21.3F:12,,,,,,,,
794,=Q01+K1-W117,"ÖLFLEX® CLASSIC 110 3x2,5 mm²",,GNYE,"2,5",3.5 m,=Q01+K1.B1-X9:PE:1,=Q01+K1.G1-N2:X0.PE,,,,,,,,
795,=Q01+I1-W118,UNITRONIC® LiYCY (TP) 4x0.5 mm,,GN,0.5,5 m,=A02+K1.B1-X21-X21.3M:13,=Q01+S1-E1:X1.4,,,,,,,,
796,=Q01+K1-W118,UNITRONIC® LiYCY (TP) 4x0.5 mm,,GN,0.5,5 m,=Q01+K1.G1-N2:X3B.1,=A02+K1.B1-X21-X21.3F:13,,,,,,,,
797,=Q01+K1-W118,UNITRONIC® LiYCY (TP) 4x0.5 mm,,Schirm,,,,,,,,,,,,
798,=Q01+K1-W422,UNITRONIC® LiYCY (TP) 4x0.5 mm,,WH,0.5,3 m,=Q01+K1.B1-A5:1,=Q01+K1.G1-N2:X1.9,,,,,,,,
799,=Q01+K1-W422,UNITRONIC® LiYCY (TP) 4x0.5 mm,,BN,0.5,3 m,=Q01+K1.B1-A5:3,=Q01+K1.G1-N2:X1.10,,,,,,,,
800,=Q01+K1-W422,UNITRONIC® LiYCY (TP) 4x0.5 mm,,GN,0.5,3 m,=Q01+K1.B1-A5:5,=Q01+K1.G1-N2:X1.11,,,,,,,,
801,=Q01+K1-W422,UNITRONIC® LiYCY (TP) 4x0.5 mm,,YE,0.5,3 m,=Q01+K1.B1-A5:7,=Q01+K1.G1-N2:X1.12,,,,,,,,
802,=Q01+K1-W422,UNITRONIC® LiYCY (TP) 4x0.5 mm,,Schirm,,,=A02+K1.B1-W11:SE,=Q01+K1.G1-N2:X1.CASE,,,,,,,,
803,=Q01+K1-W324,UNITRONIC® LiYCY (TP) 4x0.5 mm,,WH,0.5,3.5 m,=Q01+K1.B1-X9:17:4,=Q01+K1.G1-N2:X2.E+,,,,,,,,
804,=+,,H05V-K,BU,"0,75",,=Q01+K1.B1-A4:12,=Q01+K1.B1-X9:17:3,,,,,,,,
805,=Q01+K1-W324,UNITRONIC® LiYCY (TP) 4x0.5 mm,,BN,0.5,3.5 m,=Q01+K1.B1-X9:18:5,=Q01+K1.G1-N2:X2.E-,,,,,,,,
806,=+,,H05V-K,BU,"0,75",,=Q01+K1.B1-W5(-P2):P2:2,=Q01+K1.B1-X9:18:2,,,,,,,,
807,=Q01+K1-W324,UNITRONIC® LiYCY (TP) 4x0.5 mm,,GN,0.5,3.5 m,=Q01+K1.B1-X9:19:4,=Q01+K1.G1-N2:X2.NO,,,,,,,,
808,=+,,H05V-K,BU,"0,75",,=Q01+K1.B1-A4:5,=Q01+K1.B1-X9:19:3,,,,,,,,
809,=Q01+K1-W324,UNITRONIC® LiYCY (TP) 4x0.5 mm,,YE,0.5,3.5 m,=Q01+K1.B1-X9:20:5,=Q01+K1.G1-N2:X2.COM,,,,,,,,
810,=+,,H05V-K,BU,"0,75",,=Q01+K1.B1-W5(-P1):P1:1,=Q01+K1.B1-X9:20:2,,,,,,,,
811,=Q01+K1-W324,UNITRONIC® LiYCY (TP) 4x0.5 mm,,Schirm,,,=Q01+K1-W324:Schirm,=A02+K1.B1-W9:SE,,,,,,,,
812,=Q01+K1-W425,"UNITRONIC® LiYCY 2x0,5 mm²",,Schirm,,,,,,,,,,,,
813,=+,,H05V-K,BU,"0,75",,=Q01+K1.B1-A13:1,=Q01+K1.B1-X9:21:4,,,,,,,,
814,=Q01+K1-W431,"UNITRONIC® LiYCY 12x0,5 mm²",,WH,"0,5",,=Q01+K1.G2-X1:2,=Q01+K1.B1-X9:21:3,,,,,,,,
815,=+,,H05V-K,BU,"0,75",,=Q01+K1.B1-A13:4,=Q01+K1.B1-X9:22:5,,,,,,,,
816,=Q01+K1-W431,"UNITRONIC® LiYCY 12x0,5 mm²",,BN,"0,5",,=Q01+K1.G2-X1:3,=Q01+K1.B1-X9:22:2,,,,,,,,
817,=+,,H05V-K,BU,"0,75",,=Q01+K1.B1-A13:5,=Q01+K1.B1-X9:23:4,,,,,,,,
818,=Q01+K1-W431,"UNITRONIC® LiYCY 12x0,5 mm²",,GN,"0,5",,=Q01+K1.G2-X1:4,=Q01+K1.B1-X9:23:3,,,,,,,,
819,=+,,H05V-K,BU,"0,75",,=Q01+K1.B1-A13:8,=Q01+K1.B1-X9:24:5,,,,,,,,
820,=Q01+K1-W431,"UNITRONIC® LiYCY 12x0,5 mm²",,YE,"0,5",,=Q01+K1.G2-X1:5,=Q01+K1.B1-X9:24:2,,,,,,,,
821,=+,,H05V-K,BU,"0,75",,=Q01+K1.B1-W5(-P1):P1:2,=Q01+K1.B1-X9:25:4,,,,,,,,
822,=Q01+K1-W431,"UNITRONIC® LiYCY 12x0,5 mm²",,GY,"0,5",,=Q01+K1.G2-X1:6,=Q01+K1.B1-X9:25:3,,,,,,,,
823,=Q01+K1-W432,UNITRONIC® LiYCY (TP) 4x0.5 mm,,Schirm,"0,00",,=Q01+K1.B1-X9:26:5,=A02+K1.B1-W11:SE,,,,,,,,
824,=Q01+K1-W431,"UNITRONIC® LiYCY 12x0,5 mm²",,SH,"0,5",,=Q01+K1.G2-X1:8,=Q01+K1.B1-X9:26:2,,,,,,,,
825,=+,,H05V-K,BU,"0,75",,=Q01+K1.B1-X9:27:4,=Q01+K1.B1-X9:30:5,,,,,,,,
826,=+,,H05V-K,BU,"0,75",,=Q01+K1.B1-X9:30:5,=Q01+K1.B1-G4:5,,,,,,,,
827,=Q01+K1-W431,"UNITRONIC® LiYCY 12x0,5 mm²",,PK,"0,5",,=Q01+K1.G2-X1:9,=Q01+K1.B1-X9:27:3,,,,,,,,
828,=Q01+K1-W432,UNITRONIC® LiYCY (TP) 4x0.5 mm,,WH,0.5,,=Q01+K1.B1-X9:28:5,=Q01+K1.B1-A12:1,,,,,,,,
829,=Q01+K1-W431,"UNITRONIC® LiYCY 12x0,5 mm²",,BU,"0,5",,=Q01+K1.G2-X1:10,=Q01+K1.B1-X9:28:2,,,,,,,,
830,=Q01+K1-W432,UNITRONIC® LiYCY (TP) 4x0.5 mm,,BN,0.5,,=Q01+K1.B1-X9:29:4,=Q01+K1.B1-A12:3,,,,,,,,
831,=+,,H05V-K,BU,"0,75",,=Q01+K1.B1-X9:29:4,=Q01+K1.B1-X9:32:5,,,,,,,,
832,=Q01+K1-W431,"UNITRONIC® LiYCY 12x0,5 mm²",,RD,"0,5",,=Q01+K1.G2-X1:11,=Q01+K1.B1-X9:29:3,,,,,,,,
833,=Q01+K1-W431,"UNITRONIC® LiYCY 12x0,5 mm²",,BK,"0,5",,=Q01+K1.G2-X1:12,=Q01+K1.B1-X9:30:2,,,,,,,,
834,=Q01+K1-W432,UNITRONIC® LiYCY (TP) 4x0.5 mm,,GN,0.5,,=Q01+K1.B1-X9:31:4,=Q01+K1.B1-A12:5,,,,,,,,
835,=Q01+K1-W431,"UNITRONIC® LiYCY 12x0,5 mm²",,VT,"0,5",,=Q01+K1.G2-X1:13,=Q01+K1.B1-X9:31:3,,,,,,,,
836,=+,,H05V-K,BU,"0,75",,=Q01+K1.B1-X9:32:5,=Q01+K1.B1-G4:6,,,,,,,,
837,=Q01+K1-W432,UNITRONIC® LiYCY (TP) 4x0.5 mm,,YE,0.5,,=Q01+K1.B1-X9:32:5,=Q01+K1.B1-A12:7,,,,,,,,
838,=Q01+K1-W431,"UNITRONIC® LiYCY 12x0,5 mm²",,GYPK,"0,5",,=Q01+K1.G2-X1:14,=Q01+K1.B1-X9:32:2,,,,,,,,
839,=+,,H05V-K,BU,"0,75",,=Q01+K1.B1-G4:8,=Q01+K1.B1-W5(-P2):P2:1,,,,,,,,
840,=+,,H05V-K,BU,"0,75",,=Q01+K1.B1-G4:7,=Q01+K1.B1-W5(-P1):P1:2,,,,,,,,
841,=Q01+K1-W425,"UNITRONIC® LiYCY 2x0,5 mm²",,WH,"0,5",2 m,=Q01+K1.B1-A6:14,=Q01+K1.B1-K5:12,,,,,,,,
842,=Q01+I1-W426,UNITRONIC® LiYCY 5x0.5 mm²,,WH,"0,5",8 m,=A02+K1.B1-X21-X21.5M:1,=Q01+S1-X3:1,,,,,,,,
843,=+,,H05V-K,BU,"0,5",,=Q01+K1.B1-K5:11,=A02+K1.B1-X21-X21.5F:1,,,,,,,,
844,=Q01+I1-W426,UNITRONIC® LiYCY 5x0.5 mm²,,BN,"0,5",8 m,=A02+K1.B1-X21-X21.5M:2,=Q01+S1-X3:2,,,,,,,,
845,=+,,H05V-K,BU,"0,75",,=Q01+K1.B1-W5(-P2):P2:2,=Q01+K1.B1-K5:A2,,,,,,,,
846,=+,,H05V-K,BU,"0,5",,=Q01+K1.B1-A6:4,=Q01+K1.B1-K5:A1,,,,,,,,
847,=+,,H05V-K,BU,"0,75",,=Q01+K1.B1-W5(-P2):P2:1,=Q01+K1.B1-K4:A2,,,,,,,,
848,=Q01+I1-W426,UNITRONIC® LiYCY 5x0.5 mm²,,YE,"0,5",8 m,=A02+K1.B1-X21-X21.5M:3,=Q01+S1-X3:6(5),,,,,,,,
849,=Q01+I1-W426,UNITRONIC® LiYCY 5x0.5 mm²,,GY,"0,5",8 m,=A02+K1.B1-X21-X21.5M:4,=Q01+S1-X3:A(3),,,,,,,,
850,=+,,H05V-K,BU,"0,5",,=Q01+K1.B1-W5(-P2):P2,=A02+K1.B1-X21-X21.5F:4,,,,,,,,
851,=Q01+I1-W426,UNITRONIC® LiYCY 5x0.5 mm²,,GN,"0,5",8 m,=A02+K1.B1-X21-X21.5M:5,=Q01+S1-X3:5(4),,,,,,,,
852,=+,,H05V-K,BU,"0,5",,=Q01+K1.B1-K4:11,=A02+K1.B1-X21-X21.5F:5,,,,,,,,
853,=+,,H05V-K,BU,"0,5",,=Q01+K1.B1-W5(-P1):P1:1,=A02+K1.B1-K20:23,,,,,,,,
854,=Q01+I1-W426,UNITRONIC® LiYCY 5x0.5 mm²,,Schirm,,,=Q01+I1-W426:Schirm,=A02+K1.B1-W10:SE,,,,,,,,
855,=+,,H05V-K,BU,"0,5",,=Q01+K1.B1-W5(-P1):P1:2,=Q01+K1.B1-X9:34:2,,,,,,,,
856,=Q01+K1-W425,"UNITRONIC® LiYCY 2x0,5 mm²",,,,,,,,,,,,,,
857,=Q01+S1-W427,,,BN,,,=Q01+S1-M1:BN,=Q01+S1-X3:1,,,,,,,,
858,=Q01+S1-W427,,,GY,,,=Q01+S1-M1:GY,=Q01+S1-X3:2,,,,,,,,
859,=+,,H05V-K,BU,"0,25",,=Q01+S1-X3:2,=Q01+S1-X3:A(3),,,,,,,,
860,=Q01+S1-W427,,,BU,,,=Q01+S1-M1:BU,=Q01+S1-X3:A(3),,,,,,,,
861,=+,,H05V-K,BU,"0,5",,=Q01+K1.B1-K5:14,=A02+K1.B1-X21-X21.5F:2,,,,,,,,
862,=Q01+K1-W425,"UNITRONIC® LiYCY 2x0,5 mm²",,BN,"0,5",2 m,=Q01+K1.B1-K5:14,=Q01+K1.B1-A6:15,,,,,,,,
863,=+,,H05V-K,BU,"0,75",,=Q01+K1.B1-K4:A1,=Q01+K1.B1-A6:5,,,,,,,,
864,=+,,H05V-K,BU,"0,75",,=Q01+K1.B1-R1:1,=Q01+K1.B1-K4:A1,,,,,,,,
865,=+,,H05V-K,BU,"0,75",,=Q01+K1.B1-R1:2,=A02+K1.B1-X21-X21.5F:3,,,,,,,,
866,=+,,H05V-K,BU,"0,5",,=Q01+K1.B1-A6:9,=A02+K1.B1-X21-X21.5F:3,,,,,,,,
867,=Q01+S1-W427,,,WH,,,=Q01+S1-M1:WH,=Q01+S1-X3:6(5),,,,,,,,
868,=Q01+S1-W427,,,PK,,,=Q01+S1-M1:PK,=Q01+S1-X3:5(4),,,,,,,,
869,=+,,H05V-K,BU,"0,5",,=A02+K1.B1-K20:24,=Q01+K1.B1-K4:14,,,,,,,,
870,=+,,H05V-K,BU,"1,50",,=Q01+K1.B1-K4:14,=Q01+K1.B1-X9:33:3,,,,,,,,
871,=+,,H05V-K,BU,"0,5",,=Q01+K1.B1-A6:10,=Q01+K1.B1-X9:33:3,,,,,,,,
872,=Q01+I1-W330,Leitung Drehgeber 5x0.34,,WH,"0,34",,=Q01+S1-B1:1,=A02+K1.B1-X21-X21.5M:6,,,,,,,,
873,=+,,H05V-K,BU,"0,75",,=A02+K1.B1-X21-X21.5F:6,=Q01+K1.B1-W5(-P2):P2,,,,,,,,
874,=Q01+I1-W330,Leitung Drehgeber 5x0.34,,BN,"0,34",,=Q01+S1-B1:2,=A02+K1.B1-X21-X21.5M:7,,,,,,,,
875,=+,,H05V-K,BU,"0,75",,=A02+K1.B1-X21-X21.5F:7,=Q01+K1.B1-W5(-P1):P1,,,,,,,,
876,=Q01+I1-W330,Leitung Drehgeber 5x0.34,,BK,"0,34",,=Q01+S1-B1:3,=A02+K1.B1-X21-X21.5M:8,,,,,,,,
877,=Q01+K1-W329,"UNITRONIC® LiYCY 3x0,5 mm²",,WH,"0,5",3 m,=Q01+K1.B1-A6:2,=A02+K1.B1-X21-X21.5F:8,,,,,,,,
878,=Q01+I1-W330,Leitung Drehgeber 5x0.34,,BU,"0,34",,=Q01+S1-B1:4,=A02+K1.B1-X21-X21.5M:9,,,,,,,,
879,=Q01+K1-W329,"UNITRONIC® LiYCY 3x0,5 mm²",,BN,"0,5",3 m,=Q01+K1.B1-A6:1,=A02+K1.B1-X21-X21.5F:9,,,,,,,,
880,=Q01+I1-W330,Leitung Drehgeber 5x0.34,,GY,"0,34",,=Q01+S1-B1:5,=A02+K1.B1-X21-X21.5M:10,,,,,,,,
881,=Q01+K1-W329,"UNITRONIC® LiYCY 3x0,5 mm²",,GN,"0,5",3 m,=Q01+K1.B1-A6:3,=A02+K1.B1-X21-X21.5F:10,,,,,,,,
882,=Q01+K1-W329,"UNITRONIC® LiYCY 3x0,5 mm²",,Schirm,"0,50",,=Q01+K1-W329:Schirm,=A02+K1.B1-W11:SE,,,,,,,,
883,=Q01+I1-W330,Leitung Drehgeber 5x0.34,,Schirm,"0,34",,=A02+K1.B1-W10:SE,=Q01+S1-B1:CASE,,,,,,,,
884,=A02+I1-W303,"UNITRONIC® LiYY 25x0,25",,WH,"0,25",10 m,=A02+S1-A21-X1:1,=A02+K1.B1-X20-X20.1M:1,,,,,,,,
885,=+,,H05V-K,BU,"0,75",,=A02+K1.B1-X20-X20.1F:1,=Q01+K1.B1-A4:13,,,,,,,,
886,=A02+I1-W303,"UNITRONIC® LiYY 25x0,25",,BN,"0,25",10 m,=A02+S1-A21-X1:2,=A02+K1.B1-X20-X20.1M:2,,,,,,,,
887,=+,,H05V-K,BU,"0,75",,=A02+K1.B1-X20-X20.1F:2,=Q01+K1.B1-A4:14,,,,,,,,
888,=+,,H05V-K,BU,"0,5",,=A02+K1.B1-X21-X21.4F:9,=Q01+K1.B1-W5(-P1):X3:3,,,,,,,,
889,=Q01+I1-W325,Sensorkabel 4x0.25 mm²,,BN,0.25,,=Q01+S1-B10:X1.1,=A02+K1.B1-X21-X21.4M:9,,,,,,,,
890,=Q01+I1-W325,Sensorkabel 4x0.25 mm²,,BK,0.25,,=Q01+S1-B10:X1.4,=A02+K1.B1-X21-X21.4M:10,,,,,,,,
891,=+,,H05V-K,BU,"0,5",,=A02+K1.B1-X21-X21.4F:11,=Q01+K1.B1-W5(-P2):X3:1,,,,,,,,
892,=Q01+I1-W325,Sensorkabel 4x0.25 mm²,,BU,0.25,,=Q01+S1-B10:X1.3,=A02+K1.B1-X21-X21.4M:11,,,,,,,,
893,=+,,,,,,=Q01+K1.D2-X2:1,=Q01+K1.D2-X2:1,,,,,,,,
894,=Q01+I1-W150,ÖLFLEX® CLASSIC 110 3x1.5 mm²,,1,"1,5",8 m,=Q01+K1.D2-X2:1,=Q01+S1-N4:X0.1,,,,,,,,
895,=+,,,,,,=Q01+K1.D2-X2:2,=Q01+K1.D2-X2:2,,,,,,,,
896,=Q01+I1-W150,ÖLFLEX® CLASSIC 110 3x1.5 mm²,,2,"1,5",8 m,=Q01+K1.D2-X2:2,=Q01+S1-N4:X0.2,,,,,,,,
897,=+,,,,,,=Q01+K1.D2-X2:3,=Q01+K1.D2-X2:3,,,,,,,,
898,=Q01+I1-W150,ÖLFLEX® CLASSIC 110 3x1.5 mm²,,GNYE,"1,5",8 m,=Q01+K1.D2-X2:PE,=Q01+S1-N4:X0.PE,,,,,,,,
899,=+,,H05V-K,BU,"0,5",,=Q01+K1.D2-X2:PE,=Q01+K1.D2-X2:PE,,,,,,,,
900,=+,,H07V-K,GNYE,"1,5",,=A02+K1.H2-X6:PE:2,=Q01+K1.D2-X2:PE,,,,,,,,
901,=Q01+S1-W151,,,HE10,,,=Q01+S1-N4:X5.1,=Q01+S1-E2:1,,,,,,,,
902,=Q01+S1-W151,,,FLEXGR-Cu,"0,00",,=Q01+S1-N4:X5.S,=Q01+S1-E2:S,,,,,,,,
903,=Q01+S1-W151,,,,,,,,,,,,,,,
904,=Q01+S1-W151,,,,,,,,,,,,,,,
905,=Q01+S1-W152,,,HE10,,,=Q01+S1-N4:X6.1,=Q01+S1-E2:1,,,,,,,,
906,=Q01+S1-W152,,,FLEXGR-Cu,"0,00",,=Q01+S1-N4:X6.S,=Q01+S1-E2:S,,,,,,,,
907,=Q01+S1-W152,,,,,,,,,,,,,,,
908,=Q01+S1-W152,,,,,,,,,,,,,,,
909,=Q01+I1-W353,"UNITRONIC® LiYCY 10x0,5 mm²",,,,,=Q01+S1-N4:X1.CASE,=Q01+I1-W353,,,,,,,,
910,=Q01+I1-W353,"UNITRONIC® LiYCY 10x0,5 mm²",,WH,"0,5",,=A02+K1.B1-X21-X21.6M:1,=Q01+S1-N4:X1.1,,,,,,,,
911,=+,,H05V-K,BU,"0,5",,=Q01+K1.B1-A7:9,=A02+K1.B1-X21-X21.6F:1,,,,,,,,
912,=Q01+I1-W353,"UNITRONIC® LiYCY 10x0,5 mm²",,BN,"0,5",,=A02+K1.B1-X21-X21.6M:2,=Q01+S1-N4:X1.2,,,,,,,,
913,=+,,H05V-K,BU,"0,5",,=A02+K1.B1-X21-X21.6F:2,=Q01+K1.B1-W5(-P2):P2:2,,,,,,,,
914,=Q01+I1-W353,"UNITRONIC® LiYCY 10x0,5 mm²",,GN,"0,5",,=A02+K1.B1-X21-X21.6M:3,=Q01+S1-N4:X1.3,,,,,,,,
915,=+,,H05V-K,BU,"0,5",,=Q01+K1.B1-A7:10,=A02+K1.B1-X21-X21.6F:3,,,,,,,,
916,=Q01+I1-W353,"UNITRONIC® LiYCY 10x0,5 mm²",,YE,"0,5",,=A02+K1.B1-X21-X21.6M:4,=Q01+S1-N4:X1.4,,,,,,,,
917,=+,,H05V-K,BU,"0,5",,=A02+K1.B1-X21-X21.6F:4,=Q01+K1.B1-W5(-P2):P2:2,,,,,,,,
918,=Q01+I1-W353,"UNITRONIC® LiYCY 10x0,5 mm²",,GY,"0,5",,=A02+K1.B1-X21-X21.6M:5,=Q01+S1-N4:X1.5,,,,,,,,
919,=+,,H05V-K,BU,"0,5",,=Q01+K1.B1-A7:11,=A02+K1.B1-X21-X21.6F:5,,,,,,,,
920,=Q01+I1-W353,"UNITRONIC® LiYCY 10x0,5 mm²",,PK,"0,5",,=A02+K1.B1-X21-X21.6M:6,=Q01+S1-N4:X1.6,,,,,,,,
921,=+,,H05V-K,BU,"0,5",,=A02+K1.B1-X21-X21.6F:6,=Q01+K1.B1-W5(-P2):P2:2,,,,,,,,
922,=Q01+I1-W353,"UNITRONIC® LiYCY 10x0,5 mm²",,BU,"0,5",,=A02+K1.B1-X21-X21.6M:7,=Q01+S1-N4:X1.7,,,,,,,,
923,=+,,H05V-K,BU,"0,5",,=Q01+K1.B1-A7:2,=A02+K1.B1-X21-X21.6F:7,,,,,,,,
924,=Q01+I1-W353,"UNITRONIC® LiYCY 10x0,5 mm²",,BK,"0,5",,=A02+K1.B1-X21-X21.6M:8,=Q01+S1-N4:X1.9,,,,,,,,
925,=+,,H05V-K,BU,"0,5",,=Q01+K1.B1-A7:3,=A02+K1.B1-X21-X21.6F:8,,,,,,,,
926,=Q01+I1-W353,"UNITRONIC® LiYCY 10x0,5 mm²",,RD,"0,5",,=A02+K1.B1-X21-X21.6M:9,=Q01+S1-N4:X1.8,,,,,,,,
927,=+,,H05V-K,BU,"0,5",,=Q01+K1.B1-W5(-P1):P1:1,=A02+K1.B1-X21-X21.6F:9,,,,,,,,
928,=Q01+I1-W353,"UNITRONIC® LiYCY 10x0,5 mm²",,,,,=Q01+I1-W353,=A02+K1.B1-W10:SE,,,,,,,,
929,=Q01+I1-W454,"UNITRONIC® LiYCY (TP) 8x0,5",,WH,"0,5",2 m,=A02+K1.B1-X22-X22.1M:1,=Q01+S1-N4-X2:3,,,,,,,,
930,=Q01+K1-W454,"UNITRONIC® LiYCY (TP) 8x0,5",,WH,"0,5",2 m,=Q01+K1.B1-A3:3,=A02+K1.B1-X22-X22.1F:1,,,,,,,,
931,=Q01+I1-W454,"UNITRONIC® LiYCY (TP) 8x0,5",,BN,"0,5",2 m,=A02+K1.B1-X22-X22.1M:2,=Q01+S1-N4-X2:4,,,,,,,,
932,=Q01+K1-W454,"UNITRONIC® LiYCY (TP) 8x0,5",,BN,"0,5",2 m,=Q01+K1.B1-A3:4,=A02+K1.B1-X22-X22.1F:2,,,,,,,,
933,=Q01+I1-W454,"UNITRONIC® LiYCY (TP) 8x0,5",,GN,"0,5",2 m,=A02+K1.B1-X22-X22.1M:3,=Q01+S1-N4-X2:7,,,,,,,,
934,=Q01+K1-W454,"UNITRONIC® LiYCY (TP) 8x0,5",,GN,"0,5",2 m,=Q01+K1.B1-A3:7,=A02+K1.B1-X22-X22.1F:3,,,,,,,,
935,=Q01+I1-W454,"UNITRONIC® LiYCY (TP) 8x0,5",,YE,"0,5",2 m,=A02+K1.B1-X22-X22.1M:4,=Q01+S1-N4-X2:8,,,,,,,,
936,=Q01+K1-W454,"UNITRONIC® LiYCY (TP) 8x0,5",,YE,"0,5",2 m,=Q01+K1.B1-A3:8,=A02+K1.B1-X22-X22.1F:4,,,,,,,,
937,=Q01+I1-W454,"UNITRONIC® LiYCY (TP) 8x0,5",,GY,"0,5",2 m,=A02+K1.B1-X22-X22.1M:5,=Q01+S1-N4-X2:1,,,,,,,,
938,=Q01+K1-W454,"UNITRONIC® LiYCY (TP) 8x0,5",,GY,"0,5",2 m,=Q01+K1.B1-A2:3,=A02+K1.B1-X22-X22.1F:5,,,,,,,,
939,=Q01+I1-W454,"UNITRONIC® LiYCY (TP) 8x0,5",,PK,"0,5",2 m,=A02+K1.B1-X22-X22.1M:6,=Q01+S1-N4-X2:2,,,,,,,,
940,=Q01+K1-W454,"UNITRONIC® LiYCY (TP) 8x0,5",,PK,"0,5",2 m,=Q01+K1.B1-A2:4,=A02+K1.B1-X22-X22.1F:6,,,,,,,,
941,=Q01+I1-W454,"UNITRONIC® LiYCY (TP) 8x0,5",,RD,"0,5",2 m,=A02+K1.B1-X22-X22.1M:7,=Q01+S1-N4-X2:5,,,,,,,,
942,=Q01+K1-W454,"UNITRONIC® LiYCY (TP) 8x0,5",,RD,"0,5",2 m,=Q01+K1.B1-A2:7,=A02+K1.B1-X22-X22.1F:7,,,,,,,,
943,=Q01+I1-W454,"UNITRONIC® LiYCY (TP) 8x0,5",,BU,"0,5",2 m,=A02+K1.B1-X22-X22.1M:8,=Q01+S1-N4-X2:6,,,,,,,,
944,=Q01+K1-W454,"UNITRONIC® LiYCY (TP) 8x0,5",,BU,"0,5",2 m,=Q01+K1.B1-A2:8,=A02+K1.B1-X22-X22.1F:8,,,,,,,,
945,=Q01+I1-W454,"UNITRONIC® LiYCY (TP) 8x0,5",,Schirm,,,=Q01+I1-W454:Schirm,=Q01+S1-N4:X2.CASE,,,,,,,,
946,=Q01+K1-W413,"UNITRONIC® LiYCY (TP) 8x0,5",,Schirm,"0,00",,=Q01+K1-W454:Schirm,=A02+K1.B1-W11:SE,,,,,,,,
947,=Q01+I1-W159,UNITRONIC® LiYCY (TP) 4x0.5 mm,,SH,"0,34",,=Q01+S1-E2:X1.CASE,=Q01+I1-W159,,,,,,,,
948,=Q01+I1-W159,UNITRONIC® LiYCY (TP) 4x0.5 mm,,,,,,,,,,,,,,
949,=Q01+I1-W159,UNITRONIC® LiYCY (TP) 4x0.5 mm,,WH,0.5,5 m,=A02+K1.B1-X21-X21.6M:10,=Q01+S1-E2:X1.1,,,,,,,,
950,=Q01+K1-W159,UNITRONIC® LiYCY (TP) 4x0.5 mm,,WH,0.5,5 m,=Q01+K1.G1-N5:X3A.1,=A02+K1.B1-X21-X21.6F:10,,,,,,,,
951,=Q01+K1-W158,ÖLFLEX® CLASSIC 110 3x2.5 mm²,,1,"2,5",3.5 m,=Q01+K1.B1-X9:35:4,=Q01+K1.G1-N5:X0.+24V,,,,,,,,
952,=Q01+I1-W159,UNITRONIC® LiYCY (TP) 4x0.5 mm,,BN,0.5,5 m,=A02+K1.B1-X21-X21.6M:11,=Q01+S1-E2:X1.2,,,,,,,,
953,=Q01+K1-W159,UNITRONIC® LiYCY (TP) 4x0.5 mm,,BN,0.5,5 m,=Q01+K1.G1-N5:X3A.2,=A02+K1.B1-X21-X21.6F:11,,,,,,,,
954,=Q01+K1-W158,ÖLFLEX® CLASSIC 110 3x2.5 mm²,,2,"2,5",3.5 m,=Q01+K1.B1-X9:36:5,=Q01+K1.G1-N5:X0.GND,,,,,,,,
955,=Q01+I1-W159,UNITRONIC® LiYCY (TP) 4x0.5 mm,,YE,0.5,5 m,=A02+K1.B1-X21-X21.6M:12,=Q01+S1-E2:X1.3,,,,,,,,
956,=Q01+K1-W159,UNITRONIC® LiYCY (TP) 4x0.5 mm,,YE,0.5,5 m,=Q01+K1.G1-N5:X3B.2,=A02+K1.B1-X21-X21.6F:12,,,,,,,,
957,=Q01+K1-W158,ÖLFLEX® CLASSIC 110 3x2.5 mm²,,GNYE,"2,5",3.5 m,=Q01+K1.B1-X9:PE:1,=Q01+K1.G1-N5:X0.PE,,,,,,,,
958,=Q01+I1-W159,UNITRONIC® LiYCY (TP) 4x0.5 mm,,GN,0.5,5 m,=A02+K1.B1-X21-X21.6M:13,=Q01+S1-E2:X1.4,,,,,,,,
959,=Q01+K1-W159,UNITRONIC® LiYCY (TP) 4x0.5 mm,,GN,0.5,5 m,=Q01+K1.G1-N5:X3B.1,=A02+K1.B1-X21-X21.6F:13,,,,,,,,
960,=Q01+K1-W461,UNITRONIC® LiYCY (TP) 4x0.5 mm,,WH,0.5,3 m,=Q01+K1.B1-A8:1,=Q01+K1.G1-N5:X1.9,,,,,,,,
961,=Q01+K1-W461,UNITRONIC® LiYCY (TP) 4x0.5 mm,,,,,=Q01+K1-W461,=Q01+K1.G1-N5:X1.CASE,,,,,,,,
962,=Q01+K1-W362,UNITRONIC® LiYCY (TP) 4x0.5 mm,,WH,0.5,3.5 m,=Q01+K1.B1-X9:37:4,=Q01+K1.G1-N5:X2.E+,,,,,,,,
963,=+,,H05V-K,BU,"0,5",,=Q01+K1.B1-A7:12,=Q01+K1.B1-X9:37:3,,,,,,,,
964,=+,,H05V-K,BU,"0,5",,=Q01+K1.B1-W5(-P2):P2:2,=Q01+K1.B1-X9:38:2,,,,,,,,
965,=+,,H05V-K,BU,"0,5",,=Q01+K1.B1-A7:5,=Q01+K1.B1-X9:39:3,,,,,,,,
966,=+,,H05V-K,BU,"0,5",,=Q01+K1.B1-W5(-P1):P1:1,=Q01+K1.B1-X9:40:2,,,,,,,,
967,=Q01+K1-W362,UNITRONIC® LiYCY (TP) 4x0.5 mm,,,,,=Q01+K1-W362,=A02+K1.B1-W9:SE,,,,,,,,
968,=Q01+K1-W362,UNITRONIC® LiYCY (TP) 4x0.5 mm,,,,,,,,,,,,,,
969,=Q01+K1-W461,UNITRONIC® LiYCY (TP) 4x0.5 mm,,BN,0.5,3 m,=Q01+K1.B1-A8:3,=Q01+K1.G1-N5:X1.10,,,,,,,,
970,=Q01+K1-W461,UNITRONIC® LiYCY (TP) 4x0.5 mm,,GN,0.5,3 m,=Q01+K1.B1-A8:5,=Q01+K1.G1-N5:X1.11,,,,,,,,
971,=Q01+K1-W461,UNITRONIC® LiYCY (TP) 4x0.5 mm,,YE,0.5,3 m,=Q01+K1.B1-A8:7,=Q01+K1.G1-N5:X1.12,,,,,,,,
972,=Q01+K1-W461,UNITRONIC® LiYCY (TP) 4x0.5 mm,,,,,=Q01+K1-W461,=A02+K1.B1-W11:SE,,,,,,,,
973,=Q01+K1-W362,UNITRONIC® LiYCY (TP) 4x0.5 mm,,BN,0.5,3.5 m,=Q01+K1.B1-X9:38:5,=Q01+K1.G1-N5:X2.E-,,,,,,,,
974,=Q01+K1-W362,UNITRONIC® LiYCY (TP) 4x0.5 mm,,GN,0.5,3.5 m,=Q01+K1.B1-X9:39:4,=Q01+K1.G1-N5:X2.NO,,,,,,,,
975,=Q01+K1-W362,UNITRONIC® LiYCY (TP) 4x0.5 mm,,YE,0.5,3.5 m,=Q01+K1.B1-X9:40:5,=Q01+K1.G1-N5:X2.COM,,,,,,,,
976,=Q01+K1-W463,"UNITRONIC® LiYCY 2x0,5 mm²",,WH,"0,5",2 m,=Q01+K1.B1-A9:14,=Q01+K1.B1-K7:12,,,,,,,,
977,=Q01+I1-W464,UNITRONIC® LiYCY 5x0.5 mm²,,WH,"0,5",8 m,=A02+K1.B1-X22-X22.2M:1,=Q01+S1-X3:1,,,,,,,,
978,=+,,H05V-K,BU,"0,5",,=Q01+K1.B1-K7:11,=A02+K1.B1-X22-X22.2F:1,,,,,,,,
979,=Q01+I1-W464,UNITRONIC® LiYCY 5x0.5 mm²,,BN,"0,5",8 m,=A02+K1.B1-X22-X22.2M:2,=Q01+S1-X3:2,,,,,,,,
980,=+,,H05V-K,BU,"0,5",,=Q01+K1.B1-K7:A2,=Q01+K1.B1-W5(-P2):P2:1,,,,,,,,
981,=+,,H05V-K,BU,"0,5",,=Q01+K1.B1-A9:4,=Q01+K1.B1-K7:A1,,,,,,,,
982,=+,,H05V-K,BU,"0,5",,=Q01+K1.B1-K6:A2,=Q01+K1.B1-W5(-P2):P2:1,,,,,,,,
983,=Q01+I1-W464,UNITRONIC® LiYCY 5x0.5 mm²,,YE,"0,5",8 m,=A02+K1.B1-X22-X22.2M:3,=Q01+S1-X3:6(5),,,,,,,,
984,=Q01+I1-W464,UNITRONIC® LiYCY 5x0.5 mm²,,GY,"0,5",8 m,=A02+K1.B1-X22-X22.2M:4,=Q01+S1-X3:A(3),,,,,,,,
985,=+,,H05V-K,BU,"0,5",,=Q01+K1.B1-W5(-P2):P2,=A02+K1.B1-X22-X22.2F:4,,,,,,,,
986,=Q01+I1-W464,UNITRONIC® LiYCY 5x0.5 mm²,,GN,"0,5",8 m,=A02+K1.B1-X22-X22.2M:5,=Q01+S1-X3:5(4),,,,,,,,
987,=+,,H05V-K,BU,"0,5",,=Q01+K1.B1-K6:11,=A02+K1.B1-X22-X22.2F:5,,,,,,,,
988,=+,,H05V-K,BU,"0,5",,=Q01+K1.B1-W5(-P1):P1,=A02+K1.B1-K20:63,,,,,,,,
989,=Q01+I1-W426,UNITRONIC® LiYCY 5x0.5 mm²,,,,,=Q01+I1-W426,=A02+K1.B1-W10:SE,,,,,,,,
990,=+,,H05V-K,BU,"0,5",,=Q01+K1.B1-W5(-P1):P1:1,=Q01+K1.B1-X9:42:2,,,,,,,,
991,=Q01+I1-W464,UNITRONIC® LiYCY 5x0.5 mm²,,,,,,,,,,,,,,
992,=Q01+K1-W463,"UNITRONIC® LiYCY 2x0,5 mm²",,,,,,,,,,,,,,
993,=Q01+K1-W463,"UNITRONIC® LiYCY 2x0,5 mm²",,,,,,,,,,,,,,
994,=Q01+S1-W465,,,BN,,,=Q01+S1-M2:BN,=Q01+S1-X3:1,,,,,,,,
995,=Q01+S1-W465,,,GY,,,=Q01+S1-M2:GY,=Q01+S1-X3:2,,,,,,,,
996,=+,,H05V-K,BU,"0,25",,=Q01+S1-X3:2,=Q01+S1-X3:A(3),,,,,,,,
997,=Q01+S1-W465,,,BU,,,=Q01+S1-M2:BU,=Q01+S1-X3:A(3),,,,,,,,
998,=+,,H05V-K,BU,"0,5",,=Q01+K1.B1-K7:14,=A02+K1.B1-X22-X22.2F:2,,,,,,,,
999,=Q01+K1-W463,"UNITRONIC® LiYCY 2x0,5 mm²",,BN,"0,5",2 m,=Q01+K1.B1-K7:14,=Q01+K1.B1-A9:15,,,,,,,,
1000,=+,,H05V-K,BU,"0,5",,=Q01+K1.B1-A9:5,=Q01+K1.B1-K6:A1,,,,,,,,
1001,=+,,H05V-K,BU,"0,5",,=Q01+K1.B1-K6:A1,=Q01+K1.B1-R11:2,,,,,,,,
1002,=+,,H05V-K,BU,"0,5",,=Q01+K1.B1-R11:1,=A02+K1.B1-X22-X22.2F:3,,,,,,,,
1003,=+,,H05V-K,BU,"0,5",,=Q01+K1.B1-A9:9,=A02+K1.B1-X22-X22.2F:3,,,,,,,,
1004,=Q01+S1-W465,,,WH,,,=Q01+S1-M2:WH,=Q01+S1-X3:6(5),,,,,,,,
1005,=Q01+S1-W465,,,PK,,,=Q01+S1-M2:PK,=Q01+S1-X3:5(4),,,,,,,,
1006,=+,,H05V-K,BU,"0,5",,=A02+K1.B1-K20:64,=Q01+K1.B1-K6:14,,,,,,,,
1007,=+,,H05V-K,BU,"0,5",,=Q01+K1.B1-K6:14,=Q01+K1.B1-X9:41:3,,,,,,,,
1008,=+,,H05V-K,BU,"0,5",,=Q01+K1.B1-A9:10,=Q01+K1.B1-X9:41:3,,,,,,,,
1009,=Q01+I1-W368,,,WH,0.34,,=A02+K1.B1-X22-X22.2M:6,=Q01+S1-B2:1,,,,,,,,
1010,=+,,H05V-K,BU,"0,5",,=Q01+K1.B1-W5(-P2):P2,=A02+K1.B1-X22-X22.2F:6,,,,,,,,
1011,=Q01+I1-W368,,,BN,0.34,,=A02+K1.B1-X22-X22.2M:7,=Q01+S1-B2:2,,,,,,,,
1012,=+,,H05V-K,BU,"0,5",,=Q01+K1.B1-W5(-P1):P1,=A02+K1.B1-X22-X22.2F:7,,,,,,,,
1013,=Q01+I1-W368,,,BK,0.34,,=A02+K1.B1-X22-X22.2M:8,=Q01+S1-B2:3,,,,,,,,
1014,=Q01+K1-W367,UNITRONIC® LiYCY 3x0.5 mm²,,WH,"0,5",3.5 m,=Q01+K1.B1-A9:2,=A02+K1.B1-X22-X22.2F:8,,,,,,,,
1015,=Q01+I1-W368,,,BU,0.34,,=A02+K1.B1-X22-X22.2M:9,=Q01+S1-B2:4,,,,,,,,
1016,=Q01+K1-W367,UNITRONIC® LiYCY 3x0.5 mm²,,GN,"0,5",3.5 m,=Q01+K1.B1-A9:1,=A02+K1.B1-X22-X22.2F:9,,,,,,,,
1017,=Q01+I1-W368,,,GY,0.34,,=A02+K1.B1-X22-X22.2M:10,=Q01+S1-B2:5,,,,,,,,
1018,=Q01+K1-W367,UNITRONIC® LiYCY 3x0.5 mm²,,BN,"0,5",3.5 m,=Q01+K1.B1-A9:3,=A02+K1.B1-X22-X22.2F:10,,,,,,,,
1019,=Q01+I1-W368,,,,,,=Q01+I1-W368,=Q01+S1-B2:CASE,,,,,,,,
1020,=Q01+I1-W330,Leitung Drehgeber 5x0.34,,Schirm,"0,34",,=Q01+I1-W330,=A02+K1.B1-W10:SE,,,,,,,,
1021,=Q01+K1-W329,"UNITRONIC® LiYCY 3x0,5 mm²",,Schirm,"0,50",,=Q01+K1-W367,=A02+K1.B1-W11:SE,,,,,,,,
1022,=A02+I1-W303,"UNITRONIC® LiYY 25x0,25",,GN,"0,25",,=A02+K1.B1-X20-X20.1M:3,=A02+S1-A21-X1:3,,,,,,,,
1023,=+,,H05V-K,BU,"0,5",,=Q01+K1.B1-A7:13,=A02+K1.B1-X20-X20.1F:3,,,,,,,,
1024,=A02+I1-W303,"UNITRONIC® LiYY 25x0,25",,YE,"0,25",,=A02+K1.B1-X20-X20.1M:4,=A02+S1-A21-X1:4,,,,,,,,
1025,=+,,H05V-K,BU,"0,5",,=Q01+K1.B1-A7:14,=A02+K1.B1-X20-X20.1F:4,,,,,,,,
1026,=+,,H05V-K,BU,"0,5",,=A02+K1.B1-X22-X22.1F:9,=Q01+K1.B1-W5(-P1):X3:3,,,,,,,,
1027,=Q01+I1-W369,Sensorkabel 4x0.25 mm²,,BN,0.25,,=Q01+S1-B11:X1.1,=A02+K1.B1-X22-X22.1M:9,,,,,,,,
1028,=+,,H05V-K,BU,"0,5",,=A02+K1.B1-X22-X22.1F:10,=Q01+K1.B1-A7:6,,,,,,,,
1029,=Q01+I1-W369,Sensorkabel 4x0.25 mm²,,BK,0.25,,=Q01+S1-B11:X1.4,=A02+K1.B1-X22-X22.1M:10,,,,,,,,
1030,=+,,H05V-K,BU,"0,5",,=A02+K1.B1-X22-X22.1F:11,=Q01+K1.B1-W5(-P2):X3:1,,,,,,,,
1031,=Q01+I1-W369,Sensorkabel 4x0.25 mm²,,BU,0.25,,=Q01+S1-B11:X1.3,=A02+K1.B1-X22-X22.1M:11,,,,,,,,
1032,=+,,H07V-K,BU,"1,5",,=Q01+K1.B1-V1:2.1,=Q01+K1.B1-W5(-P1):X1:9,,,,,,,,
1033,=+,,H07V-K,BU,4,,=A02+K1.B1-W6(-P2):X1:5,=Q01+K1.B1-W5(-P2):X1:9,,,,,,,,
1034,=Q15+K1-W101,"ÖLFLEX® CLASSIC 110 3x2,5 mm²",,1,"2,5",4 m,=Q15+K1.B1-X20:1:4,=Q15+K1.G1-G1:X2.L,,,,,,,,
1035,=+,,H07V-K,BK,"2,5",,=Q15+K1.H2-F11:2,=Q15+K1.B1-X20:1:3,,,,,,,,
1036,=+,,H05V-K,direkt verbunden,"0,5",,=A02+K1.H2-W2.1:2L1,=Q15+K1.H2-F11:1,,,,,,,,
1037,=Q15+K1-W101,"ÖLFLEX® CLASSIC 110 3x2,5 mm²",,2,"2,5",4 m,=Q15+K1.B1-X20:2:5,=Q15+K1.G1-G1:X2.N,,,,,,,,
1038,=+,,H07V-K,BU,"2,5",,=A02+K1.H2-X5:N:2,=Q15+K1.B1-X20:2:2,,,,,,,,
1039,=Q15+K1-W101,"ÖLFLEX® CLASSIC 110 3x2,5 mm²",,GNYE,"2,5",4 m,=Q15+K1.B1-X20:PE:1,=Q15+K1.G1-G1:X2.PE,,,,,,,,
1040,=Q15+K1-W111,"H07V-K 1x1,5 mm²",,GNYE,"1,5",4 m,=A02+K1.H2-X6:PE:2,=Q15+K1.G1-G1:PE,,,,,,,,
1041,=+,,H05V-K,BU,"0,5",,=Q15+K1.H2-F11:11,=Q15+K1.B1-A2:1,,,,,,,,
1042,=+,,H05V-K,BU,"0,5",,=Q15+K1.B1-A2:1,=Q15+K1.B1-A2:2,,,,,,,,
1043,=Q15+K1-W410,"CABLE-D25SUB/B/S/300/KONFEK/S 25x0,25 mm²",,BU,"0,25",3 m,=Q15+K1.B1-A21:X1:4,=Q15+K1.G1-G1:4,,,,,,,,
1044,=+,,H05V-K,BU,"0,5",,=Q15+K1.B1-R1:1,=Q15+K1.B1-A21:X2:4,,,,,,,,
1045,=+,,H05V-K,BU,"0,5",,=Q15+K1.B1-K1:11,=Q15+K1.B1-R1:2,,,,,,,,
1046,=+,,H05V-K,BU,"0,5",,=Q15+K1.B1-W5(-P1):P1:1,=Q15+K1.B1-K1:14,,,,,,,,
1047,=+,,H05V-K,BU,"0,75",,=Q15+K1.B1-K1:A1,=Q15+K1.B1-A1:1,,,,,,,,
1048,=Q15+K1-W410,"CABLE-D25SUB/B/S/300/KONFEK/S 25x0,25 mm²",,RD,"0,25",3 m,=Q15+K1.B1-A21:X1:17,=Q15+K1.G1-G1:17,,,,,,,,
1049,=Q15+K1-W410,"CABLE-D25SUB/B/S/300/KONFEK/S 25x0,25 mm²",,WH,"0,25",3 m,=Q15+K1.B1-A21:X1:5,=Q15+K1.G1-G1:5,,,,,,,,
1050,=Q15+K1-W410,"CABLE-D25SUB/B/S/300/KONFEK/S 25x0,25 mm²",,BN,"0,25",3 m,=Q15+K1.B1-A21:X1:18,=Q15+K1.G1-G1:18,,,,,,,,
1051,=Q15+K1-W410,"CABLE-D25SUB/B/S/300/KONFEK/S 25x0,25 mm²",,GN,"0,5",3 m,=Q15+K1.B1-A21:X1:2,=Q15+K1.G1-G1:2,,,,,,,,
1052,=Q15+K1-W410,"CABLE-D25SUB/B/S/300/KONFEK/S 25x0,25 mm²",,YE,"0,5",3 m,=Q15+K1.B1-A21:X1:15,=Q15+K1.G1-G1:15,,,,,,,,
1053,=Q15+K1-W410,"CABLE-D25SUB/B/S/300/KONFEK/S 25x0,25 mm²",,GY,"0,5",3 m,=Q15+K1.B1-A21:X1:3,=Q15+K1.G1-G1:3,,,,,,,,
1054,=Q15+K1-W411,"UNITRONIC® LiYCY (TP) 8x0,5 mm²",,,,,=Q15+K1-W411,=A02+K1.B1-W11:SE,,,,,,,,
1055,=Q15+K1-W410,"CABLE-D25SUB/B/S/300/KONFEK/S 25x0,25 mm²",,BK,"0,25",3 m,=Q15+K1.B1-A21:X1:10,=Q15+K1.G1-G1:10,,,,,,,,
1056,=+,,H05V-K,BU,"0,5",,=Q15+K1.B1-A21:X2:10,=Q15+K1.B1-A21:X2:23,,,,,,,,
1057,=Q15+K1-W410,"CABLE-D25SUB/B/S/300/KONFEK/S 25x0,25 mm²",,VT,"0,25",3 m,=Q15+K1.B1-A21:X1:23,=Q15+K1.G1-G1:23,,,,,,,,
1058,=Q15+K1-W410,"CABLE-D25SUB/B/S/300/KONFEK/S 25x0,25 mm²",,BK,,,=Q15+K1-W410:BK,=Q15+K1.G1-G1:CASE,,,,,,,,
1059,=Q15+K1-W410,"CABLE-D25SUB/B/S/300/KONFEK/S 25x0,25 mm²",,Schirm,,,=Q15+K1-W410:Schirm,=A02+K1.B1-W9:SE,,,,,,,,
1060,=Q15+K1-W411,"UNITRONIC® LiYCY (TP) 8x0,5 mm²",,,,,,,,,,,,,,
1061,=+,,H05V-K,BU,"0,75",,=Q15+K1.B1-A21:X2:17,=Q15+K1.B1-K1:A2,,,,,,,,
1062,=+,,H05V-K,BU,"0,5",,=Q15+K1.B1-W5(-P2):P2:2,=Q15+K1.B1-A21:X2:17,,,,,,,,
1063,=Q15+K1-W411,"UNITRONIC® LiYCY (TP) 8x0,5 mm²",,WH,"0,5",,=Q15+K1.B1-A3:1,=Q15+K1.B1-A21:X2:5,,,,,,,,
1064,=Q15+K1-W411,"UNITRONIC® LiYCY (TP) 8x0,5 mm²",,BN,"0,5",,=Q15+K1.B1-A3:2,=Q15+K1.B1-A21:X2:18,,,,,,,,
1065,=Q15+K1-W411,"UNITRONIC® LiYCY (TP) 8x0,5 mm²",,GN,"0,5",,=Q15+K1.B1-A4:1,=Q15+K1.B1-A21:X2:2,,,,,,,,
1066,=Q15+K1-W411,"UNITRONIC® LiYCY (TP) 8x0,5 mm²",,YE,"0,5",,=Q15+K1.B1-A4:2,=Q15+K1.B1-A21:X2:15,,,,,,,,
1067,=Q15+K1-W411,"UNITRONIC® LiYCY (TP) 8x0,5 mm²",,GY,"0,5",,=Q15+K1.B1-A4:5,=Q15+K1.B1-A21:X2:3,,,,,,,,
1068,=Q15+K1-W411,"UNITRONIC® LiYCY (TP) 8x0,5 mm²",,PK,"0,25",3 m,=Q15+K1.B1-A21:X1:16,=Q15+K1.G1-G1:16,,,,,,,,
1069,=Q15+K1-W411,"UNITRONIC® LiYCY (TP) 8x0,5 mm²",,BU,"0,75",,=Q15+K1.B1-A21:X2:16,=Q15+K1.B1-A4:6,,,,,,,,
1070,=Q15+K1-W102,"ÖLFLEX® CLASSIC 110 3x2,5 mm²",,1,"2,5",4 m,=Q15+K1.B1-X20:3:4,=Q15+K1.G1-G2:X2.L,,,,,,,,
1071,=+,,H07V-K,BK,"2,5",,=Q15+K1.H2-F12:2,=Q15+K1.B1-X20:3:3,,,,,,,,
1072,=+,,H05V-K,direkt verbunden,"0,5",,=A02+K1.H2-W2.1:2L2,=Q15+K1.H2-F12:1,,,,,,,,
1073,=Q15+K1-W102,"ÖLFLEX® CLASSIC 110 3x2,5 mm²",,2,"2,5",4 m,=Q15+K1.B1-X20:4:5,=Q15+K1.G1-G2:X2.N,,,,,,,,
1074,=+,,H07V-K,BU,"2,5",,=A02+K1.H2-X5:N:2,=Q15+K1.B1-X20:4:2,,,,,,,,
1075,=Q15+K1-W102,"ÖLFLEX® CLASSIC 110 3x2,5 mm²",,GNYE,"2,5",4 m,=Q15+K1.B1-X20:PE:1,=Q15+K1.G1-G2:X2.PE,,,,,,,,
1076,=Q15+K1-W112,"H07V-K 1x1,5 mm²",,GNYE,"1,5",4 m,=A02+K1.H2-X6:PE:2,=Q15+K1.G1-G2:PE,,,,,,,,
1077,=+,,H05V-K,BU,"0,5",,=Q15+K1.H2-F12:14,=Q15+K1.B1-A2:3,,,,,,,,
1078,=+,,H05V-K,BU,"0,5",,=Q15+K1.B1-A2:3,=Q15+K1.B1-A2:4,,,,,,,,
1079,=+,,H05V-K,BU,"0,5",,=Q15+K1.B1-A2:4,=Q15+K1.B1-A2:12,,,,,,,,
1080,=+,,H05V-K,BU,"0,75",,=Q15+K1.B1-W5(-P2):P2:1,=Q15+K1.B1-K22:A2,,,,,,,,
1081,=+,,H05V-K,BU,"0,75",,=Q15+K1.B1-K22:A1,=Q15+K1.B1-A1:2,,,,,,,,
1082,=+,,H05V-K,BU,"0,5",,=Q15+K1.B1-W5(-P1):P1:1,=Q15+K1.B1-K22:12,,,,,,,,
1083,=Q15+K1-W420,"CABLE-D25SUB/B/S/300/KONFEK/S 25x0,25",,BK,"0,25",3 m,=Q15+K1.B1-A22:X1:8,=Q15+K1.G1-G2:REMOTE I/O:8,,,,,,,,
1084,=+,,H05V-K,BU,"0,5",,=Q15+K1.B1-K22:11,=Q15+K1.B1-A22:X2:8,,,,,,,,
1085,=+,,H05V-K,BU,"0,75",,=Q15+K1.B1-W5(-P2):P2:1,=Q15+K1.B1-K2:A2,,,,,,,,
1086,=+,,H05V-K,BU,"0,75",,=Q15+K1.B1-K2:A1,=Q15+K1.B1-A1:3,,,,,,,,
1087,=Q15+K1-W420,"CABLE-D25SUB/B/S/300/KONFEK/S 25x0,25",,VT,"0,25",3 m,=Q15+K1.B1-A22:X1:14,=Q15+K1.G1-G2:REMOTE I/O:14,,,,,,,,
1088,=+,,H05V-K,BU,"0,75",,=Q15+K1.B1-A22:X2:14,=Q15+K1.B1-K2:11,,,,,,,,
1089,=+,,H05V-K,BU,"0,5",,=Q15+K1.B1-K2:14,=Q15+K1.B1-A22:X2:13,,,,,,,,
1090,=Q15+K1-W420,"CABLE-D25SUB/B/S/300/KONFEK/S 25x0,25",,GYPK,"0,25",3 m,=Q15+K1.B1-A22:X1:13,=Q15+K1.G1-G2:REMOTE I/O:13,,,,,,,,
1091,=Q15+K1-W421,"UNITRONIC® LiYCY (TP) 8x0,5 mm²",,,,,=A02+K1.B1-W11:SE,=Q15+K1-W421,,,,,,,,
1092,=Q15+K1-W420,"CABLE-D25SUB/B/S/300/KONFEK/S 25x0,25",,WH,"0,25",3 m,=Q15+K1.B1-A22:X1:6,=Q15+K1.G1-G2:REMOTE I/O:6,,,,,,,,
1093,=Q15+K1-W420,"CABLE-D25SUB/B/S/300/KONFEK/S 25x0,25",,BN,"0,25",3 m,=Q15+K1.B1-A22:X1:7,=Q15+K1.G1-G2:REMOTE I/O:7,,,,,,,,
1094,=Q15+K1-W420,"CABLE-D25SUB/B/S/300/KONFEK/S 25x0,25",,GN,"0,25",3 m,=Q15+K1.B1-A22:X1:18,=Q15+K1.G1-G2:REMOTE I/O:18,,,,,,,,
1095,=Q15+K1-W420,"CABLE-D25SUB/B/S/300/KONFEK/S 25x0,25",,YE,"0,25",3 m,=Q15+K1.B1-A22:X1:19,=Q15+K1.G1-G2:REMOTE I/O:19,,,,,,,,
1096,=Q15+K1-W420,"CABLE-D25SUB/B/S/300/KONFEK/S 25x0,25",,GY,"0,25",3 m,=Q15+K1.B1-A22:X1:5,=Q15+K1.G1-G2:REMOTE I/O:5,,,,,,,,
1097,=Q15+K1-W420,"CABLE-D25SUB/B/S/300/KONFEK/S 25x0,25",,PK,"0,25",3 m,=Q15+K1.B1-A22:X1:4,=Q15+K1.G1-G2:REMOTE I/O:4,,,,,,,,
1098,=Q15+K1-W420,"CABLE-D25SUB/B/S/300/KONFEK/S 25x0,25",,BU,"0,25",3 m,=Q15+K1.B1-A22:X1:17,=Q15+K1.G1-G2:REMOTE I/O:17,,,,,,,,
1099,=Q15+K1-W420,"CABLE-D25SUB/B/S/300/KONFEK/S 25x0,25",,RD,"0,25",3 m,=Q15+K1.B1-A22:X1:16,=Q15+K1.G1-G2:REMOTE I/O:16,,,,,,,,
1100,=+,,H05V-K,BU,"0,5",,=Q15+K1.B1-A22:X1:11,=Q15+K1.G1-G2:REMOTE I/O:11,,,,,,,,
1101,=Q15+K1-W420,"CABLE-D25SUB/B/S/300/KONFEK/S 25x0,25",,Schirm,"0,00",,=Q15+K1-W420:Schirm,=Q15+K1.G1-G2:CASE,,,,,,,,
1102,=Q15+K1-W420,"CABLE-D25SUB/B/S/300/KONFEK/S 25x0,25",,,,,=Q15+K1-W420,=A02+K1.B1-W9:SE,,,,,,,,
1103,=Q15+K1-W421,"UNITRONIC® LiYCY (TP) 8x0,5 mm²",,,,,,,,,,,,,,
1104,=Q15+K1-W421,"UNITRONIC® LiYCY (TP) 8x0,5 mm²",,WH,"0,5",,=Q15+K1.B1-A3:3,=Q15+K1.B1-A22:X2:6,,,,,,,,
1105,=Q15+K1-W421,"UNITRONIC® LiYCY (TP) 8x0,5 mm²",,BN,"0,5",,=Q15+K1.B1-A3:4,=Q15+K1.B1-A22:X2:7,,,,,,,,
1106,=Q15+K1-W421,"UNITRONIC® LiYCY (TP) 8x0,5 mm²",,GN,"0,5",,=Q15+K1.B1-A4:3,=Q15+K1.B1-A22:X2:18,,,,,,,,
1107,=Q15+K1-W421,"UNITRONIC® LiYCY (TP) 8x0,5 mm²",,YE,"0,5",,=Q15+K1.B1-A4:4,=Q15+K1.B1-A22:X2:19,,,,,,,,
1108,=Q15+K1-W421,"UNITRONIC® LiYCY (TP) 8x0,5 mm²",,GY,"0,5",,=Q15+K1.B1-A3:7,=Q15+K1.B1-A22:X2:5,,,,,,,,
1109,=Q15+K1-W421,"UNITRONIC® LiYCY (TP) 8x0,5 mm²",,BU,"0,75",,=Q15+K1.B1-A22:X2:4,=Q15+K1.B1-A3:8,,,,,,,,
1110,=Q15+K1-W421,"UNITRONIC® LiYCY (TP) 8x0,5 mm²",,BU,"0,75",,=Q15+K1.B1-A22:X2:17,=Q15+K1.B1-A4:7,,,,,,,,
1111,=Q15+K1-W421,"UNITRONIC® LiYCY (TP) 8x0,5 mm²",,BU,"0,75",,=Q15+K1.B1-A22:X2:16,=Q15+K1.B1-A4:8,,,,,,,,
1112,=Q15+K1-W103,"ÖLFLEX® CLASSIC 110 3x2,5 mm²",,1,"1,5",4 m,=Q15+K1.B1-X20:5:4,=Q15+K1.G1-G3:X2.L,,,,,,,,
1113,=+,,H07V-K,BK,"2,5",,=Q15+K1.H2-F13:2,=Q15+K1.B1-X20:5:3,,,,,,,,
1114,=+,,H05V-K,direkt verbunden,"0,5",,=A02+K1.H2-W2.1:2L3,=Q15+K1.H2-F13:1,,,,,,,,
1115,=Q15+K1-W103,"ÖLFLEX® CLASSIC 110 3x2,5 mm²",,2,"1,5",4 m,=Q15+K1.B1-X20:6:5,=Q15+K1.G1-G3:X2.N,,,,,,,,
1116,=+,,H07V-K,BU,"2,5",,=A02+K1.H2-X5:N:2,=Q15+K1.B1-X20:6:2,,,,,,,,
1117,=Q15+K1-W103,"ÖLFLEX® CLASSIC 110 3x2,5 mm²",,GNYE,"1,5",4 m,=Q15+K1.B1-X20:PE:1,=Q15+K1.G1-G3:X2.PE,,,,,,,,
1118,=Q15+K1-W113,"H07V-K 1x1,5 mm²",,GNYE,"1,5",4 m,=A02+K1.H2-X6:PE:2,=Q15+K1.G1-G3:PE,,,,,,,,
1119,=+,,H05V-K,BU,"0,5",,=Q15+K1.H2-F13:14,=Q15+K1.B1-A2:5,,,,,,,,
1120,=+,,H05V-K,BU,"0,5",,=Q15+K1.B1-A2:5,=Q15+K1.B1-A2:6,,,,,,,,
1121,=+,,H05V-K,BU,"0,5",,=Q15+K1.B1-A2:6,=Q15+K1.B1-A2:13,,,,,,,,
1122,=+,,H05V-K,BU,"0,75",,=Q15+K1.B1-W5(-P2):P2:1,=Q15+K1.B1-K23:A2,,,,,,,,
1123,=+,,H05V-K,BU,"0,75",,=Q15+K1.B1-K23:A1,=Q15+K1.B1-A1:4,,,,,,,,
1124,=+,,H05V-K,BU,"0,5",,=Q15+K1.B1-W5(-P1):P1:1,=Q15+K1.B1-K23:12,,,,,,,,
1125,=Q15+K1-W430,"CABLE-D25SUB/B/S/300/KONFEK/S 25x0,25",,BK,"0,25",3 m,=Q15+K1.B1-A23:X1:8,=Q15+K1.G1-G3:8,,,,,,,,
1126,=+,,H05V-K,BU,"0,75",,=Q15+K1.B1-A23:X2:8,=Q15+K1.B1-K23:11,,,,,,,,
1127,=Q15+K1-W430,"CABLE-D25SUB/B/S/300/KONFEK/S 25x0,25",,VT,"0,25",3 m,=Q15+K1.B1-A23:X1:14,=Q15+K1.G1-G3:14,,,,,,,,
1128,=+,,H05V-K,BU,"0,5",,=Q15+K1.B1-K3:11,=Q15+K1.B1-A23:X2:14,,,,,,,,
1129,=+,,H05V-K,BU,"0,5",,=Q15+K1.B1-K3:14,=Q15+K1.B1-A23:X2:13,,,,,,,,
1130,=+,,H05V-K,BU,"0,75",,=Q15+K1.B1-W5(-P2):P2:1,=Q15+K1.B1-K3:A2,,,,,,,,
1131,=+,,H05V-K,BU,"0,75",,=Q15+K1.B1-K3:A1,=Q15+K1.B1-A1:5,,,,,,,,
1132,=Q15+K1-W430,"CABLE-D25SUB/B/S/300/KONFEK/S 25x0,25",,GYPK,"0,25",3 m,=Q15+K1.B1-A23:X1:13,=Q15+K1.G1-G3:13,,,,,,,,
1133,=Q15+K1-W410,"CABLE-D25SUB/B/S/300/KONFEK/S 25x0,25 mm²",,,,,=A02+K1.B1-W11:SE,=Q15+K1-W431,,,,,,,,
1134,=Q15+K1-W430,"CABLE-D25SUB/B/S/300/KONFEK/S 25x0,25",,WH,"0,25",3 m,=Q15+K1.B1-A23:X1:6,=Q15+K1.G1-G3:6,,,,,,,,
1135,=Q15+K1-W430,"CABLE-D25SUB/B/S/300/KONFEK/S 25x0,25",,BN,"0,25",3 m,=Q15+K1.B1-A23:X1:7,=Q15+K1.G1-G3:7,,,,,,,,
1136,=Q15+K1-W430,"CABLE-D25SUB/B/S/300/KONFEK/S 25x0,25",,GN,"0,25",3 m,=Q15+K1.B1-A23:X1:18,=Q15+K1.G1-G3:18,,,,,,,,
1137,=Q15+K1-W430,"CABLE-D25SUB/B/S/300/KONFEK/S 25x0,25",,YE,"0,25",3 m,=Q15+K1.B1-A23:X1:19,=Q15+K1.G1-G3:19,,,,,,,,
1138,=Q15+K1-W430,"CABLE-D25SUB/B/S/300/KONFEK/S 25x0,25",,GY,"0,25",3 m,=Q15+K1.B1-A23:X1:5,=Q15+K1.G1-G3:5,,,,,,,,
1139,=Q15+K1-W430,"CABLE-D25SUB/B/S/300/KONFEK/S 25x0,25",,PK,"0,25",3 m,=Q15+K1.B1-A23:X1:4,=Q15+K1.G1-G3:4,,,,,,,,
1140,=Q15+K1-W430,"CABLE-D25SUB/B/S/300/KONFEK/S 25x0,25",,BU,"0,25",3 m,=Q15+K1.B1-A23:X1:17,=Q15+K1.G1-G3:17,,,,,,,,
1141,=Q15+K1-W430,"CABLE-D25SUB/B/S/300/KONFEK/S 25x0,25",,RD,"0,25",3 m,=Q15+K1.B1-A23:X1:16,=Q15+K1.G1-G3:16,,,,,,,,
1142,=Q15+K1-W430,"CABLE-D25SUB/B/S/300/KONFEK/S 25x0,25",,RDBU,"0,25",3 m,=Q15+K1.B1-A23:X1:11,=Q15+K1.G1-G3:11,,,,,,,,
1143,=Q15+K1-W430,"CABLE-D25SUB/B/S/300/KONFEK/S 25x0,25",,,,,=Q15+K1-W430,=A02+K1.B1-W9:SE,,,,,,,,
1144,=Q15+K1-W430,"CABLE-D25SUB/B/S/300/KONFEK/S 25x0,25",,Schirm,"0,00",,=Q15+K1-W430:Schirm,=Q15+K1.G1-G3:CASE,,,,,,,,
1145,=Q15+K1-W431,"UNITRONIC® LiYCY (TP) 8x0,5 mm²",,,,,,,,,,,,,,
1146,=Q15+K1-W431,"UNITRONIC® LiYCY (TP) 8x0,5 mm²",,WH,"0,5",,=Q15+K1.B1-A5:1,=Q15+K1.B1-A23:X2:6,,,,,,,,
1147,=Q15+K1-W431,"UNITRONIC® LiYCY (TP) 8x0,5 mm²",,BN,"0,5",,=Q15+K1.B1-A5:2,=Q15+K1.B1-A23:X2:7,,,,,,,,
1148,=Q15+K1-W431,"UNITRONIC® LiYCY (TP) 8x0,5 mm²",,GN,0.5,,=Q15+K1.B1-A6:1,=Q15+K1.B1-A23:X2:18,,,,,,,,
1149,=Q15+K1-W431,"UNITRONIC® LiYCY (TP) 8x0,5 mm²",,YE,0.5,,=Q15+K1.B1-A6:2,=Q15+K1.B1-A23:X2:19,,,,,,,,
1150,=Q15+K1-W431,"UNITRONIC® LiYCY (TP) 8x0,5 mm²",,GY,0.5,,=Q15+K1.B1-A5:5,=Q15+K1.B1-A23:X2:5,,,,,,,,
1151,=Q15+K1-W431,"UNITRONIC® LiYCY (TP) 8x0,5 mm²",,BU,"0,75",,=Q15+K1.B1-A23:X2:4,=Q15+K1.B1-A5:6,,,,,,,,
1152,=Q15+K1-W431,"UNITRONIC® LiYCY (TP) 8x0,5 mm²",,RD,0.5,,=Q15+K1.B1-A6:5,=Q15+K1.B1-A23:X2:17,,,,,,,,
1153,=Q15+K1-W431,"UNITRONIC® LiYCY (TP) 8x0,5 mm²",,BU,"0,75",,=Q15+K1.B1-A23:X2:16,=Q15+K1.B1-A6:6,,,,,,,,
1154,=Q15+K1-W104,"ÖLFLEX® CLASSIC 110 3x2,5 mm²",,1,"2,5",4 m,=Q15+K1.B1-X20:7:4,=Q15+K1.G1-G4:X2.L,,,,,,,,
1155,=+,,H07V-K,BK,"2,5",,=Q15+K1.H2-F14:2,=Q15+K1.B1-X20:7:3,,,,,,,,
1156,=+,,H05V-K,direkt verbunden,"0,5",,=A02+K1.H2-W2.1:2L1,=Q15+K1.H2-F14:1,,,,,,,,
1157,=Q15+K1-W104,"ÖLFLEX® CLASSIC 110 3x2,5 mm²",,2,"2,5",4 m,=Q15+K1.B1-X20:8:5,=Q15+K1.G1-G4:X2.N,,,,,,,,
1158,=+,,H07V-K,BU,"2,5",,=A02+K1.H2-X5:N:1,=Q15+K1.B1-X20:8:2,,,,,,,,
1159,=Q15+K1-W104,"ÖLFLEX® CLASSIC 110 3x2,5 mm²",,GNYE,"2,5",4 m,=Q15+K1.B1-X20:PE:1,=Q15+K1.G1-G4:X2.PE,,,,,,,,
1160,=Q15+K1-W114,"H07V-K 1x1,5 mm²",,GNYE,"1,5",4 m,=A02+K1.H2-X6:PE:2,=Q15+K1.G1-G4:PE,,,,,,,,
1161,=Q15+I1-W104.1,"ÖLFLEX® CLASSIC 110 3x0,5 mm²",,1,0.5,7 m,=A02+K1.B1-X23-X23.6M:8,=Q15+S1-A3:2,,,,,,,,
1162,=+,,H05V-K,BU,"0,5",,=Q15+K1.B1-V2:2.1,=A02+K1.B1-X23-X23.6F:8,,,,,,,,
1163,=+,,H05V-K,BU,"0,5",,=Q15+K1.B1-W5(-P1):P1:1,=Q15+K1.B1-V2:1.1,,,,,,,,
1164,=Q15+I1-W104.1,"ÖLFLEX® CLASSIC 110 3x0,5 mm²",,2,0.5,7 m,=A02+K1.B1-X23-X23.6M:9,=Q15+S1-A3:1,,,,,,,,
1165,=+,,H05V-K,BU,"0,5",,=A02+K1.B1-X23-X23.6F:9,=Q15+K1.B1-V2:3.2,,,,,,,,
1166,=+,,H05V-K,BU,"0,5",,=Q15+K1.B1-W5(-P2):P2:2,=Q15+K1.B1-V2:3.1,,,,,,,,
1167,=Q15+I1-W104.1,"ÖLFLEX® CLASSIC 110 3x0,5 mm²",,GNYE,0.5,7 m,=A02+K1.B1-X23-X23.6M:10,=Q15+S1-A3:PE,,,,,,,,
1168,=Q15+K1-W210,"ÖLFLEX® CLASSIC 110 CY 2x1,5 mm²",,,,,,,,,,,,,,
1169,=+,,H05V-K,BU,"0,75",,=Q15+K1.B1-A2:7,=Q15+K1.H2-F14:11,,,,,,,,
1170,=+,,H05V-K,BU,"0,5",,=Q15+K1.B1-A2:7,=Q15+K1.B1-A2:14,,,,,,,,
1171,=Q15+K1-W440,"CABLE-D25SUB/B/S/300/KONFEK/S 25x0,25 mm²",,BU,"0,25",3 m,=Q15+K1.B1-A24:X1:4,=Q15+K1.G1-G4:4,,,,,,,,
1172,=+,,H05V-K,BU,"0,75",,=Q15+K1.B1-A24:X2:4,=Q15+K1.B1-R4:1,,,,,,,,
1173,=+,,H05V-K,BU,"0,5",,=Q15+K1.B1-K4:11,=Q15+K1.B1-R4:2,,,,,,,,
1174,=+,,H05V-K,BU,"0,5",,=Q15+K1.B1-W5(-P1):P1:1,=Q15+K1.B1-K4:14,,,,,,,,
1175,=+,,H05V-K,BU,"0,75",,=Q15+K1.B1-K4:A1,=Q15+K1.B1-A1:6,,,,,,,,
1176,=Q15+K1-W440,"CABLE-D25SUB/B/S/300/KONFEK/S 25x0,25 mm²",,RD,"0,25",3 m,=Q15+K1.B1-A24:X1:17,=Q15+K1.G1-G4:17,,,,,,,,
1177,=Q15+K1-W440,"CABLE-D25SUB/B/S/300/KONFEK/S 25x0,25 mm²",,WH,"0,25",3 m,=Q15+K1.B1-A24:X1:5,=Q15+K1.G1-G4:5,,,,,,,,
1178,=Q15+K1-W440,"CABLE-D25SUB/B/S/300/KONFEK/S 25x0,25 mm²",,BN,"0,25",3 m,=Q15+K1.B1-A24:X1:18,=Q15+K1.G1-G4:18,,,,,,,,
1179,=Q15+K1-W440,"CABLE-D25SUB/B/S/300/KONFEK/S 25x0,25 mm²",,GN,"0,25",3 m,=Q15+K1.B1-A24:X1:2,=Q15+K1.G1-G4:2,,,,,,,,
1180,=Q15+K1-W440,"CABLE-D25SUB/B/S/300/KONFEK/S 25x0,25 mm²",,YE,"0,25",3 m,=Q15+K1.B1-A24:X1:15,=Q15+K1.G1-G4:15,,,,,,,,
1181,=Q15+K1-W440,"CABLE-D25SUB/B/S/300/KONFEK/S 25x0,25 mm²",,PK,"0,25",3 m,=Q15+K1.B1-A24:X1:16,=Q15+K1.G1-G4:16,,,,,,,,
1182,=Q15+K1-W440,"CABLE-D25SUB/B/S/300/KONFEK/S 25x0,25 mm²",,BK,"0,25",3 m,=Q15+K1.B1-A24:X1:10,=Q15+K1.G1-G4:10,,,,,,,,
1183,=+,,H05V-K,BU,"0,5",,=Q15+K1.B1-A24:X2:10,=Q15+K1.B1-A24:X2:23,,,,,,,,
1184,=Q15+K1-W440,"CABLE-D25SUB/B/S/300/KONFEK/S 25x0,25 mm²",,VT,"0,25",3 m,=Q15+K1.B1-A24:X1:23,=Q15+K1.G1-G4:23,,,,,,,,
1185,=Q15+K1-W440,"CABLE-D25SUB/B/S/300/KONFEK/S 25x0,25 mm²",,VT,"0,25",2 m,=Q15+K1.G1-G4:CASE,=A02+K1.B1-W9:SE,,,,,,,,
1186,=Q15+K1-W441,"UNITRONIC® LiYCY (TP) 8x0,5 mm²",,,,,,,,,,,,,,
1187,=+,,H05V-K,BU,"0,75",,=Q15+K1.B1-A24:X2:17,=Q15+K1.B1-K4:A2,,,,,,,,
1188,=+,,H05V-K,BU,"0,5",,=Q15+K1.B1-W5(-P2):P2:2,=Q15+K1.B1-A24:X2:17,,,,,,,,
1189,=Q15+K1-W441,"UNITRONIC® LiYCY (TP) 8x0,5 mm²",,WH,"0,5",,=Q15+K1.B1-A5:3,=Q15+K1.B1-A24:X2:5,,,,,,,,
1190,=Q15+K1-W441,"UNITRONIC® LiYCY (TP) 8x0,5 mm²",,BN,"0,5",,=Q15+K1.B1-A5:4,=Q15+K1.B1-A24:X2:18,,,,,,,,
1191,=Q15+K1-W441,"UNITRONIC® LiYCY (TP) 8x0,5 mm²",,GN,"0,5",,=Q15+K1.B1-A6:3,=Q15+K1.B1-A24:X2:2,,,,,,,,
1192,=Q15+K1-W441,"UNITRONIC® LiYCY (TP) 8x0,5 mm²",,YE,"0,5",,=Q15+K1.B1-A6:4,=Q15+K1.B1-A24:X2:15,,,,,,,,
1193,=Q15+K1-W441,"UNITRONIC® LiYCY (TP) 8x0,5 mm²",,GY,"0,25",3 m,=Q15+K1.B1-A24:X1:3,=Q15+K1.G1-G4:3,,,,,,,,
1194,=Q15+K1-W441,"UNITRONIC® LiYCY (TP) 8x0,5 mm²",,GY,"0,5",,=Q15+K1.B1-A6:7,=Q15+K1.B1-A24:X2:3,,,,,,,,
1195,=Q15+K1-W441,"UNITRONIC® LiYCY (TP) 8x0,5 mm²",,PK,"0,5",,=Q15+K1.B1-A6:8,=Q15+K1.B1-A24:X2:16,,,,,,,,
1196,=Q15+K1-W441,"UNITRONIC® LiYCY (TP) 8x0,5 mm²",,,,,=Q15+K1-W441,=A02+K1.B1-W11:SE,,,,,,,,
1197,=Q15+K1-W105,"ÖLFLEX® CLASSIC 110 3x2,5 mm²",,1,"1,5",5 m,=Q15+K1.B1-X20:9:4,=Q15+K1.G1-G5:L,,,,,,,,
1198,=+,,H07V-K,BK,"2,5",,=Q15+K1.H2-F15:2,=Q15+K1.B1-X20:9:3,,,,,,,,
1199,=+,,H05V-K,direkt verbunden,"0,5",,=A02+K1.H2-W2.1:2L2,=Q15+K1.H2-F15:1,,,,,,,,
1200,=Q15+K1-W105,"ÖLFLEX® CLASSIC 110 3x2,5 mm²",,2,"1,5",5 m,=Q15+K1.B1-X20:10:5,=Q15+K1.G1-G5:N,,,,,,,,
1201,=+,,H07V-K,BU,"2,5",,=A02+K1.H2-X5:8:2,=Q15+K1.B1-X20:10:2,,,,,,,,
1202,=Q15+K1-W105,"ÖLFLEX® CLASSIC 110 3x2,5 mm²",,GNYE,"1,5",5 m,=Q15+K1.B1-X20:PE:1,=Q15+K1.G1-G5:PE,,,,,,,,
1203,=Q15+I1-W102.1,H07V-K 1x16 mm²,,GNYE,"16,00",5 m,=Q15+K1.G1-G5:PE,=A01+S1-W0:PE,,,,,,,,
1204,=+,,H05V-K,BU,"0,5",,=Q15+K1.G1-G5:INTL.1,=Q15+K1.G1-G5:INTL.2,,,,,,,,
1205,=+,,H05V-K,BU,"0,5",,=Q15+K1.H2-F15:11,=Q15+K1.B1-A2:15,,,,,,,,
1206,=Q15+K1-W450,"CABLE-D25SUB/B/S/300/KONFEK/S 25x0,25",,WH,"0,25",3 m,=Q15+K1.B1-A25:X1:1,=Q15+K1.G1-G5:ANALOG.1,,,,,,,,
1207,=+,,H05V-K,BU,"0,5",,=Q15+K1.B1-U1:.10,=Q15+K1.B1-A25:X2:1,,,,,,,,
1208,=+,,H05V-K,BU,"0,5",,=Q15+K1.B1-A1:16,=Q15+K1.B1-U1:.1,,,,,,,,
1209,=Q15+K1-W450,"CABLE-D25SUB/B/S/300/KONFEK/S 25x0,25",,BN,"0,25",3 m,=Q15+K1.B1-A25:X1:2,=Q15+K1.G1-G5:ANALOG.2,,,,,,,,
1210,=+,,H05V-K,BU,"0,5",,=Q15+K1.B1-U1:.11,=Q15+K1.B1-A25:X2:2,,,,,,,,
1211,=+,,H05V-K,BU,"0,5",,=Q15+K1.B1-A1:15,=Q15+K1.B1-U1:.2,,,,,,,,
1212,=Q15+K1-W450,"CABLE-D25SUB/B/S/300/KONFEK/S 25x0,25",,GN,"0,25",3 m,=Q15+K1.B1-A25:X1:3,=Q15+K1.G1-G5:ANALOG.3,,,,,,,,
1213,=+,,H05V-K,BU,"0,5",,=Q15+K1.B1-U1:.12,=Q15+K1.B1-A25:X2:3,,,,,,,,
1214,=+,,H05V-K,BU,"0,5",,=Q15+K1.B1-U1:.12,=Q15+K1.B1-W5(-P2):P2:6,,,,,,,,
1215,=+,,H05V-K,BU,"0,5",,=Q15+K1.B1-W5(-P2):P2:6,=Q15+K1.B1-U1:.3,,,,,,,,
1216,=+,,H05V-K,BU,"0,5",,=Q15+K1.B1-U1:.3,=Q15+K1.B1-U1:.6,,,,,,,,
1217,=+,,H05V-K,BU,"0,5",,=Q15+K1.B1-W5(-P1):P1:5,=Q15+K1.B1-U1:.9,,,,,,,,
1218,=Q15+K1-W450,"CABLE-D25SUB/B/S/300/KONFEK/S 25x0,25",,GY,"0,25",3 m,=Q15+K1.B1-A25:X1:5,=Q15+K1.G1-G5:ANALOG.5,,,,,,,,
1219,=Q15+K1-W450,"CABLE-D25SUB/B/S/300/KONFEK/S 25x0,25",,GYBN,"0,25",10 m,=Q15+K1.G1-G5:ANALOG.18,=Q15+K1.B1-A25:X1:18,,,,,,,,
1220,=+,,H05V-K,BU,"0,5",,=Q15+K1.B1-U2:.1,=Q15+K1.B1-A25:X2:18,,,,,,,,
1221,=+,,H05V-K,BU,"0,5",,=Q15+K1.B1-A2:16,=Q15+K1.B1-U2:.10,,,,,,,,
1222,=Q15+K1-W450,"CABLE-D25SUB/B/S/300/KONFEK/S 25x0,25",,PK,"0,25",3 m,=Q15+K1.B1-A25:X1:6,=Q15+K1.G1-G5:ANALOG.6,,,,,,,,
1223,=+,,H05V-K,BU,"0,5",,=Q15+K1.B1-U2:.3,=Q15+K1.B1-A25:X2:6,,,,,,,,
1224,=+,,H05V-K,BU,"0,5",,=Q15+K1.B1-U2:.3,=Q15+K1.B1-W5(-P2):P2:7,,,,,,,,
1225,=+,,H05V-K,BU,"0,5",,=Q15+K1.B1-W5(-P2):P2:7,=Q15+K1.B1-U2:.12,,,,,,,,
1226,=+,,H05V-K,BU,"0,5",,=Q15+K1.B1-U2:.12,=Q15+K1.B1-U2:.6,,,,,,,,
1227,=+,,H05V-K,BU,"0,5",,=Q15+K1.B1-W5(-P1):P1:6,=Q15+K1.B1-U2:.9,,,,,,,,
1228,=Q15+K1-W450,"CABLE-D25SUB/B/S/300/KONFEK/S 25x0,25",,WHGN,"0,25",10 m,=Q15+K1.G1-G5:ANALOG.13,=Q15+K1.B1-A25:X1:13,,,,,,,,
1229,=Q15+K1-W450,"CABLE-D25SUB/B/S/300/KONFEK/S 25x0,25",,WHYE,"0,25",10 m,=Q15+K1.G1-G5:ANALOG.15,=Q15+K1.B1-A25:X1:15,,,,,,,,
1230,=Q15+K1-W450,"CABLE-D25SUB/B/S/300/KONFEK/S 25x0,25",,BU,"0,25",3 m,=Q15+K1.B1-A25:X1:7,=Q15+K1.G1-G5:ANA.7,,,,,,,,
1231,=Q15+K1-W450,"CABLE-D25SUB/B/S/300/KONFEK/S 25x0,25",,GYPK,"0,25",10 m,=Q15+K1.G1-G5:ANA.11,=Q15+K1.B1-A25:X1:11,,,,,,,,
1232,=Q15+K1-W450,"CABLE-D25SUB/B/S/300/KONFEK/S 25x0,25",,WHPK,"0,25",10 m,=Q15+K1.G1-G5:ANA.19,=Q15+K1.B1-A25:X1:19,,,,,,,,
1233,=Q15+K1-W450,"CABLE-D25SUB/B/S/300/KONFEK/S 25x0,25",,WHBU,"0,25",10 m,=Q15+K1.G1-G5:ANA.21,=Q15+K1.B1-A25:X1:21,,,,,,,,
1234,=Q15+K1-W450,"CABLE-D25SUB/B/S/300/KONFEK/S 25x0,25",,BNGN,"0,25",10 m,=Q15+K1.G1-G5:ANA.14,=Q15+K1.B1-A25:X1:14,,,,,,,,
1235,=Q15+K1-W450,"CABLE-D25SUB/B/S/300/KONFEK/S 25x0,25",,YEBN,"0,25",10 m,=Q15+K1.G1-G5:ANA.16,=Q15+K1.B1-A25:X1:16,,,,,,,,
1236,=Q15+K1-W450,"CABLE-D25SUB/B/S/300/KONFEK/S 25x0,25",,WHRD,"0,25",10 m,=Q15+K1.G1-G5:ANA.23,=Q15+K1.B1-A25:X1:23,,,,,,,,
1237,=Q15+K1-W450,"CABLE-D25SUB/B/S/300/KONFEK/S 25x0,25",,BNRD,"0,25",10 m,=Q15+K1.G1-G5:ANA.24,=Q15+K1.B1-A25:X1:24,,,,,,,,
1238,=Q15+K1-W450,"CABLE-D25SUB/B/S/300/KONFEK/S 25x0,25",,SHIELD,,,,,,,,,,,,
1239,=Q15+K1-W451,"UNITRONIC® LiYCY (TP) 8x0,5",,WH,"0,5",3 m,=Q15+K1.B1-A8:1,=Q15+K1.B1-A25:X2:7,,,,,,,,
1240,=Q15+K1-W451,"UNITRONIC® LiYCY (TP) 8x0,5",,BN,"0,5",3 m,=Q15+K1.B1-A8,=Q15+K1.B1-A25:X2:11,,,,,,,,
1241,=Q15+K1-W451,"UNITRONIC® LiYCY (TP) 8x0,5",,GN,"0,5",3 m,=Q15+K1.B1-A8:5,=Q15+K1.B1-A25:X2:19,,,,,,,,
1242,=Q15+K1-W451,"UNITRONIC® LiYCY (TP) 8x0,5",,YE,"0,5",3 m,=Q15+K1.B1-A8,=Q15+K1.B1-A25:X2:21,,,,,,,,
1243,=Q15+K1-W451,"UNITRONIC® LiYCY (TP) 8x0,5",,GY,"0,5",3 m,=Q15+K1.B1-A7:1,=Q15+K1.B1-A25:X2:14,,,,,,,,
1244,=Q15+K1-W451,"UNITRONIC® LiYCY (TP) 8x0,5",,PK,"0,5",3 m,=Q15+K1.B1-A7,=Q15+K1.B1-A25:X2:16,,,,,,,,
1245,=Q15+K1-W451,"UNITRONIC® LiYCY (TP) 8x0,5",,RD,"0,5",3 m,=Q15+K1.B1-A7:5,=Q15+K1.B1-A25:X2:23,,,,,,,,
1246,=Q15+K1-W451,"UNITRONIC® LiYCY (TP) 8x0,5",,BU,"0,5",3 m,=Q15+K1.B1-A7,=Q15+K1.B1-A25:X2:24,,,,,,,,
1247,=Q15+K1-W451,"UNITRONIC® LiYCY (TP) 8x0,5",,Schirm,,,,,,,,,,,,
1248,=Q15+K1-W451,"UNITRONIC® LiYCY (TP) 8x0,5",,Shield,,,,,,,,,,,,
1249,=Q15+K1-W450,"CABLE-D25SUB/B/S/300/KONFEK/S 25x0,25",,RD,"0,25",10 m,=Q15+K1.B1-A25:X1:8,=Q15+K1.G1-G5:ANA.8,,,,,,,,
1250,=Q15+K1-W452,"UNITRONIC® LiYCY (TP) 8x0,5",,WH,"0,5",3 m,=Q15+K1.B1-A8:3,=Q15+K1.B1-A25:X2:8,,,,,,,,
1251,=Q15+K1-W450,"CABLE-D25SUB/B/S/300/KONFEK/S 25x0,25",,RDBU,"0,25",10 m,=Q15+K1.G1-G5:ANA.12,=Q15+K1.B1-A25:X1:12,,,,,,,,
1252,=Q15+K1-W452,"UNITRONIC® LiYCY (TP) 8x0,5",,BN,"0,5",3 m,=Q15+K1.B1-A8,=Q15+K1.B1-A25:X2:12,,,,,,,,
1253,=Q15+K1-W450,"CABLE-D25SUB/B/S/300/KONFEK/S 25x0,25",,PKBN,"0,25",10 m,=Q15+K1.G1-G5:ANA.20,=Q15+K1.B1-A25:X1:20,,,,,,,,
1254,=Q15+K1-W450,"CABLE-D25SUB/B/S/300/KONFEK/S 25x0,25",,YE,"0,25",10 m,=Q15+K1.G1-G5:ANA.4,=Q15+K1.B1-A25:X1:4,,,,,,,,
1255,=+,,H05V-K,BU,"0,5",,=Q15+K1.B1-A8,=Q15+K1.B1-W5(-P2):P2:2,,,,,,,,
1256,=Q15+K1-W450,"CABLE-D25SUB/B/S/300/KONFEK/S 25x0,25",,BK,"0,25",10 m,=Q15+K1.G1-G5:ANA.9,=Q15+K1.B1-A25:X1:9,,,,,,,,
1257,=Q15+K1-W452,"UNITRONIC® LiYCY (TP) 8x0,5",,GY,"0,5",3 m,=Q15+K1.B1-A7:3,=Q15+K1.B1-A25:X2:9,,,,,,,,
1258,=Q15+K1-W450,"CABLE-D25SUB/B/S/300/KONFEK/S 25x0,25",,WHGY,"0,25",10 m,=Q15+K1.G1-G5:ANA.17,=Q15+K1.B1-A25:X1:17,,,,,,,,
1259,=Q15+K1-W452,"UNITRONIC® LiYCY (TP) 8x0,5",,PK,"0,5",3 m,=Q15+K1.B1-A7,=Q15+K1.B1-A25:X2:17,,,,,,,,
1260,=Q15+K1-W450,"CABLE-D25SUB/B/S/300/KONFEK/S 25x0,25",,BNBU,"0,25",10 m,=Q15+K1.G1-G5:ANA.22,=Q15+K1.B1-A25:X1:22,,,,,,,,
1261,=Q15+K1-W450,"CABLE-D25SUB/B/S/300/KONFEK/S 25x0,25",,VT,"0,25",10 m,=Q15+K1.G1-G5:ANA.10,=Q15+K1.B1-A25:X1:10,,,,,,,,
1262,=+,,H05V-K,BU,"0,5",,=Q15+K1.B1-A7,=Q15+K1.B1-W5(-P2):P2:1,,,,,,,,
1263,=Q15+K1-W450,"CABLE-D25SUB/B/S/300/KONFEK/S 25x0,25",,Schirm,,,=Q15+K1-W450:Schirm,=Q15+K1.G1-G5:ANA.CASE,,,,,,,,
1264,=Q15+K1-W452,"UNITRONIC® LiYCY (TP) 8x0,5",,Schirm,,,,,,,,,,,,
1265,=Q15+K1-W452,"UNITRONIC® LiYCY (TP) 8x0,5",,GN,"0,5",3 m,=Q15+K1.B1-A8:7,=Q15+K1.B1-A25:X2:20,,,,,,,,
1266,=Q15+K1-W452,"UNITRONIC® LiYCY (TP) 8x0,5",,YE,"0,5",3 m,=Q15+K1.B1-A8:7,=Q15+K1.B1-A25:X2:4,,,,,,,,
1267,=Q15+K1-W452,"UNITRONIC® LiYCY (TP) 8x0,5",,RD,"0,5",3 m,=Q15+K1.B1-A7:7,=Q15+K1.B1-A25:X2:22,,,,,,,,
1268,=Q15+K1-W452,"UNITRONIC® LiYCY (TP) 8x0,5",,BU,"0,5",3 m,=Q15+K1.B1-A7:7,=Q15+K1.B1-A25:X2:10,,,,,,,,
1269,=Q15+K1-W452,"UNITRONIC® LiYCY (TP) 8x0,5",,Shield,,,=Q15+K1-W452:Shield,=A02+K1.B1-W11:SE,,,,,,,,
1270,=Q15+S1-W111.1,9 PIN SDA,,,,,=Q15+S1-A3,=Q15+K1.G1-G4,,,,,,,,
1271,=+,,H05V-K,BU,"0,5",,=Q15+S1-A3,=Q15+S1-A2,,,,,,,,
1272,=Q15+I1-W111,Coaxial Cable,,coax,,,=Q15+S1-A3,=Q15+K1.G1-G4,,,,,,,,
1273,=+,,H05V-K,BU,"0,5",,=Q15+S1-A3,=+:RF S IN,,,,,,,,
1274,=Q15+I1-W112,Coaxial Cable,,BK,"2,50",,=Q15+S1-A2:A1,=Q15+K1.G1-G5,,,,,,,,
1275,=+,,H05V-K,BK,"2,50",,=+:ACCEL,=Q15+S1-A2:A2,,,,,,,,
1276,=Q15+I1-W113,Coaxial Cable,,BK,"2,50",,=Q15+S1-A2:B1,=Q15+K1.G1-G5,,,,,,,,
1277,=+,,H05V-K,BK,"2,50",,=+:BEAM,=Q15+S1-A2:B2,,,,,,,,
1278,=+,,H05V-K,BU,"0,5",,=Q15+K1.B1-A1:11,=Q15+K1.B1-X21:1:4,,,,,,,,
1279,=+,,H05V-K,BU,"0,5",,=Q15+K1.B1-W5(-P2):P2:1,=Q15+K1.B1-X21:2:5,,,,,,,,
1280,=Q15+I1-W114,Coaxial Cable,,coax,,,=+:RF IN,=Q15+K1.G1-G1,,,,,,,,
1281,=Q15+I1-W115,"ÖLFLEX® CLASSIC 110 CY 5x1,5 mm²",,,,,,,,,,,,,,
1282,=Q15+I1-W115,"ÖLFLEX® CLASSIC 110 CY 5x1,5 mm²",,,,,,,,,,,,,,
1283,=Q15+I1-W115,"ÖLFLEX® CLASSIC 110 CY 5x1,5 mm²",,1,"1,5",,=Q15+S1-A1-1,=Q15+K1.B1-X21:1:3,,,,,,,,
1284,=Q15+K1-W210,"ÖLFLEX® CLASSIC 110 CY 2x1,5 mm²",,2,"1,5",,=+,=Q15+K1.G1-G3:2,,,,,,,,
1285,=Q15+I1-W115,"ÖLFLEX® CLASSIC 110 CY 5x1,5 mm²",,2,"1,5",,=Q15+S1-A1-2,=Q15+K1.B1-X21:2:2,,,,,,,,
1286,=Q15+I1-W115,"ÖLFLEX® CLASSIC 110 CY 5x1,5 mm²",,GNYE,"1,5",,=Q15+S1-A1-3,=Q15+K1.B1-X21:PE:1,,,,,,,,
1287,=Q15+I1-W115,"ÖLFLEX® CLASSIC 110 CY 5x1,5 mm²",,3,"1,5",,=Q15+S1-A1-4,=Q15+K1.B1-X21:3:2,,,,,,,,
1288,=Q15+K1-W211,"ÖLFLEX® CLASSIC 110 CY 2x1,5 mm²",,2,"1,5",,=Q15+K1.B1-X21:4:4,=Q15+K1.G1-G2:2,,,,,,,,
1289,=Q15+I1-W115,"ÖLFLEX® CLASSIC 110 CY 5x1,5 mm²",,4,"1,5",,=Q15+S1-A1-5,=Q15+K1.B1-X21:4:3,,,,,,,,
1290,=Q15+K1-W211,"ÖLFLEX® CLASSIC 110 CY 2x1,5 mm²",,,,,,,,,,,,,,
1291,=Q15+K1-W210,"ÖLFLEX® CLASSIC 110 CY 2x1,5 mm²",,1,"1,5",,=Q15+K1.G1-G3:1,=Q15+K1.B1-X21:3:5,,,,,,,,
1292,=Q15+K1-W211,"ÖLFLEX® CLASSIC 110 CY 2x1,5 mm²",,1,"1,5",,=Q15+K1.B1-X21:3:5,=Q15+K1.G1-G2:1,,,,,,,,
1293,=Q15+S1-W115,"ÖLFLEX® CLASSIC 110 3x1,5 mm²",,,"1,5",1 m,=+:Emission,=Q15+S1-A1-X1:1:3,,,,,,,,
1294,=Q15+S1-W115,"ÖLFLEX® CLASSIC 110 3x1,5 mm²",,2,"2,5",1 m,=+:PE,=Q15+S1-A1-X1:2:3,,,,,,,,
1295,=Q15+S1-W115,"ÖLFLEX® CLASSIC 110 3x1,5 mm²",,3,"2,5",1 m,=+:Keeper,=Q15+S1-A1-X1:3:3,,,,,,,,
1296,=+,,H05V-K,BU,"0,5",,=Q15+S1-A1:A:3,=Q15+S1-A1-K1:A1,,,,,,,,
1297,=+,,H05V-K,BU,"0,5",,=Q15+S1-A1,=Q15+S1-A1-C1,,,,,,,,
1298,=+,,H05V-K,BU,"0,5",,=Q15+S1-A1-K1:A2,=Q15+S1-A1:B:3,,,,,,,,
1299,=+,,H05V-K,BU,"0,5",,=Q15+S1-A1-C1,=Q15+S1-A1:1:4,,,,,,,,
1300,=+,,H05V-K,BU,"0,5",,=Q15+S1-A1:1:4,=Q15+S1-A1-L1,,,,,,,,
1301,=+,,H05V-K,BU,"0,5",,=Q15+S1-A1-L1,=Q15+S1-A1-0:12,,,,,,,,
1302,=+,,H05V-K,BU,"0,5",,=Q15+S1-A1,=Q15+S1-A1:C:3,,,,,,,,
1303,=+,,H05V-K,BU,"0,5",,=Q15+S1-A1-C2,=Q15+S1-A1,,,,,,,,
1304,=+,,H05V-K,BU,"0,5",,=Q15+S1-A1-L1,=Q15+S1-A1-C2,,,,,,,,
1305,=+,,H05V-K,BU,"0,5",,=Q15+S1-A1-0:11,=Q15+S1-A1:D:3,,,,,,,,
1306,=+,,H05V-K,BU,"0,5",,=Q15+S1-A1-0:14,=Q15+S1-A1-L2,,,,,,,,
1307,=+,,H05V-K,BU,"0,5",,=Q15+S1-A1:2:4,=Q15+S1-A1,,,,,,,,
1308,=+,,H05V-K,BU,"0,5",,=Q15+S1-A1-L2,=Q15+S1-A1,,,,,,,,
1309,=+,,H05V-K,BU,"0,5",,=Q15+S1-A1-L3,=Q15+S1-A1:E:3,,,,,,,,
1310,=+,,H05V-K,BU,"0,5",,=Q15+S1-A1:E:3,=Q15+S1-A1-C4,,,,,,,,
1311,=+,,H05V-K,BU,"0,5",,=Q15+S1-A1:3:4,=Q15+S1-A1-L3,,,,,,,,
1312,=+,,H05V-K,BU,"0,5",,=Q15+S1-A1-L3,=Q15+S1-A1-C3,,,,,,,,
1313,=+,,H05V-K,BU,"0,5",,=Q15+S1-A1-C4,=Q15+S1-A1,,,,,,,,
1314,=+,,H05V-K,BU,"0,5",,=Q15+S1-A1-C3,=Q15+S1-A1-C2,,,,,,,,
1315,=A02+I1-W303,"UNITRONIC® LiYY 25x0,25",,GY,"0,25",10 m,=A02+S1-A21-X1:5,=A02+K1.B1-X20-X20.1M:5,,,,,,,,
1316,=+,,H05V-K,BU,"0,5",,=Q15+K1.B1-A1:12,=A02+K1.B1-X20-X20.1F:5,,,,,,,,
1317,=A02+I1-W303,"UNITRONIC® LiYY 25x0,25",,PK,"0,25",10 m,=A02+S1-A21-X1:6,=A02+K1.B1-X20-X20.1M:6,,,,,,,,
1318,=+,,H05V-K,BU,"0,5",,=Q15+K1.B1-A1:13,=A02+K1.B1-X20-X20.1F:6,,,,,,,,
1319,=+,,H05V-K,BU,"0,5",,=A02+K1.B1-X23-X23.6F:12,=Q15+K1.B1-W5(-P2):P2:2,,,,,,,,
1320,=Q15+I1-W301,"ÖLFLEX® CLASSIC 110 3x0,5 mm²",,2,0.5,6 m,=Q15+S1-Y1:2,=A02+K1.B1-X23-X23.6M:12,,,,,,,,
1321,=Q15+I1-W301,"ÖLFLEX® CLASSIC 110 3x0,5 mm²",,1,0.5,10 m,=A02+K1.B1-X23-X23.6M:11,=Q15+S1-Y1:1,,,,,,,,
1322,=+,,H05V-K,BU,"0,5",,=Q15+K1.B1-A1:14,=A02+K1.B1-X23-X23.6F:11,,,,,,,,
1323,=Q15+I1-W301,"ÖLFLEX® CLASSIC 110 3x0,5 mm²",,GNYE,0.5,10 m,=A02+K1.B1-X23-X23.6M:13,=Q15+S1-Y1:PE,,,,,,,,
1324,=+,,H07V-K,BU,"1,5",,=Q15+K1.B1-V1:2.1,=Q15+K1.B1-W5(-P1):X1:9,,,,,,,,
1325,=+,,H07V-K,BU,4,,=A02+K1.B1-W6(-P2):X1:6,=Q15+K1.B1-W5(-P2):X1:9,,,,,,,,
1326,=+,,H07V-K,BK,6,,=S02+K1.H2-Q1:2,=S02+K1.H1-V1.1:1,,,,,,,,
1327,=+,,H05V-K,direkt verbunden,"0,5",,=S02+K1.H2-Q1:1,=A02+K1.H2-W4:4L1,,,,,,,,
1328,=+,,H07V-K,BK,6,,=S02+K1.H2-Q1:4,=S02+K1.H1-V1.2:1,,,,,,,,
1329,=+,,H05V-K,direkt verbunden,"0,5",,=S02+K1.H2-Q1:3,=A02+K1.H2-W4:4L2,,,,,,,,
1330,=+,,H07V-K,BK,6,,=S02+K1.H2-Q1:6,=S02+K1.H1-V1.3:1,,,,,,,,
1331,=+,,H05V-K,direkt verbunden,"0,5",,=A02+K1.H2-W4:4L3,=S02+K1.H2-Q1:5,,,,,,,,
1332,=+,,H07V-K,BK,6,,=S02+K1.H2-Q2:2,=S02+K1.H1-V2.1:1,,,,,,,,
1333,=+,,H05V-K,direkt verbunden,"0,5",,=S02+K1.H2-Q2:1,=A02+K1.H2-W4:4L1,,,,,,,,
1334,=+,,H07V-K,BK,6,,=S02+K1.H2-Q2:4,=S02+K1.H1-V2.2:1,,,,,,,,
1335,=+,,H05V-K,direkt verbunden,"0,5",,=S02+K1.H2-Q2:3,=A02+K1.H2-W4:4L2,,,,,,,,
1336,=+,,H07V-K,BK,6,,=S02+K1.H2-Q2:6,=S02+K1.H1-V2.3:1,,,,,,,,
1337,=+,,H05V-K,direkt verbunden,"0,5",,=A02+K1.H2-W4:4L3,=S02+K1.H2-Q2:5,,,,,,,,
1338,=+,,H05V-K,BU,"0,5",,=S02+K1.H2-Q1:14,=S02+K1.B1-A1:1,,,,,,,,
1339,=+,,H05V-K,BU,"0,5",,=S02+K1.B1-W5(-P1):P1:2,=S02+K1.H2-Q1:13,,,,,,,,
1340,=+,,H05V-K,BU,"0,5",,=S02+K1.H2-Q2:14,=S02+K1.B1-A1:5,,,,,,,,
1341,=+,,H05V-K,BU,"0,5",,=S02+K1.B1-W5(-P1):P1:1,=S02+K1.H2-Q2:13,,,,,,,,
1342,=+,,H07V-K,GNYE,4,,=A02+K1.H2-X6:13,=S02+K1.H1-V1.1:PE,,,,,,,,
1343,=+,,H05V-K,BU,"0,5",,=S02+K1.H1-V1.1:A2,=S02+K1.B1-W5(-P2):P2:2,,,,,,,,
1344,=+,,H05V-K,BU,"0,5",,=S02+K1.H1-V1.1:A1,=S02+K1.B1-A1:10,,,,,,,,
1345,=+,,H07V-K,GNYE,4,,=A02+K1.H2-X6:14,=S02+K1.H1-V1.2:PE,,,,,,,,
1346,=+,,H05V-K,BU,"0,5",,=S02+K1.H1-V1.2:A2,=S02+K1.B1-W5(-P2):P2:2,,,,,,,,
1347,=+,,H05V-K,BU,"0,5",,=S02+K1.H1-V1.2:A1,=S02+K1.B1-A1:11,,,,,,,,
1348,=+,,H07V-K,GNYE,4,,=A02+K1.H2-X6:13,=S02+K1.H1-V1.3:PE,,,,,,,,
1349,=+,,H07V-K,BK,6,,=S02+K1.H1-V1.3:2,=S02+K1.H1-F1.3:1,,,,,,,,
1350,=+,,H05V-K,BU,"0,5",,=S02+K1.H1-V1.3:A2,=S02+K1.B1-W5(-P2):P2:2,,,,,,,,
1351,=+,,H05V-K,BU,"0,5",,=S02+K1.H1-V1.3:A1,=S02+K1.B1-A1:12,,,,,,,,
1352,=+,,H05V-K,BU,"0,5",,=S02+K1.B1-A1:12,=S02+K1.H1-V2.1:A1,,,,,,,,
1353,=+,,H05V-K,BU,"0,5",,=S02+K1.H1-V2.1:A1,=S02+K1.H1-V2.2:A1,,,,,,,,
1354,=+,,H05V-K,BU,"0,5",,=S02+S1-E1.13:2,=S02+S1-E1.1,,,,,,,,
1355,=+,,H05V-K,,,,=S02+S1-E1.1,=S02+S1-E1.13:1,,,,,,,,
1356,=+,,,,,,=S02+K1.D2-X11:1,=S02+K1.D2-X11:1,,,,,,,,
1357,=S02+I1-W120,"ÖLFLEX® CLASSIC 110 5x1,5 mm²",,1,"1,5",10 m,=S02+K1.D2-X11:1,=S02+S1-E1.1:RD,,,,,,,,
1358,=+,,H07V-K,BK,"1,5",,=S02+K1.H1-F1.1:2,=S02+K1.D2-X11:1,,,,,,,,
1359,=+,,H07V-K,BK,6,,=S02+K1.H1-F1.1:1,=S02+K1.H1-V1.1:2,,,,,,,,
1360,=+,,H05V-K,BU,"0,5",,=S02+S1-E1.12:2,=S02+S1-E1.1,,,,,,,,
1361,=+,,H05V-K,,,,=S02+S1-E1.1,=S02+S1-E1.12:1,,,,,,,,
1362,=+,,,,,,=S02+K1.D2-X11:2,=S02+K1.D2-X11:2,,,,,,,,
1363,=S02+I1-W120,"ÖLFLEX® CLASSIC 110 5x1,5 mm²",,2,"1,5",10 m,=S02+K1.D2-X11:2,=S02+S1-E1.1:YE,,,,,,,,
1364,=+,,H07V-K,BK,"1,5",,=S02+K1.D2-X11:2,=S02+K1.H1-F1.2:2,,,,,,,,
1365,=+,,H07V-K,BK,"1,5",,=S02+K1.H1-F1.1:4,=S02+K1.D2-X12:1,,,,,,,,
1366,=+,,H05V-K,BK,"4,00",,=S02+K1.H1-F1.1:5,=S02+K1.H1-F1.1:3,,,,,,,,
1367,=+,,H05V-K,BK,"4,00",,=S02+K1.H1-F1.1:3,=S02+K1.H1-F1.1:1,,,,,,,,
1368,=+,,H07V-K,BK,"1,5",,=S02+K1.H1-F1.1:6,=S02+K1.D2-X13:1,,,,,,,,
1369,=S02+I1-W120,"ÖLFLEX® CLASSIC 110 5x1,5 mm²",,GNYE,"1,5",10 m,=S02+K1.D2-X11:PE,=S02+S1-E1.1:CASE,,,,,,,,
1370,=+,,H05V-K,BU,"0,5",,=S02+K1.D2-X11:PE,=S02+K1.D2-X11:PE,,,,,,,,
1371,=+,,,,,,=S02+K1.D2-X11:3,=S02+K1.D2-X11:3,,,,,,,,
1372,=S02+I1-W120,"ÖLFLEX® CLASSIC 110 5x1,5 mm²",,3,"1,5",10 m,=S02+K1.D2-X11:3,=S02+S1-E1.1:YE,,,,,,,,
1373,=+,,H07V-K,BU,6,,=A02+K1.H2-X5:11,=S02+K1.D2-X11:3,,,,,,,,
1374,=+,,H05V-K,BU,"0,5",,=S02+K1.D2-X11:3,=S02+K1.D2-X11:4,,,,,,,,
1375,=+,,H05V-K,BU,"0,5",,=S02+K1.D2-X11:4,=S02+K1.D2-X21:4,,,,,,,,
1376,=+,,,,,,=S02+K1.D2-X11:4,=S02+K1.D2-X11:4,,,,,,,,
1377,=S02+I1-W120,"ÖLFLEX® CLASSIC 110 5x1,5 mm²",,4,"1,5",10 m,=S02+K1.D2-X11:4,=S02+S1-E1.1:RD,,,,,,,,
1378,=+,,H05V-K,BU,"0,5",,=S02+S1-E1.11:2,=S02+S1-E2.1,,,,,,,,
1379,=+,,,,,,=S02+K1.D2-X21:3,=S02+K1.D2-X21:3,,,,,,,,
1380,=S02+I1-W126,"ÖLFLEX® CLASSIC 110 7x1,5 mm²",,3,"1,5",10 m,=S02+K1.D2-X21:3,=S02+S1-E2.1:RD,,,,,,,,
1381,=+,,H07V-K,BK,"1,5",,=S02+K1.D2-X21:3,=S02+K1.H1-F1.3:2,,,,,,,,
1382,=+,,,,,,=S02+K1.D2-X21:4,=S02+K1.D2-X21:4,,,,,,,,
1383,=S02+I1-W126,"ÖLFLEX® CLASSIC 110 7x1,5 mm²",,4,"1,5",10 m,=S02+K1.D2-X21:4,=S02+S1-E2.1:RD,,,,,,,,
1384,=+,,H05V-K,BU,"1,94",,=S02+S1-E1.23:2,=S02+S1-E1.2,,,,,,,,
1385,=+,,H05V-K,,,,=S02+S1-E1.2,=S02+S1-E1.23:1,,,,,,,,
1386,=+,,,,,,=S02+K1.D2-X12:1,=S02+K1.D2-X12:1,,,,,,,,
1387,=S02+I1-W122,ÖLFLEX® CLASSIC 110 7x1.5 mm²,,1,"1,5",10 m,=S02+K1.D2-X12:1,=S02+S1-E1.2:RD,,,,,,,,
1388,=+,,H05V-K,BU,"0,5",,=S02+S1-E1.22:2,=S02+S1-E1.2,,,,,,,,
1389,=+,,H05V-K,,,,=S02+S1-E1.2,=S02+S1-E1.22:1,,,,,,,,
1390,=+,,,,,,=S02+K1.D2-X12:2,=S02+K1.D2-X12:2,,,,,,,,
1391,=S02+I1-W122,ÖLFLEX® CLASSIC 110 7x1.5 mm²,,2,"1,5",10 m,=S02+K1.D2-X12:2,=S02+S1-E1.2:YE,,,,,,,,
1392,=+,,H07V-K,BK,"1,5",,=S02+K1.D2-X12:2,=S02+K1.H1-F1.2:4,,,,,,,,
1393,=+,,H05V-K,BU,"1,94",,=S02+S1-E1.21:2,=S02+S1-E1.2,,,,,,,,
1394,=+,,,,,,=S02+K1.D2-X12:3,=S02+K1.D2-X12:3,,,,,,,,
1395,=S02+I1-W122,ÖLFLEX® CLASSIC 110 7x1.5 mm²,,3,"1,5",10 m,=S02+K1.D2-X12:3,=S02+S1-E1.2:BU,,,,,,,,
1396,=+,,H07V-K,BK,"1,5",,=S02+K1.D2-X12:3,=S02+K1.H1-F1.3:4,,,,,,,,
1397,=S02+I1-W122,ÖLFLEX® CLASSIC 110 7x1.5 mm²,,GNYE,"1,5",10 m,=S02+K1.D2-X12:PE,=S02+S1-E1.2:CASE,,,,,,,,
1398,=+,,,,,,=S02+K1.D2-X12:PE,=S02+K1.D2-X12:PE,,,,,,,,
1399,=+,,H07V-K,BK,6,,=S02+K1.H1-F1.2:1,=S02+K1.H1-V1.2:2,,,,,,,,
1400,=+,,H05V-K,BK,"4,00",,=S02+K1.H1-F1.2:5,=S02+K1.H1-F1.2:3,,,,,,,,
1401,=+,,H05V-K,BK,"4,00",,=S02+K1.H1-F1.2:3,=S02+K1.H1-F1.2:1,,,,,,,,
1402,=+,,,,,,=S02+K1.D2-X12:4,=S02+K1.D2-X12:4,,,,,,,,
1403,=S02+I1-W122,ÖLFLEX® CLASSIC 110 7x1.5 mm²,,4,"1,5",10 m,=S02+K1.D2-X12:4,=S02+S1-E1.2:BU,,,,,,,,
1404,=+,,H05V-K,BU,"0,5",,=S02+K1.D2-X12:4,=S02+K1.D2-X12:5,,,,,,,,
1405,=+,,H05V-K,BU,"0,5",,=S02+K1.D2-X12:5,=S02+K1.D2-X12:6,,,,,,,,
1406,=+,,H07V-K,BU,6,,=A02+K1.H2-X5:12,=S02+K1.D2-X12:6,,,,,,,,
1407,=+,,H07V-K,BK,"1,5",,=S02+K1.H1-F1.2:6,=S02+K1.D2-X13:2,,,,,,,,
1408,=+,,,,,,=S02+K1.D2-X12:5,=S02+K1.D2-X12:5,,,,,,,,
1409,=S02+I1-W122,ÖLFLEX® CLASSIC 110 7x1.5 mm²,,5,"1,5",10 m,=S02+K1.D2-X12:5,=S02+S1-E1.2:YE,,,,,,,,
1410,=+,,,,,,=S02+K1.D2-X12:6,=S02+K1.D2-X12:6,,,,,,,,
1411,=S02+I1-W122,ÖLFLEX® CLASSIC 110 7x1.5 mm²,,6,"1,5",10 m,=S02+K1.D2-X12:6,=S02+S1-E1.2:RD,,,,,,,,
1412,=+,,H05V-K,BU,"1,94",,=S02+S1-E1.33:2,=S02+S1-E1.3,,,,,,,,
1413,=+,,H05V-K,,,,=S02+S1-E1.3,=S02+S1-E1.33:1,,,,,,,,
1414,=+,,,,,,=S02+K1.D2-X13:1,=S02+K1.D2-X13:1,,,,,,,,
1415,=S02+I1-W124,"ÖLFLEX® CLASSIC 110 7x1,5 mm²",,1,"1,5",10 m,=S02+K1.D2-X13:1,=S02+S1-E1.3:RD,,,,,,,,
1416,=+,,H05V-K,BU,"0,5",,=S02+S1-E1.32:2,=S02+S1-E1.3,,,,,,,,
1417,=+,,H05V-K,,,,=S02+S1-E1.3,=S02+S1-E1.32:1,,,,,,,,
1418,=+,,,,,,=S02+K1.D2-X13:2,=S02+K1.D2-X13:2,,,,,,,,
1419,=S02+I1-W124,"ÖLFLEX® CLASSIC 110 7x1,5 mm²",,2,"1,5",10 m,=S02+K1.D2-X13:2,=S02+S1-E1.3:YE,,,,,,,,
1420,=+,,H05V-K,BU,"0,5",,=S02+S1-E1.31:2,=S02+S1-E1.3,,,,,,,,
1421,=+,,,,,,=S02+K1.D2-X13:3,=S02+K1.D2-X13:3,,,,,,,,
1422,=S02+I1-W124,"ÖLFLEX® CLASSIC 110 7x1,5 mm²",,3,"1,5",10 m,=S02+K1.D2-X13:3,=S02+S1-E1.3:BU,,,,,,,,
1423,=+,,H07V-K,BK,"1,5",,=S02+K1.D2-X13:3,=S02+K1.H1-F1.3:6,,,,,,,,
1424,=S02+I1-W124,"ÖLFLEX® CLASSIC 110 7x1,5 mm²",,GNYE,"1,5",10 m,=S02+K1.D2-X13:PE,=S02+S1-E1.3:CASE,,,,,,,,
1425,=+,,,,,,=S02+K1.D2-X13:PE,=S02+K1.D2-X13:PE,,,,,,,,
1426,=+,,,,,,=S02+K1.D2-X13:4,=S02+K1.D2-X13:4,,,,,,,,
1427,=S02+I1-W124,"ÖLFLEX® CLASSIC 110 7x1,5 mm²",,4,"1,5",10 m,=S02+K1.D2-X13:4,=S02+S1-E1.3:BU,,,,,,,,
1428,=+,,H05V-K,BU,"0,5",,=S02+K1.D2-X13:4,=S02+K1.D2-X13:5,,,,,,,,
1429,=+,,H05V-K,BU,"0,5",,=S02+K1.D2-X13:5,=S02+K1.D2-X13:6,,,,,,,,
1430,=+,,H07V-K,BU,6,,=A02+K1.H2-X5:13,=S02+K1.D2-X13:6,,,,,,,,
1431,=+,,H05V-K,BK,"4,00",,=S02+K1.H1-F1.3:5,=S02+K1.H1-F1.3:3,,,,,,,,
1432,=+,,H05V-K,BK,"4,00",,=S02+K1.H1-F1.3:3,=S02+K1.H1-F1.3:1,,,,,,,,
1433,=+,,,,,,=S02+K1.D2-X13:5,=S02+K1.D2-X13:5,,,,,,,,
1434,=S02+I1-W124,"ÖLFLEX® CLASSIC 110 7x1,5 mm²",,5,"1,5",10 m,=S02+K1.D2-X13:5,=S02+S1-E1.3:YE,,,,,,,,
1435,=+,,,,,,=S02+K1.D2-X13:6,=S02+K1.D2-X13:6,,,,,,,,
1436,=S02+I1-W124,"ÖLFLEX® CLASSIC 110 7x1,5 mm²",,6,"1,5",10 m,=S02+K1.D2-X13:6,=S02+S1-E1.3:RD,,,,,,,,
1437,=+,,H05V-K,BU,"0,5",,=S02+K1.H1-F1.1:m4,=S02+K1.B1-A1:2,,,,,,,,
1438,=+,,H05V-K,BU,"0,5",,=S02+K1.B1-W5(-P1):P1:2,=S02+K1.H1-F1.1:m3,,,,,,,,
1439,=+,,H05V-K,BU,"0,5",,=S02+K1.H1-F1.2:14,=S02+K1.B1-A1:3,,,,,,,,
1440,=+,,H05V-K,BU,"0,5",,=S02+K1.B1-W5(-P1):P1:1,=S02+K1.H1-F1.2:13,,,,,,,,
1441,=+,,H05V-K,BU,"0,5",,=S02+K1.H1-F1.3:14,=S02+K1.B1-A1:4,,,,,,,,
1442,=+,,H05V-K,BU,"0,5",,=S02+K1.B1-A1:4,=S02+K1.H1-F2.1:14,,,,,,,,
1443,=+,,H05V-K,BU,"0,5",,=S02+K1.H1-F2.1:14,=S02+K1.H1-F2.2:14,,,,,,,,
1444,=+,,H05V-K,BU,"0,5",,=S02+K1.B1-W5(-P1):P1:2,=S02+K1.H1-F1.3:13,,,,,,,,
1445,=+,,H05V-K,BU,"0,5",,=S02+K1.B1-W5(-P1):P1:2,=S02+K1.H1-F2.1:13,,,,,,,,
1446,=+,,H05V-K,BU,"0,5",,=S02+K1.B1-W5(-P1):P1:1,=S02+K1.H1-F2.2:13,,,,,,,,
1447,=+,,H07V-K,GNYE,4,,=A02+K1.H2-X6:16,=S02+K1.H1-V2.1:PE,,,,,,,,
1448,=+,,H05V-K,BU,"0,5",,=S02+K1.H1-V2.1:A2,=S02+K1.B1-W5(-P2):P2:2,,,,,,,,
1449,=+,,H07V-K,GNYE,4,,=A02+K1.H2-X6:13,=S02+K1.H1-V2.2:PE,,,,,,,,
1450,=+,,H05V-K,BU,"0,5",,=S02+K1.H1-V2.2:A2,=S02+K1.B1-W5(-P2):P2:2,,,,,,,,
1451,=+,,H05V-K,BU,"1,94",,=S02+S1-E2.11:2,=S02+S1-E2.1,,,,,,,,
1452,=+,,H05V-K,,,,=S02+S1-E2.1,=S02+S1-E2.11:1,,,,,,,,
1453,=+,,,,,,=S02+K1.D2-X21:1,=S02+K1.D2-X21:1,,,,,,,,
1454,=S02+I1-W126,"ÖLFLEX® CLASSIC 110 7x1,5 mm²",,1,"1,5",,=S02+K1.D2-X21:1,=S02+S1-E2.1:YE,,,,,,,,
1455,=+,,H07V-K,BK,"1,5",,=S02+K1.H1-F2.1:2,=S02+K1.D2-X21:1,,,,,,,,
1456,=+,,H07V-K,BK,6,,=S02+K1.H1-F2.1:1,=S02+K1.H1-V2.1:2,,,,,,,,
1457,=+,,H05V-K,BU,"0,5",,=S02+S1-E2.12:2,=S02+S1-E2.1,,,,,,,,
1458,=+,,H05V-K,,,,=S02+S1-E2.1,=S02+S1-E2.12:1,,,,,,,,
1459,=+,,,,,,=S02+K1.D2-X21:2,=S02+K1.D2-X21:2,,,,,,,,
1460,=S02+I1-W126,"ÖLFLEX® CLASSIC 110 7x1,5 mm²",,2,"1,5",,=S02+K1.D2-X21:2,=S02+S1-E2.1:BU,,,,,,,,
1461,=+,,H07V-K,BK,"1,5",,=S02+K1.D2-X21:2,=S02+K1.H1-F2.2:2,,,,,,,,
1462,=+,,H07V-K,BK,"1,5",,=S02+K1.H1-F2.1:4,=S02+K1.D2-X22:1,,,,,,,,
1463,=+,,H05V-K,BK,"4,00",,=S02+K1.H1-F2.1:5,=S02+K1.H1-F2.1:3,,,,,,,,
1464,=+,,H05V-K,BK,"4,00",,=S02+K1.H1-F2.1:3,=S02+K1.H1-F2.1:1,,,,,,,,
1465,=+,,H07V-K,BK,"1,5",,=S02+K1.H1-F2.1:6,=S02+K1.D2-X22:3,,,,,,,,
1466,=S02+I1-W126,"ÖLFLEX® CLASSIC 110 7x1,5 mm²",,GNYE,"1,5",,=S02+K1.D2-X21:PE,=S02+S1-E2.1:CASE,,,,,,,,
1467,=+,,H05V-K,BU,"0,5",,=S02+K1.D2-X21:PE,=S02+K1.D2-X21:PE,,,,,,,,
1468,=+,,,,,,=S02+K1.D2-X21:5,=S02+K1.D2-X21:5,,,,,,,,
1469,=S02+I1-W126,"ÖLFLEX® CLASSIC 110 7x1,5 mm²",,5,"1,5",,=S02+K1.D2-X21:5,=S02+S1-E2.1:BU,,,,,,,,
1470,=+,,H05V-K,BU,"0,5",,=S02+K1.D2-X21:5,=S02+K1.D2-X21:6,,,,,,,,
1471,=+,,H07V-K,BU,6,,=A02+K1.H2-X5:14,=S02+K1.D2-X21:6,,,,,,,,
1472,=+,,,,,,=S02+K1.D2-X21:6,=S02+K1.D2-X21:6,,,,,,,,
1473,=S02+I1-W126,"ÖLFLEX® CLASSIC 110 7x1,5 mm²",,6,"1,5",,=S02+K1.D2-X21:6,=S02+S1-E2.1:YE,,,,,,,,
1474,=+,,H07V-K,BK,6,,=S02+K1.H1-F2.2:1,=S02+K1.H1-V2.2:2,,,,,,,,
1475,=+,,H05V-K,BK,"4,00",,=S02+K1.H1-F2.2:5,=S02+K1.H1-F2.2:3,,,,,,,,
1476,=+,,H05V-K,BK,"4,00",,=S02+K1.H1-F2.2:3,=S02+K1.H1-F2.2:1,,,,,,,,
1477,=+,,H05V-K,BU,"0,5",,=S02+K1.H1-F2.2:5,=S02+K1.H1-F2.2:7,,,,,,,,
1478,=+,,H05V-K,BU,"1,94",,=S02+S1-E2.21:2,=S02+S1-E2.2,,,,,,,,
1479,=+,,H05V-K,,,,=S02+S1-E2.2,=S02+S1-E2.21:1,,,,,,,,
1480,=+,,,,,,=S02+K1.D2-X22:1,=S02+K1.D2-X22:1,,,,,,,,
1481,=S02+I1-W128,"ÖLFLEX® CLASSIC 110 3x1,5 mm²",,1,"1,5",10 m,=S02+K1.D2-X22:1,=S02+S1-E2.2:no color,,,,,,,,
1482,=S02+I1-W128,"ÖLFLEX® CLASSIC 110 3x1,5 mm²",,GNYE,"1,5",10 m,=S02+K1.D2-X22:PE,=S02+S1-E2.2:CASE,,,,,,,,
1483,=+,,,,,,=S02+K1.D2-X22:PE,=S02+K1.D2-X22:PE,,,,,,,,
1484,=+,,,,,,=S02+K1.D2-X22:2,=S02+K1.D2-X22:2,,,,,,,,
1485,=S02+I1-W128,"ÖLFLEX® CLASSIC 110 3x1,5 mm²",,2,"1,5",10 m,=S02+K1.D2-X22:2,=S02+S1-E2.2:no color,,,,,,,,
1486,=+,,H07V-K,BU,6,,=A02+K1.H2-X5:15,=S02+K1.D2-X22:2,,,,,,,,
1487,=+,,H05V-K,BU,"1,94",,=S02+S1-E2.31:2,=S02+S1-E2.3,,,,,,,,
1488,=+,,H05V-K,,,,=S02+S1-E2.3,=S02+S1-E2.31:1,,,,,,,,
1489,=+,,,,,,=S02+K1.D2-X22:3,=S02+K1.D2-X22:3,,,,,,,,
1490,=S02+I1-W130,"ÖLFLEX® CLASSIC 110 3x1,5 mm²",,1,"1,5",10 m,=S02+K1.D2-X22:3,=S02+S1-E2.3:no color,,,,,,,,
1491,=S02+I1-W130,"ÖLFLEX® CLASSIC 110 3x1,5 mm²",,GNYE,"1,5",10 m,=S02+K1.D2-X22:PE,=S02+S1-E2.3:CASE,,,,,,,,
1492,=+,,,,,,=S02+K1.D2-X22:PE,=S02+K1.D2-X22:PE,,,,,,,,
1493,=+,,,,,,=S02+K1.D2-X22:4,=S02+K1.D2-X22:4,,,,,,,,
1494,=S02+I1-W130,"ÖLFLEX® CLASSIC 110 3x1,5 mm²",,2,"1,5",10 m,=S02+K1.D2-X22:4,=S02+S1-E2.3:no color,,,,,,,,
1495,=+,,H07V-K,BU,6,,=A02+K1.H2-X5:16,=S02+K1.D2-X22:4,,,,,,,,
1496,=+,,H07V-K,GNYE,4,,=A02+K1.H2-X6:13,=S02+K1.H1-V2.3:PE,,,,,,,,
1497,=+,,H05V-K,BU,"0,5",,=S02+K1.H1-V2.3:A2,=S02+K1.B1-W5(-P2):P2:1,,,,,,,,
1498,=+,,H05V-K,BU,"0,5",,=S02+K1.H1-V2.3:A1,=S02+K1.B1-A1:14,,,,,,,,
1499,=+,,H05V-K,BU,"1,94",,=S02+S1-E3.11:2,=S02+S1-E3.1,,,,,,,,
1500,=+,,H05V-K,,,,=S02+S1-E3.1,=S02+S1-E3.11:1,,,,,,,,
1501,=+,,,,,,=S02+K1.D2-X31:1,=S02+K1.D2-X31:1,,,,,,,,
1502,=S02+I1-W132,"ÖLFLEX® CLASSIC 110 3x1,5 mm²",,1,"1,5",10 m,=S02+K1.D2-X31:1,=S02+S1-E3.1:no color,,,,,,,,
1503,=+,,H07V-K,BK,"1,5",,=S02+K1.H1-F2.3:2,=S02+K1.D2-X31:1,,,,,,,,
1504,=+,,H07V-K,BK,6,,=S02+K1.H1-F2.3:1,=S02+K1.H1-V2.3:2,,,,,,,,
1505,=+,,H07V-K,BK,"1,5",,=S02+K1.H1-F2.3:4,=S02+K1.D2-X31:3,,,,,,,,
1506,=+,,H05V-K,BK,"4,00",,=S02+K1.H1-F2.3:5,=S02+K1.H1-F2.3:3,,,,,,,,
1507,=+,,H05V-K,BK,"4,00",,=S02+K1.H1-F2.3:3,=S02+K1.H1-F2.3:1,,,,,,,,
1508,=+,,H05V-K,BU,"0,5",,=S02+K1.H1-F2.3:5,=S02+K1.H1-F2.3:7,,,,,,,,
1509,=S02+I1-W132,"ÖLFLEX® CLASSIC 110 3x1,5 mm²",,GNYE,"1,5",10 m,=S02+K1.D2-X31:PE,=S02+S1-E3.1:CASE,,,,,,,,
1510,=+,,,,,,=S02+K1.D2-X31:PE,=S02+K1.D2-X31:PE,,,,,,,,
1511,=+,,,,,,=S02+K1.D2-X31:2,=S02+K1.D2-X31:2,,,,,,,,
1512,=S02+I1-W132,"ÖLFLEX® CLASSIC 110 3x1,5 mm²",,2,"1,5",10 m,=S02+K1.D2-X31:2,=S02+S1-E3.1:no color,,,,,,,,
1513,=+,,H07V-K,BU,6,,=A02+K1.H2-X5:17,=S02+K1.D2-X31:2,,,,,,,,
1514,=+,,H05V-K,BU,"1,94",,=S02+S1-E3.21:2,=S02+S1-E3.2,,,,,,,,
1515,=+,,H05V-K,,,,=S02+S1-E3.2,=S02+S1-E3.21:1,,,,,,,,
1516,=+,,,,,,=S02+K1.D2-X31:3,=S02+K1.D2-X31:3,,,,,,,,
1517,=S02+I1-W134,"ÖLFLEX® CLASSIC 110 3x1,5 mm²",,1,"1,5",10 m,=S02+K1.D2-X31:3,=S02+S1-E3.2:no color,,,,,,,,
1518,=S02+I1-W134,"ÖLFLEX® CLASSIC 110 3x1,5 mm²",,GNYE,"1,5",10 m,=S02+K1.D2-X31:PE,=S02+S1-E3.2:CASE,,,,,,,,
1519,=+,,,,,,=S02+K1.D2-X31:PE,=S02+K1.D2-X31:PE,,,,,,,,
1520,=+,,,,,,=S02+K1.D2-X31:4,=S02+K1.D2-X31:4,,,,,,,,
1521,=S02+I1-W134,"ÖLFLEX® CLASSIC 110 3x1,5 mm²",,2,"1,5",10 m,=S02+K1.D2-X31:4,=S02+S1-E3.2:no color,,,,,,,,
1522,=+,,H07V-K,BU,6,,=A02+K1.H2-X5:18,=S02+K1.D2-X31:4,,,,,,,,
1523,=+,,H05V-K,BU,"0,5",,=S02+K1.H1-F2.3:14,=S02+K1.B1-A1:6,,,,,,,,
1524,=+,,H05V-K,BU,"0,5",,=S02+K1.B1-W5(-P1):P1:1,=S02+K1.H1-F2.3:13,,,,,,,,
1525,=S02+I1-W416,M06-1CAV 2x0.25,,BK,"0,25",,=S02+S1-B1:1,=V01+K1.B1-A8:3,,,,,,,,
1526,=S02+I1-W416,M06-1CAV 2x0.25,,WH,"0,25",,=S02+S1-B1:2,=V01+K1.B1-A8:7,,,,,,,,
1527,=S02+I1-W417,M06-1CAV 2x0.25,,BK,"0,25",,=S02+S1-B2:1,=V01+K1.B1-A8:4,,,,,,,,
1528,=S02+I1-W417,M06-1CAV 2x0.25,,WH,"0,25",,=S02+S1-B2:2,=V01+K1.B1-A8:8,,,,,,,,
1529,=+,,H07V-K,BU,"1,5",,=S02+K1.B1-V1:2.1,=S02+K1.B1-W5(-P1):X1:9,,,,,,,,
1530,=+,,H07V-K,BU,4,,=A02+K1.B1-W6(-P2):X2:2,=S02+K1.B1-W5(-P2):X1:9,,,,,,,,
1531,=+,,,,,,=V01+K1.D2-X11:1,=V01+K1.D2-X11:1,,,,,,,,
1532,=V01+I1-W100,"ÖLFLEX® CLASSIC 110 4x2,5 mm²",,1,"2,5",10 m,=V01+K1.D2-X11:1,=V01+S2-M1.1:U,,,,,,,,
1533,=+,,H07V-K,BK,"2,5",,=V01+K1.H1-K1:2,=V01+K1.D2-X11:1,,,,,,,,
1534,=+,,H07V-K,BK,"2,5",,=V01+K1.H2-Q1:T1,=V01+K1.H1-K1:1,,,,,,,,
1535,=+,,H05V-K,direkt verbunden,"0,5",,=V01+K1.H2-Q1:L1,=A02+K1.H2-W1:1L1,,,,,,,,
1536,=+,,,,,,=V01+K1.D2-X11:2,=V01+K1.D2-X11:2,,,,,,,,
1537,=V01+I1-W100,"ÖLFLEX® CLASSIC 110 4x2,5 mm²",,2,"2,5",10 m,=V01+K1.D2-X11:2,=V01+S2-M1.1:V,,,,,,,,
1538,=+,,H07V-K,BK,"2,5",,=V01+K1.H1-K1:4,=V01+K1.D2-X11:2,,,,,,,,
1539,=+,,H07V-K,BK,"2,5",,=V01+K1.H2-Q1:T2,=V01+K1.H1-K1:3,,,,,,,,
1540,=+,,H05V-K,direkt verbunden,"0,5",,=A02+K1.H2-W1:1L2,=V01+K1.H2-Q1:L2,,,,,,,,
1541,=+,,,,,,=V01+K1.D2-X11:3,=V01+K1.D2-X11:3,,,,,,,,
1542,=V01+I1-W100,"ÖLFLEX® CLASSIC 110 4x2,5 mm²",,3,"2,5",10 m,=V01+K1.D2-X11:3,=V01+S2-M1.1:W,,,,,,,,
1543,=+,,H07V-K,BK,"2,5",,=V01+K1.H1-K1:6,=V01+K1.D2-X11:3,,,,,,,,
1544,=+,,H07V-K,BK,"2,5",,=V01+K1.H2-Q1:T3,=V01+K1.H1-K1:5,,,,,,,,
1545,=+,,H05V-K,direkt verbunden,"0,5",,=A02+K1.H2-W1:1L3,=V01+K1.H2-Q1:L3,,,,,,,,
1546,=V01+I1-W100,"ÖLFLEX® CLASSIC 110 4x2,5 mm²",,GNYE,"2,5",10 m,=V01+K1.D2-X11:PE,=V01+S2-M1.1:PE,,,,,,,,
1547,=+,,,,,,=V01+K1.D2-X11:PE,=V01+K1.D2-X11:PE,,,,,,,,
1548,=+,,H07V-K,GNYE,"2,5",,=A02+K1.H2-X6:PE:2,=V01+K1.D2-X11:PE,,,,,,,,
1549,=+,,H05V-K,BU,"0,5",,=V01+K1.H1-K1:A2,=V01+K1.B1-W5(-P2):P2:1,,,,,,,,
1550,=+,,H05V-K,BU,"0,5",,=V01+K1.H2-Q1:14,=V01+K1.H1-K1:A1,,,,,,,,
1551,=+,,H05V-K,BU,"0,5",,=V01+K1.B1-A1:1,=V01+K1.H2-Q1:13,,,,,,,,
1552,=+,,H05V-K,BU,"0,5",,=V01+K1.H1-K1:14,=V01+K1.B1-A3:1,,,,,,,,
1553,=+,,H05V-K,BU,"0,5",,=V01+K1.B1-W5(-P1):P1:2,=V01+K1.H1-K1:13,,,,,,,,
1554,=+,,,,,,=V01+K1.D2-X12:1,=V01+K1.D2-X12:1,,,,,,,,
1555,=V01+I1-W102,"ÖLFLEX® CLASSIC 110 7x2,5 mm²",,1,"2,5",13 m,=V01+K1.D2-X12:1,=V01+S2-M2.1:U,,,,,,,,
1556,=+,,H07V-K,BK,"2,5",,=V01+K1.H2-Q2:T1,=V01+K1.D2-X12:1,,,,,,,,
1557,=+,,H05V-K,direkt verbunden,"0,5",,=A02+K1.H2-W1:1L1,=V01+K1.H2-Q2:L1,,,,,,,,
1558,=+,,,,,,=V01+K1.D2-X12:2,=V01+K1.D2-X12:2,,,,,,,,
1559,=V01+I1-W102,"ÖLFLEX® CLASSIC 110 7x2,5 mm²",,2,"2,5",13 m,=V01+K1.D2-X12:2,=V01+S2-M2.1:V,,,,,,,,
1560,=+,,H07V-K,BK,"2,5",,=V01+K1.H2-Q2:T2,=V01+K1.D2-X12:2,,,,,,,,
1561,=+,,H05V-K,direkt verbunden,"0,5",,=A02+K1.H2-W1:1L2,=V01+K1.H2-Q2:L2,,,,,,,,
1562,=+,,,,,,=V01+K1.D2-X12:3,=V01+K1.D2-X12:3,,,,,,,,
1563,=V01+I1-W102,"ÖLFLEX® CLASSIC 110 7x2,5 mm²",,3,"2,5",13 m,=V01+K1.D2-X12:3,=V01+S2-M2.1:W,,,,,,,,
1564,=+,,H07V-K,BK,"2,5",,=V01+K1.H2-Q2:T3,=V01+K1.D2-X12:3,,,,,,,,
1565,=+,,H05V-K,direkt verbunden,"0,5",,=A02+K1.H2-W1:1L3,=V01+K1.H2-Q2:L3,,,,,,,,
1566,=V01+I1-W102,"ÖLFLEX® CLASSIC 110 7x2,5 mm²",,GNYE,"2,5",13 m,=V01+K1.D2-X12:PE,=V01+S2-M2.1:PE,,,,,,,,
1567,=+,,,,,,=V01+K1.D2-X12:PE,=V01+K1.D2-X12:PE,,,,,,,,
1568,=+,,H07V-K,GNYE,"2,5",,=A02+K1.H2-X6:20:2,=V01+K1.D2-X12:PE,,,,,,,,
1569,=+,,,,,,=V01+K1.D2-X12:4,=V01+K1.D2-X12:4,,,,,,,,
1570,=V01+I1-W102,"ÖLFLEX® CLASSIC 110 7x2,5 mm²",,4,"2,5",13 m,=V01+K1.D2-X12:4,=V01+S2-M2.1:13,,,,,,,,
1571,=+,,H07V-K,BK,"2,5",,=V01+K1.B1-K50:44,=V01+K1.D2-X12:4,,,,,,,,
1572,=+,,H07V-K,BK,"2,5",,=V01+K1.H2-F1:2,=V01+K1.B1-K50:43,,,,,,,,
1573,=+,,H07V-K,BK,"2,5",,=A01+K1.H2-W0:L1,=V01+K1.H2-F1:1,,,,,,,,
1574,=V01+I1-W102,"ÖLFLEX® CLASSIC 110 7x2,5 mm²",,5,"2,5",13 m,=V01+S2-M2.1:14,=V01+K1.D2-X12:5,,,,,,,,
1575,=+,,,,,,=V01+K1.D2-X12:5,=V01+K1.D2-X12:5,,,,,,,,
1576,=+,,H07V-K,BU,"2,5",,=A02+K1.H2-X5:4:2,=V01+K1.D2-X12:5,,,,,,,,
1577,=V01+I1-W203,"ÖLFLEX® CLASSIC 110 7x0,5 mm²",,1,"0,5",8 m,=A02+K1.B1-X22-X22.3M:10,=V01+S2-M2.1:S1,,,,,,,,
1578,=+,,H05V-K,BU,"0,5",,=V01+K1.B1-K50:34,=A02+K1.B1-X22-X22.3F:10,,,,,,,,
1579,=V01+I1-W203,"ÖLFLEX® CLASSIC 110 7x0,5 mm²",,2,"0,5",8 m,=A02+K1.B1-X22-X22.3M:11,=V01+S2-M2.1:S4,,,,,,,,
1580,=+,,H05V-K,BU,"0,5",,=V01+K1.B1-K51:11,=A02+K1.B1-X22-X22.3F:11,,,,,,,,
1581,=V01+I1-W203,"ÖLFLEX® CLASSIC 110 7x0,5 mm²",,3,"0,5",8 m,=A02+K1.B1-X22-X22.3M:12,=V01+S2-M2.1:SN,,,,,,,,
1582,=V01+I1-W203,"ÖLFLEX® CLASSIC 110 7x0,5 mm²",,4,"0,5",8 m,=A02+K1.B1-X22-X22.3M:13,=V01+S2-M2.1:P2,,,,,,,,
1583,=+,,H05V-K,BU,"0,5",,=V01+K1.B1-W5(-P1):P1:1,=A02+K1.B1-X22-X22.3F:13,,,,,,,,
1584,=V01+I1-W203,"ÖLFLEX® CLASSIC 110 7x0,5 mm²",,5,"0,5",8 m,=A02+K1.B1-X22-X22.3M:14,=V01+S2-M2.1:C2,,,,,,,,
1585,=+,,H05V-K,BU,"0,5",,=V01+K1.B1-K53:A1,=A02+K1.B1-X22-X22.3F:14,,,,,,,,
1586,=+,,H05V-K,BU,"0,5",,=V01+K1.B1-W5(-P2):P2,=V01+K1.B1-K53:A2,,,,,,,,
1587,=+,,H05V-K,BU,"0,5",,=V01+K1.B1-W5(-P1):P1:2,=V01+K1.B1-A3:2,,,,,,,,
1588,=+,,H05V-K,BU,"0,5",,=V01+K1.H2-Q2:14,=V01+K1.B1-K53:12,,,,,,,,
1589,=+,,H05V-K,BU,"0,5",,=V01+K1.B1-A1:2,=V01+K1.H2-Q2:13,,,,,,,,
1590,=+,,H05V-K,BU,"0,5",,=V01+K1.B1-K50:1,=V01+K1.B1-W5(-P2):P2:1,,,,,,,,
1591,=+,,H05V-K,BU,"0,5",,=V01+K1.B1-K53:11,=V01+K1.B1-K50:0,,,,,,,,
1592,=+,,H05V-K,BU,"0,5",,=V01+K1.B1-K51:A2,=V01+K1.B1-W5(-P2):P2:1,,,,,,,,
1593,=+,,H05V-K,BU,"0,5",,=V01+K1.B1-A1:14,=V01+K1.B1-K51:A1,,,,,,,,
1594,=+,,H05V-K,BU,"0,5",,=V01+K1.B1-K50:54,=V01+K1.B1-A3:3,,,,,,,,
1595,=+,,H05V-K,BU,"0,5",,=V01+K1.B1-W5(-P1):P1:1,=V01+K1.B1-K50:53,,,,,,,,
1596,=V01+I1-W221,UNITRONIC® LiYCY (TP) 8x0.5,,,,,,,,,,,,,,
1597,=+,,H05V-K,BU,"0,5",,=V01+K1.B1-K50:33,=V01+K1.B1-K51:14,,,,,,,,
1598,=+,,H05V-K,BU,"0,5",,=V01+K1.B1-K51:14,=A02+K1.B1-X22-X22.3F:12,,,,,,,,
1599,=+,,,,,,=V01+K1.D2-X17:1,=V01+K1.D2-X17:1,,,,,,,,
1600,=V01+I1-W103.1,"ÖLFLEX® CLASSIC 110 3x1,5 mm²",,1,"1,5",10 m,=V01+K1.D2-X17:1,=V01+S4-M1.11,,,,,,,,
1601,=+,,H07V-K,BK,"1,5",,=V01+K1.H2-F3.1:2,=V01+K1.D2-X17:1,,,,,,,,
1602,=+,,H05V-K,direkt verbunden,"0,5",,=V01+K1.H2-F3.1:1,=A01+K1.H2-W0:L1,,,,,,,,
1603,=+,,,,,,=V01+K1.D2-X17:2,=V01+K1.D2-X17:2,,,,,,,,
1604,=V01+I1-W103.1,"ÖLFLEX® CLASSIC 110 3x1,5 mm²",,2,"1,5",10 m,=V01+K1.D2-X17:2,=V01+S4-M1.11,,,,,,,,
1605,=+,,H07V-K,BU,"1,5",,=A02+K1.H2-X5:13:2,=V01+K1.D2-X17:2,,,,,,,,
1606,=+,,,,,,=V01+K1.D2-X17:3,=V01+K1.D2-X17:3,,,,,,,,
1607,=V01+I1-W103.1,"ÖLFLEX® CLASSIC 110 3x1,5 mm²",,GNYE,"1,5",10 m,=V01+K1.D2-X17:3,=V01+S4-M1.11,,,,,,,,
1608,=+,,H07V-K,GNYE,"1,5",,=A02+K1.H2-X6:19:2,=V01+K1.D2-X17:3,,,,,,,,
1609,=V01+I1-W308.1,,,,,,=V01+S1-Y6.11,=V01+S4-M1.11:pin1-4,,,,,,,,
1610,=+,,,,,,=V01+K1.D2-X17:4,=V01+K1.D2-X17:4,,,,,,,,
1611,=V01+I1-W103.2,"ÖLFLEX® CLASSIC 110 3x1,5 mm²",,1,"1,5",10 m,=V01+K1.D2-X17:4,=V01+S4-M1.12,,,,,,,,
1612,=+,,H07V-K,BK,"1,5",,=V01+K1.H2-F3.2:2,=V01+K1.D2-X17:4,,,,,,,,
1613,=+,,H05V-K,direkt verbunden,"0,5",,=A01+K1.H2-W0:L2,=V01+K1.H2-F3.2:1,,,,,,,,
1614,=+,,,,,,=V01+K1.D2-X17:5,=V01+K1.D2-X17:5,,,,,,,,
1615,=V01+I1-W103.2,"ÖLFLEX® CLASSIC 110 3x1,5 mm²",,2,"1,5",10 m,=V01+K1.D2-X17:5,=V01+S4-M1.12,,,,,,,,
1616,=+,,H07V-K,BU,"1,5",,=A02+K1.H2-X5:13:2,=V01+K1.D2-X17:5,,,,,,,,
1617,=+,,,,,,=V01+K1.D2-X17:6,=V01+K1.D2-X17:6,,,,,,,,
1618,=V01+I1-W103.2,"ÖLFLEX® CLASSIC 110 3x1,5 mm²",,GNYE,"1,5",10 m,=V01+K1.D2-X17:6,=V01+S4-M1.12,,,,,,,,
1619,=+,,H07V-K,GNYE,"1,5",,=A02+K1.H2-X6:19:2,=V01+K1.D2-X17:6,,,,,,,,
1620,=V01+I1-W308.2,,,,,,=V01+S1-Y6.12,=V01+S4-M1.12:pin1-4,,,,,,,,
1621,=+,,,,,,=V01+K1.D2-X18:1,=V01+K1.D2-X18:1,,,,,,,,
1622,=V01+I1-W103.3,"ÖLFLEX® CLASSIC 110 3x1,5 mm²",,1,"1,5",10 m,=V01+K1.D2-X18:1,=V01+S4-M1.13,,,,,,,,
1623,=+,,H07V-K,BK,"1,5",,=V01+K1.H2-F3.3:2,=V01+K1.D2-X18:1,,,,,,,,
1624,=+,,H05V-K,direkt verbunden,"0,5",,=A01+K1.H2-W0:L3,=V01+K1.H2-F3.3:1,,,,,,,,
1625,=+,,,,,,=V01+K1.D2-X18:2,=V01+K1.D2-X18:2,,,,,,,,
1626,=V01+I1-W103.3,"ÖLFLEX® CLASSIC 110 3x1,5 mm²",,2,"1,5",10 m,=V01+K1.D2-X18:2,=V01+S4-M1.13,,,,,,,,
1627,=+,,H07V-K,BU,"1,5",,=A02+K1.H2-X5:13:2,=V01+K1.D2-X18:2,,,,,,,,
1628,=+,,,,,,=V01+K1.D2-X18:3,=V01+K1.D2-X18:3,,,,,,,,
1629,=V01+I1-W103.3,"ÖLFLEX® CLASSIC 110 3x1,5 mm²",,GNYE,"1,5",10 m,=V01+K1.D2-X18:3,=V01+S4-M1.13,,,,,,,,
1630,=+,,H07V-K,GNYE,"1,5",,=A02+K1.H2-X6:19:2,=V01+K1.D2-X18:3,,,,,,,,
1631,=V01+I1-W120,H07RN-F 4x4 mm²,,BK,"4,00",,,,,,,,,,,
1632,=V01+I1-W120,H07RN-F 4x4 mm²,,GY,"4,00",,,,,,,,,,,
1633,=V01+I1-W308.3,,,,,,=V01+S1-Y6.13,=V01+S4-M1.13:pin1-4,,,,,,,,
1634,=V01+I1-W501.1,"PROFIBUS 2x0,64",H05V-K,GN,"0,65",5 m,=V01+K1.B1-A13:-X1:B,=V01+S4-M1.11:B1,,,,,,,,
1635,=V01+I1-W501.1,"PROFIBUS 2x0,64",H05V-K,RD,"0,65",10 m,=V01+K1.B1-A13:-X1:A,=V01+S4-M1.11:A1,,,,,,,,
1636,=V01+I1-W501.1,"PROFIBUS 2x0,64",,SH,,,=V01+K1.B1-A13:-X1:CASE,=V01+S4-M1.11:CASE,,,,,,,,
1637,=V01+S1-W501.2,"PROFIBUS 2x0,64",,SH,,,=V01+S4-M1.11:CASE,=V01+S4-M1.12:CASE,,,,,,,,
1638,=V01+S1-W501.2,"PROFIBUS 2x0,64",MTW,RD,"0,65",5 m,=V01+S4-M1.11:B2,=V01+S4-M1.12:B1,,,,,,,,
1639,=V01+S1-W501.2,"PROFIBUS 2x0,64",MTW,GN,"0,65",5 m,=V01+S4-M1.11:A2,=V01+S4-M1.12:A1,,,,,,,,
1640,=V01+S1-W501.3,"PROFIBUS 2x0,64",H05V-K,GN,"0,65",5 m,=V01+S4-M1.13:A1,=V01+S4-M1.12:A2,,,,,,,,
1641,=V01+S1-W501.3,"PROFIBUS 2x0,64",H05V-K,RD,"0,65",1 m,=V01+S4-M1.13:B1,=V01+S4-M1.12:B2,,,,,,,,
1642,=V01+S1-W501.3,"PROFIBUS 2x0,64",,SH,,,=V01+S4-M1.13:CASE,=V01+S4-M1.12:CASE,,,,,,,,
1643,=+,,H05V-K,BU,"0,75",,=A02+K1.B1-X22-X22.3F:1,=V01+K1.B1-W6(-P1):X1:2,,,,,,,,
1644,=V01+I1-W306,"Sensorkabel 4x0,25 mm²",,BN,0.25,,=V01+S1-B10:X1.1,=A02+K1.B1-X22-X22.3M:1,,,,,,,,
1645,=+,,H05V-K,BU,"0,5",,=A02+K1.B1-X22-X22.3F:2,=V01+K1.B1-A3:6,,,,,,,,
1646,=V01+I1-W306,"Sensorkabel 4x0,25 mm²",,BK,0.25,,=V01+S1-B10:X1.4,=A02+K1.B1-X22-X22.3M:2,,,,,,,,
1647,=+,,H05V-K,BU,"0,75",,=A02+K1.B1-X22-X22.3F:3,=V01+K1.B1-W6(-P2):X1:2,,,,,,,,
1648,=V01+I1-W306,"Sensorkabel 4x0,25 mm²",,BU,0.25,,=V01+S1-B10:X1.3,=A02+K1.B1-X22-X22.3M:3,,,,,,,,
1649,=+,,H05V-K,BU,"0,5",,=A02+K1.B1-X22-X22.3F:4,=V01+K1.B1-W6(-P1):X1:4,,,,,,,,
1650,=V01+I1-W316,"Sensorkabel 4x0,25 mm²",,BN,0.25,,=V01+S1-B11:X1.1,=A02+K1.B1-X22-X22.3M:4,,,,,,,,
1651,=+,,H05V-K,BU,"0,5",,=A02+K1.B1-X22-X22.3F:5,=V01+K1.B1-A3:9,,,,,,,,
1652,=V01+I1-W316,"Sensorkabel 4x0,25 mm²",,BK,0.25,,=V01+S1-B11:X1.4,=A02+K1.B1-X22-X22.3M:5,,,,,,,,
1653,=+,,H05V-K,BU,"0,5",,=A02+K1.B1-X22-X22.3F:6,=V01+K1.B1-W6(-P2):X1:4,,,,,,,,
1654,=V01+I1-W316,"Sensorkabel 4x0,25 mm²",,BU,0.25,,=V01+S1-B11:X1.3,=A02+K1.B1-X22-X22.3M:6,,,,,,,,
1655,=+,,H05V-K,BU,"0,5",,=A02+K1.B1-X22-X22.3F:7,=V01+K1.B1-W6(-P1):X1:4,,,,,,,,
1656,=V01+I1-W326,"Sensorkabel 4x0,25 mm²",,BN,0.25,,=V01+S1-B12:X1.1,=A02+K1.B1-X22-X22.3M:7,,,,,,,,
1657,=+,,H05V-K,BU,"0,5",,=A02+K1.B1-X22-X22.3F:8,=V01+K1.B1-A5:3,,,,,,,,
1658,=V01+I1-W326,"Sensorkabel 4x0,25 mm²",,BK,0.25,,=V01+S1-B12:X1.4,=A02+K1.B1-X22-X22.3M:8,,,,,,,,
1659,=+,,H05V-K,BU,"0,5",,=A02+K1.B1-X22-X22.3F:9,=V01+K1.B1-W6(-P2):X1:4,,,,,,,,
1660,=V01+I1-W326,"Sensorkabel 4x0,25 mm²",,BU,0.25,,=V01+S1-B12:X1.3,=A02+K1.B1-X22-X22.3M:9,,,,,,,,
1661,=+,,,,,,=V01+K1.D2-X16:1,=V01+K1.D2-X16:1,,,,,,,,
1662,=V01+I1-W120,H07RN-F 4x4 mm²,,BN,4,10 m,=V01+K1.D2-X16:1,=V01+S3-M4.2:L1,,,,,,,,
1663,=+,,H07V-K,BK,4,,=V01+K1.H2-Q4:T1,=V01+K1.D2-X16:1,,,,,,,,
1664,=+,,H05V-K,direkt verbunden,"0,5",,=A02+K1.H2-W1:1L1,=V01+K1.H2-Q4:L1,,,,,,,,
1665,=+,,,,,,=V01+K1.D2-X16:2,=V01+K1.D2-X16:2,,,,,,,,
1666,=V01+I1-W120,H07RN-F 4x4 mm²,,BK,4,10 m,=V01+K1.D2-X16:2,=V01+S3-M4.2:L2,,,,,,,,
1667,=+,,H07V-K,BK,4,,=V01+K1.H2-Q4:T2,=V01+K1.D2-X16:2,,,,,,,,
1668,=+,,H05V-K,direkt verbunden,"0,5",,=A02+K1.H2-W1:1L2,=V01+K1.H2-Q4:L2,,,,,,,,
1669,=+,,,,,,=V01+K1.D2-X16:3,=V01+K1.D2-X16:3,,,,,,,,
1670,=V01+I1-W120,H07RN-F 4x4 mm²,,GY,4,10 m,=V01+K1.D2-X16:3,=V01+S3-M4.2:L3,,,,,,,,
1671,=+,,H07V-K,BK,4,,=V01+K1.H2-Q4:T3,=V01+K1.D2-X16:3,,,,,,,,
1672,=+,,H05V-K,direkt verbunden,"0,5",,=A02+K1.H2-W1:1L3,=V01+K1.H2-Q4:L3,,,,,,,,
1673,=V01+I1-W120,H07RN-F 4x4 mm²,,GNYE,4,10 m,=V01+K1.D2-X16:PE,=V01+S3-M4.2:PE,,,,,,,,
1674,=+,,,,,,=V01+K1.D2-X16:PE,=V01+K1.D2-X16:PE,,,,,,,,
1675,=+,,H07V-K,GNYE,4,,=A02+K1.H2-X6:PE:2,=V01+K1.D2-X16:PE,,,,,,,,
1676,=V01+I1-W422,M06-1CAV 2x0.25,,BK,"0,25",,=V01+K1.B1-A8:1,=V01+S1-B3:1,,,,,,,,
1677,=V01+I1-W422,M06-1CAV 2x0.25,,WH,"0,25",,=V01+S1-B3:2,=V01+K1.B1-A8:5,,,,,,,,
1678,=V01+I1-W221,UNITRONIC® LiYCY (TP) 8x0.5,,WH,"0,5",10 m,=A02+K1.B1-X22-X22.4M:1,=V01+S3-M4.2:X1.1,,,,,,,,
1679,=+,,H05V-K,RD,"0,5",,=V01+K1.B1-K4:11,=A02+K1.B1-X22-X22.4F:1,,,,,,,,
1680,=+,,H05V-K,RD,"0,5",,=V01+K1.B1-K4:14,=A02+K1.B1-X22-X22.4F:2,,,,,,,,
1681,=+,,H05V-K,BU,"0,5",,=V01+K1.B1-K4:A2,=V01+K1.B1-W5(-P2):P2:2,,,,,,,,
1682,=+,,H05V-K,BU,"0,5",,=V01+K1.B1-A1:5,=V01+K1.B1-K4:A1,,,,,,,,
1683,=V01+I1-W221,UNITRONIC® LiYCY (TP) 8x0.5,,BN,"0,5",10 m,=A02+K1.B1-X22-X22.4M:2,=V01+S3-M4.2:X1.2,,,,,,,,
1684,=V01+I1-W221,UNITRONIC® LiYCY (TP) 8x0.5,,GN,"0,5",10 m,=A02+K1.B1-X22-X22.4M:3,=V01+S3-M4.2:X1.12,,,,,,,,
1685,=+,,H05V-K,RD,"0,5",,=V01+K1.B1-K5:11,=A02+K1.B1-X22-X22.4F:3,,,,,,,,
1686,=+,,H05V-K,RD,"0,5",,=V01+K1.B1-K5:14,=V01+K1.B1-K6:14,,,,,,,,
1687,=+,,H05V-K,RD,"0,5",,=V01+K1.B1-K6:14,=V01+K1.B1-K7:A2,,,,,,,,
1688,=+,,H05V-K,RD,"0,5",,=V01+K1.B1-K7:A2,=A02+K1.B1-X22-X22.4F:5,,,,,,,,
1689,=+,,H05V-K,BU,"0,5",,=V01+K1.B1-K5:A2,=V01+K1.B1-W5(-P2):P2:2,,,,,,,,
1690,=+,,H05V-K,BU,"0,5",,=V01+K1.B1-A2:1,=V01+K1.B1-K5:A1,,,,,,,,
1691,=V01+I1-W221,UNITRONIC® LiYCY (TP) 8x0.5,,YE,"0,5",10 m,=A02+K1.B1-X22-X22.4M:4,=V01+S3-M4.2:X1.11,,,,,,,,
1692,=+,,H05V-K,RD,"0,5",,=V01+K1.B1-K6:11,=A02+K1.B1-X22-X22.4F:4,,,,,,,,
1693,=+,,H05V-K,BU,"0,5",,=V01+K1.B1-K6:A2,=V01+K1.B1-W5(-P2):P2:2,,,,,,,,
1694,=+,,H05V-K,BU,"0,5",,=V01+K1.B1-A2:2,=V01+K1.B1-K6:A1,,,,,,,,
1695,=V01+I1-W221,UNITRONIC® LiYCY (TP) 8x0.5,,GY,"0,5",10 m,=A02+K1.B1-X22-X22.4M:5,=V01+S3-M4.2:X1.10,,,,,,,,
1696,=+,,H05V-K,RD,"0,5",,=V01+K1.B1-K7:A1,=V01+K1.B1-K8:A1,,,,,,,,
1697,=+,,H05V-K,RD,"0,5",,=V01+K1.B1-K8:A1,=A02+K1.B1-X22-X22.4F:7,,,,,,,,
1698,=+,,H05V-K,BU,"0,5",,=V01+K1.B1-K7:11,=V01+K1.B1-A3:10,,,,,,,,
1699,=+,,H05V-K,BU,"0,5",,=V01+K1.B1-W5(-P1):P1,=V01+K1.B1-K7:14,,,,,,,,
1700,=V01+I1-W221,UNITRONIC® LiYCY (TP) 8x0.5,,PK,"0,5",10 m,=A02+K1.B1-X22-X22.4M:6,=V01+S3-M4.2:X1.13,,,,,,,,
1701,=+,,H05V-K,RD,"0,5",,=V01+K1.B1-K8:A2,=A02+K1.B1-X22-X22.4F:6,,,,,,,,
1702,=V01+I1-W221,UNITRONIC® LiYCY (TP) 8x0.5,,RD,"0,5",10 m,=A02+K1.B1-X22-X22.4M:7,=V01+S3-M4.2:X1.5,,,,,,,,
1703,=+,,H05V-K,BU,"0,5",,=V01+K1.B1-K8:11,=V01+K1.B1-A3:11,,,,,,,,
1704,=+,,H05V-K,BU,"0,5",,=V01+K1.B1-W5(-P1):P1,=V01+K1.B1-K8:14,,,,,,,,
1705,=V01+I1-W221,UNITRONIC® LiYCY (TP) 8x0.5,,,,,=V01+I1-W221,=A02+K1.B1-X22-X22.4M:8,,,,,,,,
1706,=+,,H05V-K,BU,"0,5",,=A02+K1.H2-X6:PE:2,=A02+K1.B1-X22-X22.4F:8,,,,,,,,
1707,=+,,H05V-K,BU,"0,5",,=A02+K1.B1-X22-X22.4F:9,=V01+K1.B1-W6(-P1):P1,,,,,,,,
1708,=V01+I1-W439,Meßleitung 8x0.15,,WHOG,"0,15",,=A02+K1.B1-X22-X22.4M:9,=V01+S1-B1.1:1,,,,,,,,
1709,=V01+I1-W439,Meßleitung 8x0.15,H05V-K,BU,"0,75",,=V01+K1.B1-W6(-P2):P2,=A02+K1.B1-X22-X22.4F:10,,,,,,,,
1710,=V01+I1-W439,Meßleitung 8x0.15,,OG,"0,15",,=A02+K1.B1-X22-X22.4M:10,=V01+S1-B1.1:2,,,,,,,,
1711,=V01+K1-W440,UNITRONIC® LiYCY 2x0.5 mm²,,WH,"0,5",2 m,=A02+K1.B1-X22-X22.4F:11,=V01+K1.B1-A6:1,,,,,,,,
1712,=V01+I1-W439,Meßleitung 8x0.15,,WHGN,"0,15",,=A02+K1.B1-X22-X22.4M:11,=V01+S1-B1.1:3,,,,,,,,
1713,=V01+K1-W440,UNITRONIC® LiYCY 2x0.5 mm²,,BN,"0,5",2 m,=A02+K1.B1-X22-X22.4F:12,=V01+K1.B1-A6:2,,,,,,,,
1714,=V01+I1-W439,Meßleitung 8x0.15,,WHBU,"0,15",,=A02+K1.B1-X22-X22.4M:12,=V01+S1-B1.1:5,,,,,,,,
1715,=V01+K1-W440,UNITRONIC® LiYCY 2x0.5 mm²,,Schirm,,,=V01+K1-W440:Schirm,=A02+K1.B1-W11:SE,,,,,,,,
1716,=+,,H05V-K,BU,"0,5",,=A02+K1.B1-X22-X22.4F:13,=V01+K1.B1-A3:12,,,,,,,,
1717,=V01+I1-W439,Meßleitung 8x0.15,,WHBN,"0,15",,=A02+K1.B1-X22-X22.4M:13,=V01+S1-B1.1:7,,,,,,,,
1718,=+,,H05V-K,BU,"0,5",,=A02+K1.B1-X22-X22.4F:14,=V01+K1.B1-W6(-P1):P1,,,,,,,,
1719,=V01+I1-W439,Meßleitung 8x0.15,,BN,"0,15",,=A02+K1.B1-X22-X22.4M:14,=V01+S1-B1.1:8,,,,,,,,
1720,=V01+I1-W439,Meßleitung 8x0.15,,Schirm,"0,00",,=A02+K1.B1-W10:SE,=V01+S1-B1.1:SE,,,,,,,,
1721,=+,,H05V-K,BU,"0,5",,=A02+K1.B1-X22-X22.5F:1,=V01+K1.B1-W6(-P1):P1,,,,,,,,
1722,=V01+I1-W441.1,"Meßleitung 8x0,15",,WHOG,"0,15",,=A02+K1.B1-X22-X22.5M:1,=V01+S1-B2.1:1,,,,,,,,
1723,=+,,H05V-K,BU,"0,75",,=V01+K1.B1-W6(-P2):P2,=A02+K1.B1-X22-X22.5F:2,,,,,,,,
1724,=V01+I1-W441.1,"Meßleitung 8x0,15",,OG,"0,15",,=A02+K1.B1-X22-X22.5M:2,=V01+S1-B2.1:2,,,,,,,,
1725,=V01+K1-W442.1,"UNITRONIC® LiYCY 2x0,5 mm²",,WH,"0,5",2 m,=A02+K1.B1-X22-X22.5F:3,=V01+K1.B1-A6:5,,,,,,,,
1726,=V01+I1-W441.1,"Meßleitung 8x0,15",,WHGN,"0,15",,=A02+K1.B1-X22-X22.5M:3,=V01+S1-B2.1:3,,,,,,,,
1727,=V01+K1-W442.1,"UNITRONIC® LiYCY 2x0,5 mm²",,BN,"0,5",2 m,=A02+K1.B1-X22-X22.5F:4,=V01+K1.B1-A6:6,,,,,,,,
1728,=V01+I1-W441.1,"Meßleitung 8x0,15",,WHBU,"0,15",,=A02+K1.B1-X22-X22.5M:4,=V01+S1-B2.1:5,,,,,,,,
1729,=V01+K1-W444,"UNITRONIC® LiYCY 2x0,5 mm²",,Schirm,"0,00",,=V01+K1-W442.1:Schirm,=A02+K1.B1-W11:SE,,,,,,,,
1730,=V01+I1-W441.1,"Meßleitung 8x0,15",,Schirm,"0,00",,=A02+K1.B1-W10:SE,=V01+S1-B2.1:SE,,,,,,,,
1731,=+,,H05V-K,BU,"0,5",,=A02+K1.B1-X22-X22.5F:5,=V01+K1.B1-W6(-P1):P1,,,,,,,,
1732,=V01+I1-W441.2,"Meßleitung 8x0,15",,WHOG,"0,15",,=A02+K1.B1-X22-X22.5M:5,=V01+S1-B2.2:1,,,,,,,,
1733,=+,,H05V-K,BU,"0,5",,=A02+K1.B1-X22-X22.5F:6,=V01+K1.B1-W6(-P2):P2,,,,,,,,
1734,=V01+I1-W441.2,"Meßleitung 8x0,15",,OG,"0,15",,=A02+K1.B1-X22-X22.5M:6,=V01+S1-B2.2:2,,,,,,,,
1735,=V01+K1-W442.2,UNITRONIC® LiYCY 2x0.5 mm²,,WH,"0,5",2 m,=A02+K1.B1-X22-X22.5F:7,=V01+K1.B1-A6:3,,,,,,,,
1736,=V01+I1-W441.2,"Meßleitung 8x0,15",,WHGN,"0,15",,=A02+K1.B1-X22-X22.5M:7,=V01+S1-B2.2:3,,,,,,,,
1737,=V01+K1-W442.2,UNITRONIC® LiYCY 2x0.5 mm²,,BN,"0,5",2 m,=A02+K1.B1-X22-X22.5F:8,=V01+K1.B1-A6:4,,,,,,,,
1738,=V01+I1-W441.2,"Meßleitung 8x0,15",,WHBU,"0,15",,=A02+K1.B1-X22-X22.5M:8,=V01+S1-B2.2:5,,,,,,,,
1739,=V01+K1-W444,"UNITRONIC® LiYCY 2x0,5 mm²",,Schirm,"0,00",,=V01+K1-W442.2:Schirm,=A02+K1.B1-W11:SE,,,,,,,,
1740,=V01+I1-W441.2,"Meßleitung 8x0,15",,Schirm,"0,00",,=A02+K1.B1-W10:SE,=V01+S1-B2.2:SE,,,,,,,,
1741,=+,,H05V-K,BU,"0,5",,=A02+K1.B1-X22-X22.5F:9,=V01+K1.B1-W6(-P1):P1,,,,,,,,
1742,=V01+I1-W441.3,"Meßleitung 8x0,15",,WHOG,"0,15",,=A02+K1.B1-X22-X22.5M:9,=V01+S1-B2.3:1,,,,,,,,
1743,=+,,H05V-K,BU,"0,5",,=A02+K1.B1-X22-X22.5F:10,=V01+K1.B1-W6(-P2):P2,,,,,,,,
1744,=V01+I1-W441.3,"Meßleitung 8x0,15",,OG,"0,15",,=A02+K1.B1-X22-X22.5M:10,=V01+S1-B2.3:2,,,,,,,,
1745,=V01+K1-W442.3,UNITRONIC® LiYCY 2x0.5 mm²,,WH,"0,5",2 m,=A02+K1.B1-X22-X22.5F:11,=V01+K1.B1-A6:7,,,,,,,,
1746,=V01+I1-W441.3,"Meßleitung 8x0,15",,WHGN,"0,15",,=A02+K1.B1-X22-X22.5M:11,=V01+S1-B2.3:3,,,,,,,,
1747,=V01+K1-W442.3,UNITRONIC® LiYCY 2x0.5 mm²,,BN,"0,5",2 m,=A02+K1.B1-X22-X22.5F:12,=V01+K1.B1-A6:8,,,,,,,,
1748,=V01+I1-W441.3,"Meßleitung 8x0,15",,WHBU,"0,15",,=A02+K1.B1-X22-X22.5M:12,=V01+S1-B2.3:5,,,,,,,,
1749,=V01+K1-W444,"UNITRONIC® LiYCY 2x0,5 mm²",,Schirm,"0,00",,=V01+K1-W442.3:Schirm,=A02+K1.B1-W11:SE,,,,,,,,
1750,=V01+I1-W441.2,"Meßleitung 8x0,15",,Schirm,"0,00",,=A02+K1.B1-W10:SE,=V01+S1-B2.3:SE,,,,,,,,
1751,=+,,H05V-K,BU,"0,5",,=A02+K1.B1-X22-X22.6F:1,=V01+K1.B1-W6(-P1):P1,,,,,,,,
1752,=V01+I1-W443.1,Meßleitung 8x0.15,,WHOG,"0,15",,=A02+K1.B1-X22-X22.6M:1,=V01+S1-B3.1:1,,,,,,,,
1753,=V01+I1-W443.1,Meßleitung 8x0.15,H05V-K,BU,"0,75",,=V01+K1.B1-W6(-P2):P2,=A02+K1.B1-X22-X22.6F:2,,,,,,,,
1754,=V01+I1-W443.1,Meßleitung 8x0.15,,OG,"0,15",,=A02+K1.B1-X22-X22.6M:2,=V01+S1-B3.1:2,,,,,,,,
1755,=V01+K1-W444,"UNITRONIC® LiYCY 2x0,5 mm²",,WH,"0,5",2 m,=A02+K1.B1-X22-X22.6F:3,=V01+K1.B1-A7:1,,,,,,,,
1756,=V01+I1-W443.1,Meßleitung 8x0.15,,WHGN,"0,15",,=A02+K1.B1-X22-X22.6M:3,=V01+S1-B3.1:3,,,,,,,,
1757,=V01+K1-W444,"UNITRONIC® LiYCY 2x0,5 mm²",,BN,"0,5",2 m,=A02+K1.B1-X22-X22.6F:4,=V01+K1.B1-A7:2,,,,,,,,
1758,=V01+I1-W443.1,Meßleitung 8x0.15,,WHBU,"0,15",,=A02+K1.B1-X22-X22.6M:4,=V01+S1-B3.1:5,,,,,,,,
1759,=V01+K1-W444,"UNITRONIC® LiYCY 2x0,5 mm²",,Schirm,"0,00",,=V01+K1-W444:Schirm,=A02+K1.B1-W11:SE,,,,,,,,
1760,=+,,H05V-K,BU,"0,5",,=A02+K1.B1-K21:34,=A02+K1.B1-X22-X22.6F:5,,,,,,,,
1761,=+,,H05V-K,BU,"0,5",,=A02+K1.B1-K21:34,=A02+K1.B1-X22-X22.6F:9,,,,,,,,
1762,=V01+I1-W443.1,Meßleitung 8x0.15,,WHBN,"0,15",,=A02+K1.B1-X22-X22.6M:5,=V01+S1-B3.1:7,,,,,,,,
1763,=V01+I1-W443.1,Meßleitung 8x0.15,,BN,"0,15",,=A02+K1.B1-X22-X22.6M:6,=V01+S1-B3.1:8,,,,,,,,
1764,=V01+I1-W443.1,Meßleitung 8x0.15,,Schirm,"0,00",,=A02+K1.B1-W10:SE,=V01+S1-B3.1:SE,,,,,,,,
1765,=V01+I1-W443.2,Meßleitung 8x0.15,H05V-K,BU,"0,75",,=V01+K1.B1-W6(-P1):P1,=A02+K1.B1-X22-X22.6F:7,,,,,,,,
1766,=V01+I1-W443.2,Meßleitung 8x0.15,,WHOG,"0,15",,=A02+K1.B1-X22-X22.6M:7,=V01+S1-B3.2:1,,,,,,,,
1767,=+,,H05V-K,BU,"0,5",,=A02+K1.B1-X22-X22.6F:8,=V01+K1.B1-W6(-P2):P2,,,,,,,,
1768,=V01+I1-W443.2,Meßleitung 8x0.15,,OG,"0,15",,=A02+K1.B1-X22-X22.6M:8,=V01+S1-B3.2:2,,,,,,,,
1769,=V01+I1-W443.2,Meßleitung 8x0.15,,GN,"0,15",,=A02+K1.B1-X22-X22.6M:9,=V01+S1-B3.2:6,,,,,,,,
1770,=V01+I1-W443.2,Meßleitung 8x0.15,,BN,"0,15",,=A02+K1.B1-X22-X22.6M:10,=V01+S1-B3.2:8,,,,,,,,
1771,=V01+I1-W443.2,Meßleitung 8x0.15,,Schirm,"0,00",,=A02+K1.B1-W10:SE,=V01+S1-B3.2:SE,,,,,,,,
1772,=V01+I1-W445,,,Schirm,,,,,,,,,,,,
1773,=V01+K1-W448,UNITRONIC® LiYCY 2x0.5 mm²,,WH,"0,5",2 m,=A02+K1.B1-X23-X23.1F:1,=V01+K1.B1-A7:5,,,,,,,,
1774,=V01+I1-W447,"UNITRONIC® LiYCY 10x0,25 mm²",,GN,"0,25",,=V01+S1-B5.2:3,=A02+K1.B1-X23-X23.1M:1,,,,,,,,
1775,=V01+K1-W448,UNITRONIC® LiYCY 2x0.5 mm²,,BN,"0,5",2 m,=A02+K1.B1-X23-X23.1F:2,=V01+K1.B1-A7:6,,,,,,,,
1776,=V01+I1-W447,"UNITRONIC® LiYCY 10x0,25 mm²",,BU,"0,25",,=V01+S1-B5.2:7,=A02+K1.B1-X23-X23.1M:2,,,,,,,,
1777,=+,,,,,,=+,=A02+K1.B1-W11:SE,,,,,,,,
1778,=+,,H05V-K,BU,"0,5",,=V01+K1.B1-K35:11,=V01+K1.B1-W6(-P2):X1:5,,,,,,,,
1779,=+,,H05V-K,BU,"0,5",,=A02+K1.B1-X23-X23.1F:3,=V01+K1.B1-K35:14,,,,,,,,
1780,=V01+I1-W447,"UNITRONIC® LiYCY 10x0,25 mm²",,WH,"0,25",,=V01+S1-B5.2:1,=A02+K1.B1-X23-X23.1M:3,,,,,,,,
1781,=+,,H05V-K,BU,"0,5",,=V01+K1.B1-K36:11,=V01+K1.B1-W6(-P2):X1:6,,,,,,,,
1782,=+,,H05V-K,BU,"0,5",,=A02+K1.B1-X23-X23.1F:4,=V01+K1.B1-K36:14,,,,,,,,
1783,=V01+I1-W447,"UNITRONIC® LiYCY 10x0,25 mm²",,PK,"0,25",,=V01+S1-B5.2:6,=A02+K1.B1-X23-X23.1M:4,,,,,,,,
1784,=+,,H05V-K,BU,"0,5",,=V01+K1.B1-K37:11,=V01+K1.B1-W6(-P2):X1:7,,,,,,,,
1785,=+,,H05V-K,BU,"0,5",,=A02+K1.B1-X23-X23.1F:5,=V01+K1.B1-K37:14,,,,,,,,
1786,=V01+I1-W447,"UNITRONIC® LiYCY 10x0,25 mm²",,RD,"0,25",,=V01+S1-B5.2:8,=A02+K1.B1-X23-X23.1M:5,,,,,,,,
1787,=+,,H05V-K,BU,"0,5",,=A02+K1.B1-X23-X23.1F:6,=V01+K1.B1-W6(-P2):X1:8,,,,,,,,
1788,=V01+I1-W447,"UNITRONIC® LiYCY 10x0,25 mm²",,BN,"0,25",,=V01+S1-B5.2:2,=A02+K1.B1-X23-X23.1M:6,,,,,,,,
1789,=+,,H05V-K,BU,"0,5",,=V01+K1.B1-K38:A1,=V01+K1.B1-W6(-P1):X1:6,,,,,,,,
1790,=+,,H05V-K,BU,"0,5",,=A02+K1.B1-X23-X23.1F:7,=V01+K1.B1-K38:A2,,,,,,,,
1791,=V01+I1-W447,"UNITRONIC® LiYCY 10x0,25 mm²",,BK,"0,25",,=V01+S1-B5.2:9,=A02+K1.B1-X23-X23.1M:7,,,,,,,,
1792,=+,,H05V-K,BU,"0,5",,=V01+K1.B1-K39:A1,=V01+K1.B1-W6(-P1):X1:7,,,,,,,,
1793,=+,,H05V-K,BU,"0,5",,=A02+K1.B1-X23-X23.1F:8,=V01+K1.B1-K39:A2,,,,,,,,
1794,=V01+I1-W447,"UNITRONIC® LiYCY 10x0,25 mm²",,GY,"0,25",,=V01+S1-B5.2:5,=A02+K1.B1-X23-X23.1M:8,,,,,,,,
1795,=+,,H05V-K,BU,"0,5",,=A02+K1.B1-X23-X23.1F:9,=V01+K1.B1-W6(-P1):X1:8,,,,,,,,
1796,=V01+I1-W447,"UNITRONIC® LiYCY 10x0,25 mm²",,YE,"0,25",,=V01+S1-B5.2:4,=A02+K1.B1-X23-X23.1M:9,,,,,,,,
1797,=V01+I1-W447,"UNITRONIC® LiYCY 10x0,25 mm²",,,,,=V01+I1-W447,=V01+S1-B5.2:CASE,,,,,,,,
1798,=+,,H05V-K,BU,"0,5",,=V01+K1.B1-K35:A2,=V01+K1.B1-W5(-P2):X1:7,,,,,,,,
1799,=+,,H05V-K,BU,"0,5",,=V01+K1.B1-A1:6,=V01+K1.B1-K35:A1,,,,,,,,
1800,=+,,H05V-K,BU,"0,5",,=V01+K1.B1-K38:11,=V01+K1.B1-A3:15,,,,,,,,
1801,=+,,H05V-K,BU,"0,5",,=V01+K1.B1-W5(-P1):X1:3,=V01+K1.B1-K38:14,,,,,,,,
1802,=+,,H05V-K,BU,"0,5",,=V01+K1.B1-K36:A2,=V01+K1.B1-W5(-P2):X1:8,,,,,,,,
1803,=+,,H05V-K,BU,"0,5",,=V01+K1.B1-A1:7,=V01+K1.B1-K36:A1,,,,,,,,
1804,=+,,H05V-K,BU,"0,5",,=V01+K1.B1-K39:11,=V01+K1.B1-A3:16,,,,,,,,
1805,=+,,H05V-K,BU,"0,5",,=V01+K1.B1-W5(-P1):X1:4,=V01+K1.B1-K39:14,,,,,,,,
1806,=+,,H05V-K,BU,"0,5",,=V01+K1.B1-K37:A2,=V01+K1.B1-W5(-P2):X2:1,,,,,,,,
1807,=+,,H05V-K,BU,"0,5",,=V01+K1.B1-A1:8,=V01+K1.B1-K37:A1,,,,,,,,
1808,=+,,H05V-K,BU,"0,75",,=A02+K1.B1-X22-X22.6F:12,=V01+K1.B1-W6(-P2):P2,,,,,,,,
1809,=V01+I1-W349,"ÖLFLEX® CLASSIC 110 3x0,5 mm²",,2,0.5,10 m,=V01+S1-Y6.7:2,=A02+K1.B1-X22-X22.6M:12,,,,,,,,
1810,=V01+I1-W349,"ÖLFLEX® CLASSIC 110 3x0,5 mm²",,1,0.5,8 m,=A02+K1.B1-X22-X22.6M:11,=V01+S1-Y6.7:1,,,,,,,,
1811,=+,,H05V-K,BU,"0,5",,=V01+K1.B1-A2:3,=A02+K1.B1-X22-X22.6F:11,,,,,,,,
1812,=V01+I1-W349,"ÖLFLEX® CLASSIC 110 3x0,5 mm²",,GNYE,0.5,8 m,=A02+K1.B1-X22-X22.6M:13,=V01+S1-Y6.7:PE,,,,,,,,
1813,=+,,H05V-K,BU,"0,5",,=A02+K1.B1-X23-X23.2F:2,=V01+K1.B1-W6(-P2):P2,,,,,,,,
1814,=V01+I1-W351.1,"ÖLFLEX® CLASSIC 110 3x0,5 mm²",,2,0.5,5 m,=V01+S1-Y1.11:2,=A02+K1.B1-X23-X23.2M:2,,,,,,,,
1815,=V01+I1-W351.1,"ÖLFLEX® CLASSIC 110 3x0,5 mm²",,1,0.5,8 m,=A02+K1.B1-X23-X23.2M:1,=V01+S1-Y1.11:1,,,,,,,,
1816,=+,,H05V-K,BU,"0,5",,=V01+K1.B1-A2:4,=A02+K1.B1-X23-X23.2F:1,,,,,,,,
1817,=V01+I1-W351.1,"ÖLFLEX® CLASSIC 110 3x0,5 mm²",,GNYE,0.5,8 m,=A02+K1.B1-X23-X23.2M:3,=V01+S1-Y1.11:PE,,,,,,,,
1818,=+,,H05V-K,BU,"0,5",,=A02+K1.B1-X23-X23.2F:5,=V01+K1.B1-A4:1,,,,,,,,
1819,=V01+I1-W353.1,"UNITRONIC® LiYCY 2x0,5 mm²",,BN,"0,5",5 m,=V01+S1-S2.1:BU,=A02+K1.B1-X23-X23.2M:5,,,,,,,,
1820,=V01+I1-W353.1,"UNITRONIC® LiYCY 2x0,5 mm²",,WH,"0,5",5 m,=A02+K1.B1-X23-X23.2M:4,=V01+S1-S2.1:BN,,,,,,,,
1821,=+,,H05V-K,BU,"0,75",,=V01+K1.B1-W6(-P1):P1,=A02+K1.B1-X23-X23.2F:4,,,,,,,,
1822,=+,,H05V-K,BU,"0,5",,=A02+K1.B1-X23-X23.2F:7,=V01+K1.B1-A4:2,,,,,,,,
1823,=V01+I1-W354.1,"UNITRONIC® LiYCY 2x0,5 mm²",,BN,"0,5",5 m,=V01+S1-S3.1:BU,=A02+K1.B1-X23-X23.2M:7,,,,,,,,
1824,=V01+I1-W354.1,"UNITRONIC® LiYCY 2x0,5 mm²",,WH,"0,5",5 m,=A02+K1.B1-X23-X23.2M:6,=V01+S1-S3.1:BN,,,,,,,,
1825,=+,,H05V-K,BU,"0,5",,=V01+K1.B1-W6(-P1):P1,=A02+K1.B1-X23-X23.2F:6,,,,,,,,
1826,=+,,H05V-K,BU,"0,5",,=A02+K1.B1-X23-X23.2F:9,=V01+K1.B1-W6(-P2):P2,,,,,,,,
1827,=V01+I1-W351.2,"ÖLFLEX® CLASSIC 110 3x0,5 mm²",,2,0.5,5 m,=V01+S1-Y1.12:2,=A02+K1.B1-X23-X23.2M:9,,,,,,,,
1828,=V01+I1-W351.2,"ÖLFLEX® CLASSIC 110 3x0,5 mm²",,1,0.5,5 m,=A02+K1.B1-X23-X23.2M:8,=V01+S1-Y1.12:1,,,,,,,,
1829,=+,,H05V-K,BU,"0,5",,=V01+K1.B1-A2:5,=A02+K1.B1-X23-X23.2F:8,,,,,,,,
1830,=V01+I1-W351.2,"ÖLFLEX® CLASSIC 110 3x0,5 mm²",,GNYE,0.5,5 m,=A02+K1.B1-X23-X23.2M:10,=V01+S1-Y1.12:PE,,,,,,,,
1831,=+,,H05V-K,BU,"0,5",,=A02+K1.B1-X23-X23.2F:12,=V01+K1.B1-A4:3,,,,,,,,
1832,=V01+I1-W353.2,"UNITRONIC® LiYCY 2x0,5 mm²",,BN,"0,5",5 m,=V01+S1-S2.2:BU,=A02+K1.B1-X23-X23.2M:12,,,,,,,,
1833,=V01+I1-W353.2,"UNITRONIC® LiYCY 2x0,5 mm²",,WH,"0,5",5 m,=A02+K1.B1-X23-X23.2M:11,=V01+S1-S2.2:BN,,,,,,,,
1834,=+,,H05V-K,BU,"0,75",,=V01+K1.B1-W6(-P1):P1,=A02+K1.B1-X23-X23.2F:11,,,,,,,,
1835,=+,,H05V-K,BU,"0,5",,=A02+K1.B1-X23-X23.2F:14,=V01+K1.B1-A4:4,,,,,,,,
1836,=V01+I1-W354.2,"UNITRONIC® LiYCY 2x0,5 mm²",,BN,"0,5",5 m,=V01+S1-S3.2:BU,=A02+K1.B1-X23-X23.2M:14,,,,,,,,
1837,=V01+I1-W354.2,"UNITRONIC® LiYCY 2x0,5 mm²",,WH,"0,5",5 m,=A02+K1.B1-X23-X23.2M:13,=V01+S1-S3.2:BN,,,,,,,,
1838,=+,,H05V-K,BU,"0,5",,=V01+K1.B1-W6(-P1):P1,=A02+K1.B1-X23-X23.2F:13,,,,,,,,
1839,=+,,H05V-K,BU,"0,5",,=A02+K1.B1-X23-X23.3F:2,=V01+K1.B1-W6(-P2):P2,,,,,,,,
1840,=V01+I1-W351.3,"ÖLFLEX® CLASSIC 110 3x0,5 mm²",,2,0.5,5 m,=V01+S1-Y1.13:2,=A02+K1.B1-X23-X23.3M:2,,,,,,,,
1841,=V01+I1-W351.3,"ÖLFLEX® CLASSIC 110 3x0,5 mm²",,1,0.5,5 m,=A02+K1.B1-X23-X23.3M:1,=V01+S1-Y1.13:1,,,,,,,,
1842,=+,,H05V-K,BU,"0,5",,=V01+K1.B1-A2:6,=A02+K1.B1-X23-X23.3F:1,,,,,,,,
1843,=V01+I1-W351.3,"ÖLFLEX® CLASSIC 110 3x0,5 mm²",,GNYE,0.5,5 m,=A02+K1.B1-X23-X23.3M:3,=V01+S1-Y1.13:PE,,,,,,,,
1844,=+,,H05V-K,BU,"0,5",,=A02+K1.B1-X23-X23.3F:5,=V01+K1.B1-A4:5,,,,,,,,
1845,=V01+I1-W353.3,"UNITRONIC® LiYCY 2x0,5 mm²",,BN,"0,5",5 m,=V01+S1-S2.3:BU,=A02+K1.B1-X23-X23.3M:5,,,,,,,,
1846,=V01+I1-W353.3,"UNITRONIC® LiYCY 2x0,5 mm²",,WH,"0,5",5 m,=A02+K1.B1-X23-X23.3M:4,=V01+S1-S2.3:BN,,,,,,,,
1847,=+,,H05V-K,BU,"0,75",,=V01+K1.B1-W6(-P1):P1,=A02+K1.B1-X23-X23.3F:4,,,,,,,,
1848,=+,,H05V-K,BU,"0,5",,=A02+K1.B1-X23-X23.3F:7,=V01+K1.B1-A4:6,,,,,,,,
1849,=V01+I1-W354.3,"UNITRONIC® LiYCY 2x0,5 mm²",,BN,"0,5",5 m,=V01+S1-S3.3:BU,=A02+K1.B1-X23-X23.3M:7,,,,,,,,
1850,=V01+I1-W354.3,"UNITRONIC® LiYCY 2x0,5 mm²",,WH,"0,5",5 m,=A02+K1.B1-X23-X23.3M:6,=V01+S1-S3.3:BN,,,,,,,,
1851,=+,,H05V-K,BU,"0,5",,=V01+K1.B1-W6(-P1):P1,=A02+K1.B1-X23-X23.3F:6,,,,,,,,
1852,=+,,H05V-K,BU,"0,5",,=A02+K1.B1-X23-X23.3F:9,=V01+K1.B1-W6(-P2):P2,,,,,,,,
1853,=V01+I1-W355.1,"ÖLFLEX® CLASSIC 110 7x0,5 mm²",,2,"0,5",6 m,=V01+S1-Y2.11:2,=A02+K1.B1-X23-X23.3M:9,,,,,,,,
1854,=V01+I1-W355.1,"ÖLFLEX® CLASSIC 110 7x0,5 mm²",,1,"0,5",6 m,=A02+K1.B1-X23-X23.3M:8,=V01+S1-Y2.11:1,,,,,,,,
1855,=+,,H05V-K,BU,"0,5",,=V01+K1.B1-A1:10,=A02+K1.B1-X23-X23.3F:8,,,,,,,,
1856,=V01+I1-W355.1,"ÖLFLEX® CLASSIC 110 7x0,5 mm²",,GNYE,"0,5",6 m,=A02+K1.B1-X23-X23.3M:14,=V01+S1-Y2.11:PE,,,,,,,,
1857,=+,,H05V-K,BU,"0,5",,=A02+K1.B1-X23-X23.3F:11,=V01+K1.B1-A4:7,,,,,,,,
1858,=V01+I1-W355.1,"ÖLFLEX® CLASSIC 110 7x0,5 mm²",,4,"0,5",6 m,=V01+S1-Y2.11:YE,=A02+K1.B1-X23-X23.3M:11,,,,,,,,
1859,=V01+I1-W355.1,"ÖLFLEX® CLASSIC 110 7x0,5 mm²",,3,"0,5",6 m,=A02+K1.B1-X23-X23.3M:10,=V01+S1-Y2.11:RD,,,,,,,,
1860,=+,,H05V-K,BU,"0,5",,=V01+K1.B1-W6(-P1):X3:2,=A02+K1.B1-X23-X23.3F:10,,,,,,,,
1861,=+,,H05V-K,BU,"0,5",,=A02+K1.B1-X23-X23.3F:13,=V01+K1.B1-A4:8,,,,,,,,
1862,=V01+I1-W355.1,"ÖLFLEX® CLASSIC 110 7x0,5 mm²",,6,"0,5",6 m,=V01+S1-Y2.11:GN,=A02+K1.B1-X23-X23.3M:13,,,,,,,,
1863,=V01+I1-W355.1,"ÖLFLEX® CLASSIC 110 7x0,5 mm²",,5,"0,5",6 m,=A02+K1.B1-X23-X23.3M:12,=V01+S1-Y2.11,,,,,,,,
1864,=+,,H05V-K,BU,"0,5",,=A02+K1.B1-X23-X23.3F:12,=V01+K1.B1-W6(-P1):X3:3,,,,,,,,
1865,=+,,H05V-K,BU,"0,5",,=A02+K1.B1-X23-X23.4F:2,=V01+K1.B1-W6(-P2):P2,,,,,,,,
1866,=V01+I1-W355.2,"ÖLFLEX® CLASSIC 110 7x0,5 mm²",,2,"0,5",,=V01+S1-Y2.12:2,=A02+K1.B1-X23-X23.4M:2,,,,,,,,
1867,=V01+I1-W355.2,"ÖLFLEX® CLASSIC 110 7x0,5 mm²",,1,"0,5",6 m,=A02+K1.B1-X23-X23.4M:1,=V01+S1-Y2.12:1,,,,,,,,
1868,=+,,H05V-K,BU,"0,5",,=V01+K1.B1-A1:11,=A02+K1.B1-X23-X23.4F:1,,,,,,,,
1869,=V01+I1-W355.2,"ÖLFLEX® CLASSIC 110 7x0,5 mm²",,GNYE,"0,5",6 m,=A02+K1.B1-X23-X23.4M:7,=V01+S1-Y2.12:PE,,,,,,,,
1870,=+,,H05V-K,BU,"0,5",,=A02+K1.B1-X23-X23.4F:4,=V01+K1.B1-A4:9,,,,,,,,
1871,=V01+I1-W355.2,"ÖLFLEX® CLASSIC 110 7x0,5 mm²",,4,"0,5",,=V01+S1-Y2.12:YE,=A02+K1.B1-X23-X23.4M:4,,,,,,,,
1872,=V01+I1-W355.2,"ÖLFLEX® CLASSIC 110 7x0,5 mm²",,3,"0,5",6 m,=A02+K1.B1-X23-X23.4M:3,=V01+S1-Y2.12:RD,,,,,,,,
1873,=+,,H05V-K,BU,"0,5",,=V01+K1.B1-W6(-P1):X3:2,=A02+K1.B1-X23-X23.4F:3,,,,,,,,
1874,=+,,H05V-K,BU,"0,5",,=A02+K1.B1-X23-X23.4F:6,=V01+K1.B1-A4:10,,,,,,,,
1875,=V01+I1-W355.2,"ÖLFLEX® CLASSIC 110 7x0,5 mm²",,6,"0,5",,=V01+S1-Y2.12:GN,=A02+K1.B1-X23-X23.4M:6,,,,,,,,
1876,=V01+I1-W355.2,"ÖLFLEX® CLASSIC 110 7x0,5 mm²",,5,"0,5",6 m,=A02+K1.B1-X23-X23.4M:5,=V01+S1-Y2.12,,,,,,,,
1877,=+,,H05V-K,BU,"0,5",,=A02+K1.B1-X23-X23.4F:5,=V01+K1.B1-W6(-P1):X3:3,,,,,,,,
1878,=+,,H05V-K,BU,"0,5",,=A02+K1.B1-X23-X23.4F:9,=V01+K1.B1-W6(-P2):P2,,,,,,,,
1879,=V01+I1-W355.3,"ÖLFLEX® CLASSIC 110 7x0,5 mm²",,2,"0,5",,=V01+S1-Y2.13:2,=A02+K1.B1-X23-X23.4M:9,,,,,,,,
1880,=V01+I1-W355.3,"ÖLFLEX® CLASSIC 110 7x0,5 mm²",,1,"0,5",6 m,=A02+K1.B1-X23-X23.4M:8,=V01+S1-Y2.13:1,,,,,,,,
1881,=+,,H05V-K,BU,"0,5",,=V01+K1.B1-A1:12,=A02+K1.B1-X23-X23.4F:8,,,,,,,,
1882,=V01+I1-W355.3,"ÖLFLEX® CLASSIC 110 7x0,5 mm²",,GNYE,"0,5",6 m,=A02+K1.B1-X23-X23.4M:14,=V01+S1-Y2.13:PE,,,,,,,,
1883,=+,,H05V-K,BU,"0,5",,=A02+K1.B1-X23-X23.4F:11,=V01+K1.B1-A4:11,,,,,,,,
1884,=V01+I1-W355.3,"ÖLFLEX® CLASSIC 110 7x0,5 mm²",,4,"0,5",,=V01+S1-Y2.13:YE,=A02+K1.B1-X23-X23.4M:11,,,,,,,,
1885,=V01+I1-W355.3,"ÖLFLEX® CLASSIC 110 7x0,5 mm²",,3,"0,5",6 m,=A02+K1.B1-X23-X23.4M:10,=V01+S1-Y2.13:RD,,,,,,,,
1886,=+,,H05V-K,BU,"0,5",,=V01+K1.B1-W6(-P1):X3:2,=A02+K1.B1-X23-X23.4F:10,,,,,,,,
1887,=+,,H05V-K,BU,"0,5",,=A02+K1.B1-X23-X23.4F:13,=V01+K1.B1-A4:12,,,,,,,,
1888,=V01+I1-W355.3,"ÖLFLEX® CLASSIC 110 7x0,5 mm²",,6,"0,5",,=V01+S1-Y2.13:GN,=A02+K1.B1-X23-X23.4M:13,,,,,,,,
1889,=V01+I1-W355.3,"ÖLFLEX® CLASSIC 110 7x0,5 mm²",,5,"0,5",6 m,=A02+K1.B1-X23-X23.4M:12,=V01+S1-Y2.13,,,,,,,,
1890,=+,,H05V-K,BU,"0,5",,=A02+K1.B1-X23-X23.4F:12,=V01+K1.B1-W6(-P1):X3:3,,,,,,,,
1891,=+,,H05V-K,BU,"0,5",,=A02+K1.B1-X23-X23.5F:2,=V01+K1.B1-W6(-P2):P2,,,,,,,,
1892,=V01+I1-W356,"ÖLFLEX® CLASSIC 110 7x0,5 mm²",,2,"0,5",,=V01+S1-Y3.11:2,=A02+K1.B1-X23-X23.5M:2,,,,,,,,
1893,=V01+I1-W356,"ÖLFLEX® CLASSIC 110 7x0,5 mm²",,1,"0,5",6 m,=A02+K1.B1-X23-X23.5M:1,=V01+S1-Y3.11:1,,,,,,,,
1894,=+,,H05V-K,BU,"0,5",,=V01+K1.B1-A2:7,=A02+K1.B1-X23-X23.5F:1,,,,,,,,
1895,=V01+I1-W356,"ÖLFLEX® CLASSIC 110 7x0,5 mm²",,GNYE,"0,5",6 m,=A02+K1.B1-X23-X23.5M:7,=V01+S1-Y3.11:PE,,,,,,,,
1896,=+,,H05V-K,BU,"0,5",,=A02+K1.B1-X23-X23.5F:4,=V01+K1.B1-A4:13,,,,,,,,
1897,=V01+I1-W356,"ÖLFLEX® CLASSIC 110 7x0,5 mm²",,4,"0,5",,=V01+S1-Y3.11:YE,=A02+K1.B1-X23-X23.5M:4,,,,,,,,
1898,=V01+I1-W356,"ÖLFLEX® CLASSIC 110 7x0,5 mm²",,3,"0,5",6 m,=A02+K1.B1-X23-X23.5M:3,=V01+S1-Y3.11:RD,,,,,,,,
1899,=+,,H05V-K,BU,"0,5",,=V01+K1.B1-W6(-P1):X3:2,=A02+K1.B1-X23-X23.5F:3,,,,,,,,
1900,=+,,H05V-K,BU,"0,5",,=A02+K1.B1-X23-X23.5F:6,=V01+K1.B1-A4:14,,,,,,,,
1901,=V01+I1-W356,"ÖLFLEX® CLASSIC 110 7x0,5 mm²",,6,"0,5",,=V01+S1-Y3.11:GN,=A02+K1.B1-X23-X23.5M:6,,,,,,,,
1902,=V01+I1-W356,"ÖLFLEX® CLASSIC 110 7x0,5 mm²",,5,"0,5",6 m,=A02+K1.B1-X23-X23.5M:5,=V01+S1-Y3.11,,,,,,,,
1903,=+,,H05V-K,BU,"0,5",,=A02+K1.B1-X23-X23.5F:5,=V01+K1.B1-W6(-P1):X3:3,,,,,,,,
1904,=+,,H05V-K,BU,"0,5",,=A02+K1.B1-X23-X23.5F:9,=V01+K1.B1-W6(-P2):P2,,,,,,,,
1905,=V01+I1-W357,"ÖLFLEX® CLASSIC 110 7x0,5 mm²",,2,"0,5",6 m,=V01+S1-Y3.12:2,=A02+K1.B1-X23-X23.5M:9,,,,,,,,
1906,=V01+I1-W357,"ÖLFLEX® CLASSIC 110 7x0,5 mm²",,1,"0,5",6 m,=A02+K1.B1-X23-X23.5M:8,=V01+S1-Y3.12:1,,,,,,,,
1907,=+,,H05V-K,BU,"0,5",,=V01+K1.B1-A2:8,=A02+K1.B1-X23-X23.5F:8,,,,,,,,
1908,=V01+I1-W357,"ÖLFLEX® CLASSIC 110 7x0,5 mm²",,GNYE,"0,5",6 m,=A02+K1.B1-X23-X23.5M:14,=V01+S1-Y3.12:PE,,,,,,,,
1909,=+,,H05V-K,BU,"0,5",,=A02+K1.B1-X23-X23.5F:11,=V01+K1.B1-A4:15,,,,,,,,
1910,=V01+I1-W357,"ÖLFLEX® CLASSIC 110 7x0,5 mm²",,4,"0,5",6 m,=V01+S1-Y3.12:YE,=A02+K1.B1-X23-X23.5M:11,,,,,,,,
1911,=V01+I1-W357,"ÖLFLEX® CLASSIC 110 7x0,5 mm²",,3,"0,5",6 m,=A02+K1.B1-X23-X23.5M:10,=V01+S1-Y3.12:RD,,,,,,,,
1912,=+,,H05V-K,BU,"0,5",,=V01+K1.B1-W6(-P1):X3:2,=A02+K1.B1-X23-X23.5F:10,,,,,,,,
1913,=+,,H05V-K,BU,"0,5",,=A02+K1.B1-X23-X23.5F:13,=V01+K1.B1-A4:16,,,,,,,,
1914,=V01+I1-W357,"ÖLFLEX® CLASSIC 110 7x0,5 mm²",,6,"0,5",6 m,=V01+S1-Y3.12:GN,=A02+K1.B1-X23-X23.5M:13,,,,,,,,
1915,=V01+I1-W357,"ÖLFLEX® CLASSIC 110 7x0,5 mm²",,5,"0,5",6 m,=A02+K1.B1-X23-X23.5M:12,=V01+S1-Y3.12,,,,,,,,
1916,=+,,H05V-K,BU,"0,5",,=A02+K1.B1-X23-X23.5F:12,=V01+K1.B1-W6(-P1):X3:3,,,,,,,,
1917,=+,,H05V-K,BU,"0,5",,=A02+K1.B1-X23-X23.1F:11,=V01+K1.B1-W6(-P2):P2,,,,,,,,
1918,=V01+I1-W358,"ÖLFLEX® CLASSIC 110 3x0,5 mm²",,2,0.5,,=V01+S1-Y4.11:2,=A02+K1.B1-X23-X23.1M:11,,,,,,,,
1919,=V01+I1-W358,"ÖLFLEX® CLASSIC 110 3x0,5 mm²",,1,0.5,8 m,=A02+K1.B1-X23-X23.1M:10,=V01+S1-Y4.11:1,,,,,,,,
1920,=+,,H05V-K,BU,"0,5",,=A02+K1.B1-K22:24,=A02+K1.B1-X23-X23.1F:10,,,,,,,,
1921,=+,,H05V-K,BU,"0,75",,=A02+K1.B1-K22:23,=V01+K1.B1-A2:9,,,,,,,,
1922,=V01+I1-W358,"ÖLFLEX® CLASSIC 110 3x0,5 mm²",,GNYE,0.5,8 m,=A02+K1.B1-X23-X23.1M:12,=V01+S1-Y4.11:PE,,,,,,,,
1923,=+,,H05V-K,BU,"0,5",,=A02+K1.B1-X23-X23.1F:14,=V01+K1.B1-W6(-P2):P2,,,,,,,,
1924,=V01+I1-W359,"ÖLFLEX® CLASSIC 110 3x0,5 mm²",,2,0.5,,=V01+S1-Y4.12:2,=A02+K1.B1-X23-X23.1M:14,,,,,,,,
1925,=V01+I1-W359,"ÖLFLEX® CLASSIC 110 3x0,5 mm²",,1,0.5,8 m,=A02+K1.B1-X23-X23.1M:13,=V01+S1-Y4.12:1,,,,,,,,
1926,=+,,H05V-K,BU,"0,5",,=A02+K1.B1-K22:64,=A02+K1.B1-X23-X23.1F:13,,,,,,,,
1927,=+,,H05V-K,BU,"0,75",,=A02+K1.B1-K22:63,=V01+K1.B1-A2:10,,,,,,,,
1928,=V01+I1-W359,"ÖLFLEX® CLASSIC 110 3x0,5 mm²",,GNYE,0.5,8 m,=A02+K1.B1-X23-X23.1M:15,=V01+S1-Y4.12:PE,,,,,,,,
1929,=+,,H05V-K,BU,"0,5",,=A02+K1.B1-X23-X23.6F:2,=V01+K1.B1-W6(-P2):P2,,,,,,,,
1930,=V01+I1-W360,"ÖLFLEX® CLASSIC 110 7x0,5 mm²",,2,"0,5",6 m,=V01+S1-Y4.51:2,=A02+K1.B1-X23-X23.6M:2,,,,,,,,
1931,=V01+I1-W360,"ÖLFLEX® CLASSIC 110 7x0,5 mm²",,1,"0,5",6 m,=A02+K1.B1-X23-X23.6M:1,=V01+S1-Y4.51:1,,,,,,,,
1932,=+,,H05V-K,BU,"0,5",,=V01+K1.B1-A1:13,=A02+K1.B1-X23-X23.6F:1,,,,,,,,
1933,=V01+I1-W360,"ÖLFLEX® CLASSIC 110 7x0,5 mm²",,GNYE,"0,5",6 m,=A02+K1.B1-X23-X23.6M:7,=V01+S1-Y4.51:PE,,,,,,,,
1934,=+,,H05V-K,BU,"0,5",,=A02+K1.B1-X23-X23.6F:4,=V01+K1.B1-A5:1,,,,,,,,
1935,=V01+I1-W360,"ÖLFLEX® CLASSIC 110 7x0,5 mm²",,4,"0,5",6 m,=V01+S1-Y4.51:YE,=A02+K1.B1-X23-X23.6M:4,,,,,,,,
1936,=V01+I1-W360,"ÖLFLEX® CLASSIC 110 7x0,5 mm²",,3,"0,5",6 m,=A02+K1.B1-X23-X23.6M:3,=V01+S1-Y4.51:RD,,,,,,,,
1937,=+,,H05V-K,BU,"0,5",,=V01+K1.B1-W6(-P1):X3:2,=A02+K1.B1-X23-X23.6F:3,,,,,,,,
1938,=+,,H05V-K,BU,"0,5",,=A02+K1.B1-X23-X23.6F:6,=V01+K1.B1-A5:2,,,,,,,,
1939,=V01+I1-W360,"ÖLFLEX® CLASSIC 110 7x0,5 mm²",,6,"0,5",6 m,=V01+S1-Y4.51:GN,=A02+K1.B1-X23-X23.6M:6,,,,,,,,
1940,=V01+I1-W360,"ÖLFLEX® CLASSIC 110 7x0,5 mm²",,5,"0,5",6 m,=A02+K1.B1-X23-X23.6M:5,=V01+S1-Y4.51,,,,,,,,
1941,=+,,H05V-K,BU,"0,5",,=A02+K1.B1-X23-X23.6F:5,=V01+K1.B1-W6(-P1):X3:3,,,,,,,,
1942,=+,,H07V-K,BU,"1,5",,=V01+K1.B1-V1:2.1,=V01+K1.B1-W5(-P1):X1:9,,,,,,,,
1943,=+,,H07V-K,BU,4,,=A02+K1.B1-W6(-P2):X2:3,=V01+K1.B1-W5(-P2):X1:9,,,,,,,,
1944,=+,,H07V-K,BU,"1,5",,=V01+K1.B1-V2:2.1,=V01+K1.B1-W6(-P1):X1:9,,,,,,,,
1945,=+,,H07V-K,BU,4,,=A02+K1.B1-W6(-P2):X2:4,=V01+K1.B1-W6(-P2):X1:9,,,,,,,,
1946,=+,,H05V-K,BU,"0,75",,=V01+K1.B1-W5(-P1):X1:8,=A02+K1.B1-K21:44,,,,,,,,
1947,=+,,H05V-K,BU,"0,5",,=V01+K1.B1-A1.1:2,=A02+K1.B1-K21:43,,,,,,,,
1948,=+,,H05V-K,BU,"0,75",,=V01+K1.B1-W5(-P2):X2:4,=V01+K1.B1-A1.1:7,,,,,,,,
1949,=+,,H05V-K,BU,"0,5",,=V01+K1.B1-A2.1:2,=V01+K1.B1-W5(-P1):X2:1,,,,,,,,
1950,=+,,H05V-K,BU,"0,5",,=V01+K1.B1-A2.1:7,=V01+K1.B1-W5(-P2):X2:5,,,,,,,,
1951,=+,,H05V-K,BU,"0,5",,=V01+K1.B1-A5.1:2,=V01+K1.B1-W5(-P1):X2:2,,,,,,,,
1952,=+,,H05V-K,BU,"0,5",,=V01+K1.B1-A5.1:7,=V01+K1.B1-W5(-P2):X3:6,,,,,,,,
,,,,,,,,,,,,,,,,
,,,,,,,,,,,,,,,,
,,,,,,,,,,,,,,,,
,,,,,,,,,,,,,,,,
,,,,,,,,,,,,,,,,
,,,,,,,,,,,,,,,,
,,,,,,,,,,,,,,,,
,,,,,,,,,,,,,,,,
,,,,,,,,,,,,,,,,
