连接到Neo4j数据库: bolt://192.168.35.10:7687
尝试连接MySQL数据库...
MySQL连接成功
Neo4j连接测试成功: 1
已清除所有现有连接关系

Neo4j中存在 347 个V_Terminal节点

检查示例节点:

未找到节点: =A01+K1.H2-Q1:D2

未找到节点: =A01+K1.B1-K3:14

未找到节点: =Q15+K1.G1-G5:ANALOG.15

未找到节点: =S02+K1.H2-Q1:2

总共需要处理 1879 条连接记录

节点缺失: source==A01+K1.H2-Q1:D2 (False), target==A01+K1.B1-K3:14 (False)

节点缺失: source==A01+K1.H2-W0:L1 (False), target==A01+K1.H2-Q1:T1 (False)

节点缺失: source==A01+K1.H2-F0:2 (False), target==A01+K1.H2-Q1:L1 (False)

节点缺失: source==A01+K1.H2-Q1:L1 (False), target==A01+K1.H2-Q2:L1 (False)

节点缺失: source==A01+K1.H2-W0:L2 (False), target==A01+K1.H2-Q1:T2 (False)

节点缺失: source==A01+K1.H2-F0:4 (False), target==A01+K1.H2-Q1:L2 (False)

节点缺失: source==A01+K1.H2-Q1:L2 (False), target==A01+K1.H2-Q2:L2 (False)

节点缺失: source==A01+K1.H2-W0:L3 (False), target==A01+K1.H2-Q1:T3 (False)

节点缺失: source==A01+K1.H2-Q1:L3 (False), target==A01+K1.H2-F0:6 (False)

节点缺失: source==A01+K1.H2-Q1:L3 (False), target==A01+K1.H2-Q2:L3 (False)

节点缺失: source==A01+K1.H2-X1:N:2 (False), target==A01+K1.H2-X1:N:1 (False)
类似的source节点: ['=A01+K1.H2-X1:PE:3']
类似的target节点: ['=A01+K1.H2-X1:PE:3']

节点缺失: source==A01+K1.H2-X1:N:2 (False), target==A02+K1.H2-X5:N:1 (False)
类似的source节点: ['=A01+K1.H2-X1:PE:3']

节点缺失: source==A01+K1.H2-X1:PE:2 (False), target==A01+S1-W0:PE (False)
类似的source节点: ['=A01+K1.H2-X1:PE:3']

节点缺失: source==A01+K1.H2-X1:PE:4 (False), target==A02+K1.H2-W20:SE (False)
类似的source节点: ['=A01+K1.H2-X1:PE:3']

节点缺失: source==A01+K1.H2-X1:PE:2 (False), target==A02+K1.H2-X6:PE:1 (False)
类似的source节点: ['=A01+K1.H2-X1:PE:3']

节点缺失: source==A01+K1.H2-Q1:3.14 (False), target==A01+K1.H2-G1:SEC:31 (False)

节点缺失: source==A01+K1.H2-Q1:3.13 (False), target==A01+K1.H2-Q1:D1 (False)

节点缺失: source==A01+K1.H2-G1:SEC:31 (False), target==A01+K1.H2-X1:PE:1 (False)
类似的target节点: ['=A01+K1.H2-X1:PE:3']

节点缺失: source==A01+K1.H2-X1:PE:1 (False), target==A01+K1.H2-G1:PRI:PE (False)
类似的source节点: ['=A01+K1.H2-X1:PE:3']

节点缺失: source==A01+K1.H2-Q2:T1 (False), target==A01+K1.H2-G1:PRI:1 (False)

节点缺失: source==A01+K1.H2-G1:SEC:32 (False), target==A02+K1.B1-X20-X20.5F:20 (False)
类似的target节点: ['=A02+K1.B1-X20-X20.5F:17']

节点缺失: source==A01+K1.H2-Q2:T2 (False), target==A01+K1.H2-G1:PRI:2 (False)

节点缺失: source==A01+K1.H2-Q2:T3 (False), target==A01+K1.H2-X1:5:3 (False)
类似的target节点: ['=A01+K1.H2-X1:PE:3']

节点缺失: source==A01+K1.H2-X1:5:3 (False), target==A01+K1.H2-X1:7:3 (False)
类似的source节点: ['=A01+K1.H2-X1:PE:3']
类似的target节点: ['=A01+K1.H2-X1:PE:3']

节点缺失: source==A01+K1.B1-K3:11 (False), target==A01+K1.H2-X1:3:4 (False)
类似的target节点: ['=A01+K1.H2-X1:PE:3']

节点缺失: source==A01+K1.H2-X1:2:5 (False), target==A02+K1.B1-A3:13 (False)
类似的source节点: ['=A01+K1.H2-X1:PE:3']

节点缺失: source==A01+K1.G2-S1:4 (False), target==A01+K1.H2-X1:2:2 (False)
类似的target节点: ['=A01+K1.H2-X1:PE:3']

节点缺失: source==A01+K1.H2-X1:1:4 (False), target==A01+K1.G2-S1:3 (False)
类似的source节点: ['=A01+K1.H2-X1:PE:3']

节点缺失: source==A01+K1.B1-W7(-P1):P1:1 (False), target==A01+K1.H2-X1:1:3 (False)
类似的target节点: ['=A01+K1.H2-X1:PE:3']

节点缺失: source==A01+K1.G2-S1:2 (False), target==A01+K1.H2-X1:3:3 (False)
类似的target节点: ['=A01+K1.H2-X1:PE:3']

节点缺失: source==A01+K1.G2-S1:1 (False), target==A01+K1.H2-X1:4:2 (False)
类似的target节点: ['=A01+K1.H2-X1:PE:3']

节点缺失: source==A01+K1.H2-X1:4:5 (False), target==A02+K1.B1-X20-X20.5F:19 (False)
类似的source节点: ['=A01+K1.H2-X1:PE:3']
类似的target节点: ['=A02+K1.B1-X20-X20.5F:17']

节点缺失: source==A02+K1.B1-X20-X20.5F:18 (False), target==A02+K1.B1-A3:14 (False)
类似的source节点: ['=A02+K1.B1-X20-X20.5F:17']

节点缺失: source==A01+S1-S3:4 (False), target==A02+K1.B1-X20-X20.5M:18 (True)

节点缺失: source==A02+K1.B1-X20-X20.5F:17 (True), target==A01+S1-S3:1 (False)

节点缺失: source==A01+K1.B1-W7(-P1):P1:1 (False), target==A02+K1.B1-X20-X20.5M:17 (False)
类似的target节点: ['=A02+K1.B1-X20-X20.5M:18', '=A02+K1.B1-X20-X20.5M:19', '=A02+K1.B1-X20-X20.5M:20', '=A02+K1.B1-X20-X20.5M:1', '=A02+K1.B1-X20-X20.5M:2']

节点缺失: source==A01+S1-S3:.2 (False), target==A02+K1.B1-X20-X20.5M:19 (True)

节点缺失: source==A01+S1-S3:.1 (False), target==A02+K1.B1-X20-X20.5M:20 (True)

节点缺失: source==A01+K1.H2-X1:5:4 (False), target==A01+K1.B1-X20:L (False)
类似的source节点: ['=A01+K1.H2-X1:PE:3']

节点缺失: source==A01+K1.H2-X1:6:5 (False), target==A01+K1.B1-X20:N (False)
类似的source节点: ['=A01+K1.H2-X1:PE:3']

节点缺失: source==A02+K1.H2-X5:N:5 (False), target==A01+K1.H2-X1:6:2 (False)
类似的target节点: ['=A01+K1.H2-X1:PE:3']

节点缺失: source==A01+K1.H2-X1:PE:1 (False), target==A01+K1.B1-X20:PE (False)
类似的source节点: ['=A01+K1.H2-X1:PE:3']

节点缺失: source==A01+K1.H2-X1:7:4 (False), target==A01+K1.E1-E1:L (False)
类似的source节点: ['=A01+K1.H2-X1:PE:3']

节点缺失: source==A01+K1.H2-X1:PE:1 (False), target==A01+K1.E1-E1:PE (False)
类似的source节点: ['=A01+K1.H2-X1:PE:3']

节点缺失: source==A01+K1.H2-X1:8:5 (False), target==A01+K1.E1-E1:N (False)
类似的source节点: ['=A01+K1.H2-X1:PE:3']

节点缺失: source==A02+K1.H2-X5:N:5 (False), target==A01+K1.H2-X1:8:2 (False)
类似的target节点: ['=A01+K1.H2-X1:PE:3']

节点缺失: source==A01+K1.B1-W7(-P1):P1:1 (False), target==A01+K1.H1-G2-L+ (False)

节点缺失: source==A01+K1.H2-F1:2 (False), target==A01+K1.H1-G2-L (False)

节点缺失: source==A01+K1.H2-X1:9:4 (False), target==A01+K1.H2-F1:1 (False)
类似的source节点: ['=A01+K1.H2-X1:PE:3']

节点缺失: source==P01+K1.G1-E1:X4:L (False), target==A01+K1.H2-X1:9:3 (False)
类似的target节点: ['=A01+K1.H2-X1:PE:3']

节点缺失: source==A01+K1.H2-X1:10:5 (False), target==A01+K1.H1-G2-N (False)
类似的source节点: ['=A01+K1.H2-X1:PE:3']

节点缺失: source==P01+K1.G1-E1:X4:N (False), target==A01+K1.H2-X1:10:2 (False)
类似的target节点: ['=A01+K1.H2-X1:PE:3']

节点缺失: source==A01+K1.H1-G2-L- (False), target==A01+K1.B1-W7(-P2):P2:1 (False)

节点缺失: source==A01+K1.H2-X1:PE:1 (False), target==A01+K1.H1-G2-PE (False)
类似的source节点: ['=A01+K1.H2-X1:PE:3']

节点缺失: source==A02+K1.H2-X6:2:2 (False), target==A01+K1.H1-G2-PE:PE (False)

节点缺失: source==A01+K1.H1-G2-L- (False), target==A02+K1.H2-X6:3:1 (False)

节点缺失: source==A01+K1.H2-X1:11:4 (False), target==A02+K1.B1-A5:1 (False)
类似的source节点: ['=A01+K1.H2-X1:PE:3']

节点缺失: source==A01+K1.H2-X1:11:3 (False), target==A02+K1.H2-Q1:T1 (False)
类似的source节点: ['=A01+K1.H2-X1:PE:3']

节点缺失: source==A02+K1.H2-Q1:T1 (False), target==A02+K1.H1-G2:L1 (False)

节点缺失: source==A01+K1.H2-X1:12:5 (False), target==A02+K1.B1-A5:2 (False)
类似的source节点: ['=A01+K1.H2-X1:PE:3']

节点缺失: source==A01+K1.H2-X1:12:2 (False), target==A02+K1.H2-Q1:T2 (False)
类似的source节点: ['=A01+K1.H2-X1:PE:3']

节点缺失: source==A02+K1.H2-Q1:T2 (False), target==A02+K1.H1-G2:L2 (False)

节点缺失: source==A01+K1.H2-X1:13:4 (False), target==A02+K1.B1-A5:3 (False)
类似的source节点: ['=A01+K1.H2-X1:PE:3']

节点缺失: source==A01+K1.H2-X1:13:3 (False), target==A02+K1.H2-Q1:T3 (False)
类似的source节点: ['=A01+K1.H2-X1:PE:3']

节点缺失: source==A02+K1.H2-Q1:T3 (False), target==A02+K1.H1-G2:L3 (False)

节点缺失: source==A01+K1.H2-X1:15:4 (False), target==A02+K1.B1-A5:4 (False)
类似的source节点: ['=A01+K1.H2-X1:PE:3']

节点缺失: source==A01+K1.H2-X1:14:5 (False), target==A01+K1.H2-X1:15:3 (False)
类似的source节点: ['=A01+K1.H2-X1:PE:3']
类似的target节点: ['=A01+K1.H2-X1:PE:3']

节点缺失: source==A01+K1.H2-X1:16:5 (False), target==A02+K1.B1-A5:5 (False)
类似的source节点: ['=A01+K1.H2-X1:PE:3']

节点缺失: source==A01+K1.H2-T1:-L1i (False), target==A01+K1.H2-X1:16:2 (False)
类似的target节点: ['=A01+K1.H2-X1:PE:3']

节点缺失: source==A01+K1.H2-T1:-L1k (False), target==A01+K1.H2-T1:-L2k (False)

节点缺失: source==A01+K1.H2-T1:-L2k (False), target==A01+K1.H2-T1:-L3k (False)

节点缺失: source==A01+K1.H2-T1:-L3k (False), target==A01+K1.H2-X1:19:3 (False)
类似的target节点: ['=A01+K1.H2-X1:PE:3']

节点缺失: source==A01+K1.H2-X1:17:4 (False), target==A02+K1.B1-A5:6 (False)
类似的source节点: ['=A01+K1.H2-X1:PE:3']

节点缺失: source==A01+K1.H2-T1:-L2i (False), target==A01+K1.H2-X1:17:3 (False)
类似的target节点: ['=A01+K1.H2-X1:PE:3']

节点缺失: source==A01+K1.H2-X1:18:5 (False), target==A02+K1.B1-A5:7 (False)
类似的source节点: ['=A01+K1.H2-X1:PE:3']

节点缺失: source==A01+K1.H2-T1:-L3i (False), target==A01+K1.H2-X1:18:2 (False)
类似的target节点: ['=A01+K1.H2-X1:PE:3']

节点缺失: source==A01+K1.H2-X1:19:4 (False), target==A02+K1.B1-A5:8 (False)
类似的source节点: ['=A01+K1.H2-X1:PE:3']

节点缺失: source==A01+K1.H2-K1:A2 (False), target==A02+K1.B1-W5(-P2):P2:1 (False)

节点缺失: source==A02+K1.B1-K20:34 (False), target==A01+K1.H2-K1:A1 (False)

节点缺失: source==A01+K1.H2-K1:A1 (False), target==A01+K1.H2-K1:13 (False)

节点缺失: source==F01+K1.B1-K1:64 (False), target==A02+K1.B1-K20:33 (False)

节点缺失: source==A02+K1.B1-W5(-P1):P1 (False), target==F01+K1.B1-K1:63 (False)

节点缺失: source==A01+K1.H2-K2:A2 (False), target==A02+K1.B1-W5(-P2):P2:1 (False)

节点缺失: source==A01+K1.H2-K1:14 (False), target==A01+K1.H2-K2:A1 (False)

节点缺失: source==A01+K1.H2-K2:44 (False), target==Q15+K1.H2-F11:14 (False)

节点缺失: source==A01+K1.H2-K2:44 (False), target==Q15+K1.H2-F12:13 (False)

节点缺失: source==A01+K1.H2-K2:44 (False), target==Q15+K1.H2-F13:13 (False)

节点缺失: source==A01+K1.H2-K2:44 (False), target==Q15+K1.H2-F14:14 (False)

节点缺失: source==A01+K1.H2-K2:44 (False), target==Q01+K1.H2-Q1:13 (False)

节点缺失: source==A01+K1.H2-K1:44 (False), target==A01+K1.H2-K2:43 (False)

节点缺失: source==A02+K1.B1-W5(-P1):P1:1 (False), target==A01+K1.H2-K1:43 (False)

节点缺失: source==A01+K1.B1-K3:A2 (False), target==A02+K1.B1-W5(-P2):P2:2 (False)

节点缺失: source==A02+K1.B1-A1:1 (False), target==A01+K1.B1-K3:A1 (False)

节点缺失: source==A01+K1.B1-K3:21 (False), target==A02+K1.B1-A3:15 (False)

节点缺失: source==A01+K1.B1-W7(-P1):P1:2 (False), target==A01+K1.B1-K3:22 (False)

节点缺失: source==A01+K1.H2-W0:L1 (False), target==A02+K1.H2-W1:1L1 (False)

节点缺失: source==A01+K1.H2-W0:L2 (False), target==A02+K1.H2-W1:1L2 (False)

节点缺失: source==A01+K1.H2-W0:L3 (False), target==A02+K1.H2-W1:1L3 (False)

节点缺失: source==A01+K1.H2-K1:2 (False), target==A02+K1.H2-W2:2L1 (False)

节点缺失: source==A01+K1.H2-W0:L1 (False), target==A01+K1.H2-K1:1 (False)

节点缺失: source==A01+K1.H2-K1:4 (False), target==A02+K1.H2-W2:2L2 (False)

节点缺失: source==A01+K1.H2-W0:L2 (False), target==A01+K1.H2-K1:3 (False)

节点缺失: source==A01+K1.H2-K1:6 (False), target==A02+K1.H2-W2:2L3 (False)

节点缺失: source==A01+K1.H2-W0:L3 (False), target==A01+K1.H2-K1:5 (False)

节点缺失: source==A01+K1.H2-W0:L1 (False), target==A02+K1.H2-W3:3L1 (False)

节点缺失: source==A01+K1.H2-W0:L2 (False), target==A02+K1.H2-W3:3L2 (False)

节点缺失: source==A01+K1.H2-W0:L3 (False), target==A02+K1.H2-W3:3L3 (False)

节点缺失: source==A01+K1.H2-K2:2 (False), target==A02+K1.H2-W4:1L1 (False)

节点缺失: source==A01+K1.H2-W0:L1 (False), target==A01+K1.H2-K2:1 (False)

节点缺失: source==A01+K1.H2-K2:4 (False), target==A02+K1.H2-W4:1L2 (False)

节点缺失: source==A01+K1.H2-W0:L2 (False), target==A01+K1.H2-K2:3 (False)

节点缺失: source==A01+K1.H2-K2:6 (False), target==A02+K1.H2-W4:1L3 (False)

节点缺失: source==A01+K1.H2-W0:L3 (False), target==A01+K1.H2-K2:5 (False)

节点缺失: source==A02+K1.H2-W2:2L3 (False), target==A02+K1.H2-W2.1:2L3 (False)

节点缺失: source==A02+K1.H2-W2:2L2 (False), target==A02+K1.H2-W2.1:2L2 (False)

节点缺失: source==A02+K1.H2-W2:2L1 (False), target==A02+K1.H2-W2.1:2L1 (False)

节点缺失: source==A02+K1.H1-G2:+V (False), target==A02+K1.B1-V1(0):1 (False)

节点缺失: source==A02+K1.H2-Q1:L1 (False), target==A02+K1.H2-W1:1L1 (False)

节点缺失: source==A02+K1.H2-W1:1L2 (False), target==A02+K1.H2-Q1:L2 (False)

节点缺失: source==A02+K1.H2-W1:1L3 (False), target==A02+K1.H2-Q1:L3 (False)

节点缺失: source==A02+K1.H1-G2:-V (False), target==A02+K1.B1-W6(-P2):P2:1 (False)

节点缺失: source==A02+K1.H2-X6:PE:2 (False), target==A02+K1.H1-G2:PE (False)

节点缺失: source==A02+K1.H1-G2:-V' (False), target==A02+K1.H2-X6:PE:1 (False)

节点缺失: source==A02+K1.H2-F2:2 (False), target==A02+K1.B1-X200:L (False)

节点缺失: source==A01+K1.H2-W0:L1 (False), target==A02+K1.H2-F2:1 (False)

节点缺失: source==A02+K1.H2-X5:2:1 (False), target==A02+K1.B1-X200:N (False)

节点缺失: source==A02+K1.H2-X6:4:1 (False), target==A02+K1.B1-X200:PE (False)

节点缺失: source==A02+K1.H1-K1:2 (False), target==A02+K1.A1-X21:L (False)

节点缺失: source==A02+K1.H1-K1:2 (False), target==A02+K1.H1-K1:4 (False)

节点缺失: source==A02+K1.H1-K1:4 (False), target==A02+K1.H1-K1:6 (False)

节点缺失: source==A02+K1.A1-X21:N (False), target==A02+K1.H2-X22:N (False)

节点缺失: source==A02+K1.H2-X22:N (False), target==A02+K1.H2-F3.1:4/3 (False)

节点缺失: source==A02+K1.H2-X6:PE:2 (False), target==A02+K1.A1-X21:PE (False)

节点缺失: source==A02+K1.H1-K1:3 (False), target==A02+K1.H1-K1:5 (False)

节点缺失: source==A02+K1.H1-K1:1 (False), target==A02+K1.H1-K1:3 (False)

节点缺失: source==A02+K1.H1-K1:1 (False), target==A02+K1.H2-F3.1:2/1 (False)

节点缺失: source==A02+K1.H2-F3.1:2/1 (False), target==A02+K1.H2-X22:L (False)

节点缺失: source==A02+K1.H2-F3:2 (False), target==A02+K1.H2-F3.1:1/2 (False)

节点缺失: source==A01+K1.H2-W0:L2 (False), target==A02+K1.H2-F3:1 (False)

节点缺失: source==A02+K1.H2-X22:PE (False), target==A02+K1.H2-X6:PE:2 (False)

节点缺失: source==A02+K1.H2-F3.1:3/4 (False), target==A02+K1.H2-X5:N:1 (False)

节点缺失: source==A02+K1.H1-K1:A2 (False), target==A02+K1.B1-W5(-P2):P2:1 (False)

节点缺失: source==A02+K1.B1-A1:2 (False), target==A02+K1.H1-K1:A1 (False)

节点缺失: source==A02+K1.E1-S1:14 (False), target==A02+K1.B1-X9:2:5 (False)

节点缺失: source==A02+K1.B1-X9:1:4 (False), target==A02+K1.E1-S1:13 (False)

节点缺失: source==A02+K1.H2-F4:2 (False), target==A02+K1.B1-X9:1:3 (False)

节点缺失: source==A01+K1.H2-W0:L1 (False), target==A02+K1.H2-F4:1 (False)

节点缺失: source==A02+K1.B1-X9:2:2 (False), target==A02+K1.B1-X9:3:3 (False)

节点缺失: source==A02+K1.E1-S2:14 (False), target==A02+K1.B1-X9:4:5 (False)

节点缺失: source==A02+K1.B1-X9:3:4 (False), target==A02+K1.E1-S2:13 (False)

节点缺失: source==A02+K1.B1-X9:4:2 (False), target==A02+K1.B1-X9:5:3 (False)

节点缺失: source==A02+K1.E1-S3:14 (False), target==A02+K1.B1-X9:6:5 (False)

节点缺失: source==A02+K1.B1-X9:5:4 (False), target==A02+K1.E1-S3:13 (False)

节点缺失: source==A02+K1.B1-X9:6:2 (False), target==A02+K1.B1-X9:7:3 (False)

节点缺失: source==A02+K1.B1-X9:7:4 (False), target==A02+K1.A1-M1:X1:L1 (False)
类似的target节点: ['=A02+K1.A1-M1:RS485+', '=A02+K1.A1-M1:RS485-']

节点缺失: source==A02+K1.A1-M1:X1:N (False), target==A02+K1.B1-X9:8:5 (False)
类似的source节点: ['=A02+K1.A1-M1:RS485+', '=A02+K1.A1-M1:RS485-']

节点缺失: source==A02+K1.A1-M1:X1:PE (False), target==A02+K1.B1-X9:PE:1 (False)
类似的source节点: ['=A02+K1.A1-M1:RS485+', '=A02+K1.A1-M1:RS485-']

节点缺失: source==A02+K1.H2-X5:N:2 (False), target==A02+K1.B1-X9:8:2 (False)

节点缺失: source==A02+K1-A1:1 (False), target==A02+K1.A1-M1:RS485+ (True)

节点缺失: source==A02+K1-A1:USB (False), target==P01+K1.G1-D1:USB6 (True)

节点缺失: source==A02+K1-A1:2 (False), target==A02+K1.A1-M1:RS485- (True)

节点缺失: source==A02+S1.I1-X1:1 (False), target==A01+S1-W0:PE (False)

节点缺失: source==A02+S1-X101:1 (False), target==A01+S1-W0:PE (False)

节点缺失: source==A02+K1.H2-X6:PE:2 (False), target==A02+K1.B1-X100:1:1 (False)

节点缺失: source==A02+K1.H2-X6:PE:2 (False), target==A02+K1.B1-X100:2:1 (False)

节点缺失: source==A02+K1.H2-X6:PE:2 (False), target==A02+K1.B1-X100:3:1 (False)

节点缺失: source==A02+K1.H2-X6:PE:2 (False), target==A01+K1.I1-X1:1 (False)
类似的target节点: ['=A01+K1.I1-X1:4']

节点缺失: source==A02+K1-W30:SE (False), target==A01+K1.I1-X1:4 (True)

节点缺失: source==A02+K1.H2-W20:SE (False), target==A02+K1.H1-W21:SE (False)

节点缺失: source==A02+K1.B1-W22:SE (False), target==A02+K1.H1-W21:SE (False)

节点缺失: source==A02+K1.H1-W21:SE (False), target==A02+K1.H1-W12:SE (False)

节点缺失: source==A02+K1.B1-W10:SE (False), target==A02+K1.B1-W22:SE (False)

节点缺失: source==A02+K1.B1-W9:SE (False), target==A02+K1.B1-W22:SE (False)

节点缺失: source==A02+K1.B1-W11:SE (False), target==A02+K1.B1-W22:SE (False)

节点缺失: source==A02+K1.B1-X20-X20.1M:13 (True), target==A02+S1-A21-X1:23 (False)

节点缺失: source==A02+K1.B1-W5(-P2):P2 (False), target==A02+K1.B1-X20-X20.1F:13 (False)

节点缺失: source==A02+K1.B1-X20-X20.1M:14 (True), target==A02+S1-A21-X1:24 (False)

节点缺失: source==A02+K1.B1-W5(-P2):P2 (False), target==A02+K1.B1-X20-X20.1F:14 (False)

节点缺失: source==A02+K1.B1-X20-X20.1M:15 (True), target==A02+S1-A21-X1:25 (False)

节点缺失: source==A02+K1.B1-W5(-P2):P2 (False), target==A02+K1.B1-X20-X20.1F:15 (False)

节点缺失: source==A02+K1.B1-X20-X20.2M:4 (True), target==A02+S1-A23-X1:23 (False)

节点缺失: source==A02+K1.B1-W5(-P2):P2 (False), target==A02+K1.B1-X20-X20.2F:4 (False)

节点缺失: source==A02+K1.B1-X20-X20.2M:5 (True), target==A02+S1-A23-X1:24 (False)

节点缺失: source==A02+K1.B1-W5(-P2):P2 (False), target==A02+K1.B1-X20-X20.2F:5 (False)

节点缺失: source==A02+K1.B1-X20-X20.2M:6 (True), target==A02+S1-A23-X1:25 (False)

节点缺失: source==A02+K1.B1-W5(-P2):P2 (False), target==A02+K1.B1-X20-X20.2F:6 (False)

节点缺失: source==A02+K1.B1-X20-X20.1M:9 (True), target==A02+S1-A21-X1:9 (False)

节点缺失: source==A02+K1.B1-A1:4 (False), target==A02+K1.B1-X20-X20.1F:9 (False)

节点缺失: source==A02+K1.B1-X20-X20.1M:10 (True), target==A02+S1-A21-X1:10 (False)

节点缺失: source==A02+K1.B1-A1:5 (False), target==A02+K1.B1-X20-X20.1F:10 (False)

节点缺失: source==A02+K1.B1-X20-X20.2F:8 (False), target==A02+K1.B1-A3:4 (False)

节点缺失: source==A02+S1-S2 (False), target==A02+K1.B1-X20-X20.2M:8 (True)

节点缺失: source==A02+K1.B1-X20-X20.2M:7 (True), target==A02+S1-S2 (False)

节点缺失: source==A02+K1.B1-W5(-P1):X1:3 (False), target==A02+K1.B1-X20-X20.2F:7 (False)

节点缺失: source==A02+K1.B1-X20-X20.2F:10 (False), target==A02+K1.B1-A3:5 (False)

节点缺失: source==A02+S1-S3 (False), target==A02+K1.B1-X20-X20.2M:10 (True)

节点缺失: source==A02+K1.B1-X20-X20.2M:9 (True), target==A02+S1-S3 (False)

节点缺失: source==A02+K1.B1-W5(-P1):X1:3 (False), target==A02+K1.B1-X20-X20.2F:9 (False)

节点缺失: source==A02+K1.B1-X20-X20.1M:11 (True), target==A02+S1-A21-X1:11 (False)

节点缺失: source==A02+K1.B1-A1:6 (False), target==A02+K1.B1-X20-X20.1F:11 (False)

节点缺失: source==A02+K1.B1-X20-X20.1M:12 (True), target==A02+S1-A21-X1:12 (False)

节点缺失: source==A02+K1.B1-A1:7 (False), target==A02+K1.B1-X20-X20.1F:12 (False)

节点缺失: source==A02+K1.B1-X20-X20.2F:12 (False), target==A02+K1.B1-A3:6 (False)

节点缺失: source==A02+S1-S12 (False), target==A02+K1.B1-X20-X20.2M:12 (True)

节点缺失: source==A02+K1.B1-X20-X20.2M:11 (True), target==A02+S1-S12 (False)

节点缺失: source==A02+K1.B1-W5(-P1):X1:3 (False), target==A02+K1.B1-X20-X20.2F:11 (False)

节点缺失: source==A02+K1.B1-X20-X20.2F:14 (False), target==A02+K1.B1-A3:7 (False)

节点缺失: source==A02+S1-S13 (False), target==A02+K1.B1-X20-X20.2M:14 (True)

节点缺失: source==A02+K1.B1-X20-X20.2M:13 (True), target==A02+S1-S13 (False)

节点缺失: source==A02+K1.B1-W5(-P1):X1:3 (False), target==A02+K1.B1-X20-X20.2F:13 (False)

节点缺失: source==A02+K1.B1-X20-X20.1M:16 (True), target==A02+S1-A23-X1:1 (False)

节点缺失: source==A02+K1.B1-A1:8 (False), target==A02+K1.B1-X20-X20.1F:16 (False)

节点缺失: source==A02+K1.B1-X20-X20.1M:17 (True), target==A02+S1-A23-X1:2 (False)

节点缺失: source==A02+K1.B1-A1:9 (False), target==A02+K1.B1-X20-X20.1F:17 (False)

节点缺失: source==A02+K1.B1-X20-X20.1M:18 (True), target==A02+S1-A23-X1:3 (False)

节点缺失: source==A02+K1.B1-A1:10 (False), target==A02+K1.B1-X20-X20.1F:18 (False)

节点缺失: source==A02+K1.B1-X20-X20.1M:19 (True), target==A02+S1-A23-X1:4 (False)

节点缺失: source==A02+K1.B1-A1:11 (False), target==A02+K1.B1-X20-X20.1F:19 (False)

节点缺失: source==A02+K1.B1-X20-X20.1M:20 (True), target==A02+S1-A23-X1:5 (False)

节点缺失: source==A02+K1.B1-A1:12 (False), target==A02+K1.B1-X20-X20.1F:20 (False)

节点缺失: source==A02+K1.B1-X20-X20.1M:21 (True), target==A02+S1-A23-X1:6 (False)

节点缺失: source==A02+K1.B1-A1:13 (False), target==A02+K1.B1-X20-X20.1F:21 (False)

节点缺失: source==A02+S1-A23-X1:7 (False), target==A02+K1.B1-X20-X20.1M:22 (True)

节点缺失: source==A02+K1.B1-A1:14 (False), target==A02+K1.B1-X20-X20.1F:22 (False)

节点缺失: source==A02+S1-A23-X1:8 (False), target==A02+K1.B1-X20-X20.1M:23 (True)

节点缺失: source==A02+K1.B1-A1:15 (False), target==A02+K1.B1-X20-X20.1F:23 (False)

节点缺失: source==A02+S1-A23-X1:9 (False), target==A02+K1.B1-X20-X20.1M:24 (True)

节点缺失: source==A02+K1.B1-A1:16 (False), target==A02+K1.B1-X20-X20.1F:24 (False)

节点缺失: source==A02+S1-A23-X1:10 (False), target==A02+K1.B1-X20-X20.2M:1 (True)

节点缺失: source==A02+K1.B1-A2:1 (False), target==A02+K1.B1-X20-X20.2F:1 (False)

节点缺失: source==A02+K1.B1-X20-X20.2M:2 (True), target==A02+S1-A23-X1:11 (False)

节点缺失: source==A02+K1.B1-A2:2 (False), target==A02+K1.B1-X20-X20.2F:2 (False)

节点缺失: source==A02+K1.B1-X20-X20.2M:3 (True), target==A02+S1-A23-X1:12 (False)

节点缺失: source==A02+K1.B1-A2:3 (False), target==A02+K1.B1-X20-X20.2F:3 (False)

节点缺失: source==A02+K1.B1-X20-X20.2M:15 (True), target==A02+S1-S2:1 (False)

节点缺失: source==A02+K1.B1-A2:4 (False), target==A02+K1.B1-X20-X20.2F:15 (False)

节点缺失: source==A02+K1.B1-X20-X20.2F:16 (False), target==A02+K1.B1-A3:8 (False)

节点缺失: source==A02+S1-S2:3 (False), target==A02+K1.B1-X20-X20.2M:16 (True)

节点缺失: source==A02+K1.B1-A4:1 (False), target==A02+K1.B1-X20-X20.3F:1 (False)

节点缺失: source==A02+K1.B1-X20-X20.3M:1 (True), target==A02+S1-B20:1 (False)

节点缺失: source==A02+K1.B1-X20-X20.3M:2 (True), target==A02+S1-B20:2 (False)

节点缺失: source==A02+K1.B1-X20-X20.3F:2 (False), target==A02+K1.B1-A4:2 (False)

节点缺失: source==A02+K1.B1-A4:5 (False), target==A02+K1.B1-X20-X20.3F:3 (False)

节点缺失: source==A02+K1.B1-X20-X20.3M:3 (True), target==A02+S1-B21:1 (False)

节点缺失: source==A02+K1.B1-X20-X20.3M:4 (True), target==A02+S1-B21:2 (False)

节点缺失: source==A02+K1.B1-X20-X20.3F:4 (False), target==A02+K1.B1-A4:6 (False)

节点缺失: source==A02+K1.B1-X21-X21.2M:11 (False), target==A02+K1.B1-X21-X21.2M:12 (False)
类似的source节点: ['=A02+K1.B1-X21-X21.2M:1', '=A02+K1.B1-X21-X21.2M:2', '=A02+K1.B1-X21-X21.2M:3', '=A02+K1.B1-X21-X21.2M:4', '=A02+K1.B1-X21-X21.2M:5']
类似的target节点: ['=A02+K1.B1-X21-X21.2M:1', '=A02+K1.B1-X21-X21.2M:2', '=A02+K1.B1-X21-X21.2M:3', '=A02+K1.B1-X21-X21.2M:4', '=A02+K1.B1-X21-X21.2M:5']

节点缺失: source==A02+K1.B1-W5(-P1):P1 (False), target==A02+K1.B1-X21-X21.2M:12 (False)
类似的target节点: ['=A02+K1.B1-X21-X21.2M:1', '=A02+K1.B1-X21-X21.2M:2', '=A02+K1.B1-X21-X21.2M:3', '=A02+K1.B1-X21-X21.2M:4', '=A02+K1.B1-X21-X21.2M:5']

节点缺失: source==A02+S1-J20:2 (False), target==A02+K1.B1-X21-X21.2F:11 (True)

节点缺失: source==A02+S1-S20:2 (False), target==A02+S1-J20:2 (False)

节点缺失: source==A02+S1-J20:1 (False), target==A02+K1.B1-X21-X21.2F:12 (True)

节点缺失: source==A02+S1-S20:1 (False), target==A02+S1-J20:1 (False)

节点缺失: source==A02+K1.B1-X21-X21.2M:13 (False), target==A02+K1.B1-X21-X21.2M:16 (False)
类似的source节点: ['=A02+K1.B1-X21-X21.2M:1', '=A02+K1.B1-X21-X21.2M:2', '=A02+K1.B1-X21-X21.2M:3', '=A02+K1.B1-X21-X21.2M:4', '=A02+K1.B1-X21-X21.2M:5']
类似的target节点: ['=A02+K1.B1-X21-X21.2M:1', '=A02+K1.B1-X21-X21.2M:2', '=A02+K1.B1-X21-X21.2M:3', '=A02+K1.B1-X21-X21.2M:4', '=A02+K1.B1-X21-X21.2M:5']

节点缺失: source==A02+S1-J20:7 (False), target==A02+K1.B1-X21-X21.2F:13 (True)

节点缺失: source==A02+S1-S20:7 (False), target==A02+S1-J20:7 (False)

节点缺失: source==A02+K1.B1-X21-X21.2M:14 (False), target==A02+K1.B1-X21-X21.2M:15 (False)
类似的source节点: ['=A02+K1.B1-X21-X21.2M:1', '=A02+K1.B1-X21-X21.2M:2', '=A02+K1.B1-X21-X21.2M:3', '=A02+K1.B1-X21-X21.2M:4', '=A02+K1.B1-X21-X21.2M:5']
类似的target节点: ['=A02+K1.B1-X21-X21.2M:1', '=A02+K1.B1-X21-X21.2M:2', '=A02+K1.B1-X21-X21.2M:3', '=A02+K1.B1-X21-X21.2M:4', '=A02+K1.B1-X21-X21.2M:5']

节点缺失: source==A02+K1.B1-X21-X21.2M:15 (False), target==A02+K1.B1-K21.1:72 (False)
类似的source节点: ['=A02+K1.B1-X21-X21.2M:1', '=A02+K1.B1-X21-X21.2M:2', '=A02+K1.B1-X21-X21.2M:3', '=A02+K1.B1-X21-X21.2M:4', '=A02+K1.B1-X21-X21.2M:5']

节点缺失: source==A02+S1-J20:8 (False), target==A02+K1.B1-X21-X21.2F:14 (True)

节点缺失: source==A02+S1-S20:8 (False), target==A02+S1-J20:8 (False)

节点缺失: source==A02+S1-S20:6 (False), target==A02+S1-J20:6 (False)

节点缺失: source==A02+S1-J20:5 (False), target==A02+K1.B1-X21-X21.2F:15 (True)

节点缺失: source==A02+S1-S20:5 (False), target==A02+S1-J20:5 (False)

节点缺失: source==A02+S1-J20:3 (False), target==A02+K1.B1-X21-X21.2F:16 (True)

节点缺失: source==A02+S1-S20:3 (False), target==A02+S1-J20:3 (False)

节点缺失: source==A02+K1.B1-X21-X21.2M:17 (False), target==A02+K1.B1-W5(-P2):P2 (False)
类似的source节点: ['=A02+K1.B1-X21-X21.2M:1', '=A02+K1.B1-X21-X21.2M:2', '=A02+K1.B1-X21-X21.2M:3', '=A02+K1.B1-X21-X21.2M:4', '=A02+K1.B1-X21-X21.2M:5']

节点缺失: source==A02+S1-J20:4 (False), target==A02+K1.B1-X21-X21.2F:17 (True)

节点缺失: source==A02+S1-S20:4 (False), target==A02+S1-J20:4 (False)

节点缺失: source==A02+K1.B1-K21.1:71 (False), target==A02+K1.B1-X21-X21.2M:18 (False)
类似的target节点: ['=A02+K1.B1-X21-X21.2M:1', '=A02+K1.B1-X21-X21.2M:2', '=A02+K1.B1-X21-X21.2M:3', '=A02+K1.B1-X21-X21.2M:4', '=A02+K1.B1-X21-X21.2M:5']

节点缺失: source==A02+K1.B1-X21-X21.2F:18 (True), target==A02+S1-Y1:1 (False)

节点缺失: source==A02+K1.B1-X21-X21.2M:19 (False), target==A02+K1.B1-W5(-P2):P2 (False)
类似的source节点: ['=A02+K1.B1-X21-X21.2M:1', '=A02+K1.B1-X21-X21.2M:2', '=A02+K1.B1-X21-X21.2M:3', '=A02+K1.B1-X21-X21.2M:4', '=A02+K1.B1-X21-X21.2M:5']

节点缺失: source==A02+S1-Y1:2 (False), target==A02+K1.B1-X21-X21.2F:19 (True)

节点缺失: source==A02+K1.B1-W5(-P2):P2:2 (False), target==A02+K1.B1-K19:A2 (False)

节点缺失: source==A02+K1.B1-W5(-P1):P1:1 (False), target==A02+K1.B1-K19:A1 (False)

节点缺失: source==A02+K1.B1-X20-X20.2F:17 (False), target==A02+K1.B1-K19:S11 (False)

节点缺失: source==A02+S1-S1:12 (False), target==A02+K1.B1-X20-X20.2M:17 (True)

节点缺失: source==A02+S1-S1:11 (False), target==A02+K1.B1-X20-X20.2M:20 (True)

节点缺失: source==A02+K1.B1-X20-X20.2F:18 (False), target==A02+K1.B1-K19:S21 (False)

节点缺失: source==A02+S1-S1:22 (False), target==A02+K1.B1-X20-X20.2M:18 (True)

节点缺失: source==A02+S1-S1:21 (False), target==A02+K1.B1-X20-X20.2M:19 (True)

节点缺失: source==A02+K1.B1-X20-X20.2F:19 (False), target==A02+K1.B1-X20-X20.2F:22 (False)

节点缺失: source==A02+K1.B1-X20-X20.2F:20 (False), target==A02+K1.B1-X20-X20.2F:21 (False)

节点缺失: source==A02+K1.B1-K21.1:12 (False), target==A02+K1.B1-K22:43 (False)

节点缺失: source==A02+K1.B1-K21:12 (False), target==A02+K1.B1-K21.1:11 (False)

节点缺失: source==A02+K1.B1-K21:11 (False), target==A02+K1.B1-K20:12 (False)

节点缺失: source==A02+K1.B1-K19:S34 (False), target==A02+K1.B1-K20:11 (False)

节点缺失: source==A02+S1-S11:12 (False), target==A02+K1.B1-X20-X20.2M:21 (True)

节点缺失: source==A02+S1-S11:11 (False), target==A02+K1.B1-X20-X20.2M:24 (True)

节点缺失: source==A02+S1-S11:22 (False), target==A02+K1.B1-X20-X20.2M:22 (True)

节点缺失: source==A02+S1-S11:21 (False), target==A02+K1.B1-X20-X20.2M:23 (True)

节点缺失: source==A02+K1.B1-X20-X20.2F:23 (False), target==A02+K1.B1-K19:S22 (False)

节点缺失: source==A02+K1.B1-X20-X20.2F:24 (False), target==A02+K1.B1-K19:S12 (False)

节点缺失: source==F01+K1.B1-K1:12 (False), target==A02+K1.B1-X9:12:5 (False)

节点缺失: source==F01+K1.B1-K1:11 (False), target==A02+K1.B1-K22:44 (False)

节点缺失: source==A02+K1.G2-S2:.4 (False), target==A02+K1.B1-X9:12:2 (False)

节点缺失: source==A02+K1.B1-X9:11:4 (False), target==A02+K1.G2-S2:.3 (False)

节点缺失: source==A02+K1.B1-X9:10:5 (False), target==A02+K1.B1-X9:11:3 (False)

节点缺失: source==A02+K1.G2-S3:12 (False), target==A02+K1.B1-X9:10:2 (False)

节点缺失: source==A02+K1.B1-X9:9:4 (False), target==A02+K1.G2-S3:11 (False)

节点缺失: source==A02+K1.B1-W5(-P1):P1:1 (False), target==A02+K1.B1-X9:9:3 (False)

节点缺失: source==A02+K1.B1-X9:16:5 (False), target==A02+K1.B1-W5(-P2):P2:1 (False)

节点缺失: source==A02+K1.G2-S2:X2 (False), target==A02+K1.B1-X9:16:2 (False)

节点缺失: source==A02+K1.B1-X9:15:4 (False), target==A02+K1.G2-S2:X1 (False)

节点缺失: source==A02+K1.B1-K20:72 (False), target==A02+K1.B1-X9:15:3 (False)

节点缺失: source==A02+K1.B1-X9:14:5 (False), target==A02+K1.B1-K20:71 (False)

节点缺失: source==A02+K1.G2-S3:.4 (False), target==A02+K1.B1-X9:14:2 (False)

节点缺失: source==A02+K1.B1-X9:13:4 (False), target==A02+K1.G2-S3:.3 (False)

节点缺失: source==A02+K1.B1-W5(-P1):P1:2 (False), target==A02+K1.B1-X9:13:3 (False)

节点缺失: source==A02+K1.B1-W5(-P2):P2:2 (False), target==A02+K1.B1-K20:A2 (False)

节点缺失: source==A02+K1.B1-K20 (False), target==A02+K1.B1-K20 (False)

节点缺失: source==A02+K1.B1-K19:14 (False), target==A02+K1.B1-K20:A11 (False)

节点缺失: source==A02+K1.B1-K20:A11 (False), target==A02+K1.B1-K21:A11 (False)

节点缺失: source==A02+K1.B1-K21:A11 (False), target==A02+K1.B1-K21.1:A11 (False)

节点缺失: source==A02+K1.B1-W5(-P1):P1:1 (False), target==A02+K1.B1-K19:13 (False)

节点缺失: source==A02+K1.B1-K19:24 (False), target==A02+K1.B1-K20:A12 (False)

节点缺失: source==A02+K1.B1-K20:A12 (False), target==A02+K1.B1-K21:A12 (False)

节点缺失: source==A02+K1.B1-K21:A12 (False), target==A02+K1.B1-K21.1:A12 (False)

节点缺失: source==A02+K1.B1-A3:9 (False), target==A02+K1.B1-K21.1:A12 (False)

节点缺失: source==A02+K1.B1-W5(-P1):P1:1 (False), target==A02+K1.B1-K19:23 (False)

节点缺失: source==A02+K1.B1-K21:A2 (False), target==A02+K1.B1-W5(-P2):P2:1 (False)

节点缺失: source==A02+K1.B1-K21 (False), target==A02+K1.B1-K21 (False)

节点缺失: source==A02+K1.B1-K21.1:A2 (False), target==A02+K1.B1-W5(-P2):P2:1 (False)

节点缺失: source==A02+K1.B1-K21.1 (False), target==A02+K1.B1-K21.1 (False)

节点缺失: source==A02+K1.B1-W5(-P2):P2:2 (False), target==A02+K1.B1-K22:A2 (False)

节点缺失: source==A02+K1.B1-K22 (False), target==A02+K1.B1-K22 (False)

节点缺失: source==A01+K1.H2-K1:22 (False), target==A02+K1.B1-K22:A11 (False)

节点缺失: source==A02+K1.B1-W5(-P1):P1 (False), target==A02+K1.B1-X20-X20.3F:15 (False)

节点缺失: source==A01+K1.H2-K2:22 (False), target==A02+K1.B1-K22:A12 (False)

节点缺失: source==A01+K1.H2-K1:21 (False), target==A01+K1.H2-K2:21 (False)

节点缺失: source==A01+K1.H2-K1:21 (False), target==A02+K1.B1-X20-X20.3F:14 (False)

节点缺失: source==A02+K1.B1-K22:54 (False), target==A02+K1.B1-A3:10 (False)

节点缺失: source==A02+K1.B1-W5(-P1):P1:1 (False), target==A02+K1.B1-K22:53 (False)

节点缺失: source==A02+K1.B1-X9:17:4 (False), target==A02+K1.G2-H1:0 (False)

节点缺失: source==A02+K1.B1-W5(-P2):P2:1 (False), target==A02+K1.B1-X9:17:3 (False)

节点缺失: source==A02+K1.B1-X9:18:5 (False), target==A02+K1.G2-H1:1 (False)

节点缺失: source==A02+K1.B1-A2:5 (False), target==A02+K1.B1-X9:18:2 (False)

节点缺失: source==A02+K1.B1-X9:19:4 (False), target==A02+K1.G2-H1:2 (False)

节点缺失: source==A02+K1.B1-A2:6 (False), target==A02+K1.B1-X9:19:3 (False)

节点缺失: source==A02+K1.B1-X9:20:5 (False), target==A02+K1.G2-H1:3 (False)

节点缺失: source==A02+K1.B1-A2:7 (False), target==A02+K1.B1-X9:20:2 (False)

节点缺失: source==A02+K1.B1-X9:21:4 (False), target==A02+K1.G2-H1:4 (False)

节点缺失: source==A02+K1.B1-A2:8 (False), target==A02+K1.B1-X9:21:3 (False)

节点缺失: source==A02+K1.B1-X9:PE:1 (False), target==A02+K1.G2-H1:PE (False)

节点缺失: source==A02+K1.B1-V1(0):1 (False), target==A02+K1.B1-V1:1.1 (False)

节点缺失: source==A02+K1.B1-W6(-P2):P2:2 (False), target==A02+K1.B1-V1:3.1 (False)

节点缺失: source==F01+K1.B1-V1:1.1 (False), target==A02+K1.B1-V1:1.1 (False)

节点缺失: source==F01+K1.B1-V1:3.2 (False), target==A02+K1.B1-V1:3.2 (False)

节点缺失: source==O01+K1.B1-V1:1.1 (False), target==F01+K1.B1-V1:1.1 (False)

节点缺失: source==O01+K1.B1-V1:3.2 (False), target==F01+K1.B1-V1:3.2 (False)

节点缺失: source==Q01+K1.B1-V1:1.1 (False), target==O01+K1.B1-V1:1.1 (False)

节点缺失: source==Q01+K1.B1-V1:3.2 (False), target==O01+K1.B1-V1:3.2 (False)

节点缺失: source==S02+K1.B1-V1:1.1 (False), target==Q15+K1.B1-V1:1.1 (False)

节点缺失: source==S02+K1.B1-V1:1.1 (False), target==V01+K1.B1-V1:1.1 (False)

节点缺失: source==S02+K1.B1-V1:3.2 (False), target==Q15+K1.B1-V1:3.2 (False)

节点缺失: source==S02+K1.B1-V1:3.2 (False), target==V01+K1.B1-V1:3.2 (False)

节点缺失: source==V01+K1.B1-V2:1.1 (False), target==V01+K1.B1-V1:1.1 (False)

节点缺失: source==V01+K1.B1-V2:3.2 (False), target==V01+K1.B1-V1:3.2 (False)

节点缺失: source==A02+K1.B1-V1:2.1 (False), target==A02+K1.B1-W5(-P1):X1:9 (False)

节点缺失: source==A02+K1.B1-W5(-P2):P2:1 (False), target==A02+K1.B1-W6(-P2):P2:2 (False)

节点缺失: source==A02+K1.B1-X20-X20.3M:5 (True), target==F01+S1-N1.123:7 (False)

节点缺失: source==F01+K1.B1-W5(-P1):X1:1 (False), target==A02+K1.B1-X20-X20.3F:5 (False)

节点缺失: source==A02+K1.B1-X20-X20.3M:6 (True), target==F01+S1-N1.123:4 (False)

节点缺失: source==F01+K1.B1-W5(-P2):X1:1 (False), target==A02+K1.B1-X20-X20.3F:6 (False)

节点缺失: source==A02+K1.B1-X20-X20.3M:7 (True), target==F01+S1-N1.123:3 (False)

节点缺失: source==F01+K1.B1-K1:34 (False), target==A02+K1.B1-X20-X20.3F:7 (False)

节点缺失: source==F01+K1.B1-W5(-P1):X1:2 (False), target==F01+K1.B1-K1:33 (False)

节点缺失: source==F01+I1-W301 (False), target==F01+S1-N1.123:CASE (False)

节点缺失: source==F01+I1-W301:Schirm (False), target==A02+K1.B1-W10:SE (False)

节点缺失: source==A02+K1.B1-X20-X20.3M:8 (True), target==F01+S1-N2:7 (False)

节点缺失: source==F01+K1.B1-W5(-P1):X1:3 (False), target==A02+K1.B1-X20-X20.3F:8 (False)

节点缺失: source==A02+K1.B1-X20-X20.3M:9 (True), target==F01+S1-N2:4 (False)

节点缺失: source==F01+K1.B1-W5(-P2):X1:2 (False), target==A02+K1.B1-X20-X20.3F:9 (False)

节点缺失: source==A02+K1.B1-X20-X20.3M:10 (True), target==F01+S1-N2:3 (False)

节点缺失: source==F01+K1.B1-K1:54 (False), target==A02+K1.B1-X20-X20.3F:10 (False)

节点缺失: source==F01+K1.B1-W5(-P1):X1:4 (False), target==F01+K1.B1-K1:53 (False)

节点缺失: source==F01+I1-W302 (False), target==F01+S1-N2:CASE (False)

节点缺失: source==F01+I1-W302 (False), target==A02+K1.B1-W10:SE (False)

节点缺失: source==V01+K1.B1-A3:13 (False), target==A02+K1.B1-X22-X22.3F:4 (False)

节点缺失: source==A02+K1.B1-X22-X22.3F:4 (False), target==F01+K1.B1-K1:A11 (False)

节点缺失: source==F01+K1.B1-K1:A2 (False), target==F01+K1.B1-W5(-P2):X1:4 (False)

节点缺失: source==F01+K1.B1-K1 (False), target==F01+K1.B1-K1 (False)

节点缺失: source==V01+K1.B1-A1:9 (False), target==A02+K1.B1-K21:33 (False)
类似的source节点: ['=V01+K1.B1-A13:-X1:B', '=V01+K1.B1-A13:-X1:A', '=V01+K1.B1-A13:-X1:CASE']

节点缺失: source==A02+K1.B1-X22-X22.2F:24 (False), target==F01+K1.B1-K1:A12 (False)

节点缺失: source==V01+K1.B1-A3:14 (False), target==A02+K1.B1-X22-X22.2F:24 (False)

节点缺失: source==A02+K1.B1-X20-X20.3F:13 (False), target==F01+K1.B1-W5(-P2):X1:5 (False)

节点缺失: source==F01+S1-Y11:2 (False), target==A02+K1.B1-X20-X20.3M:13 (True)

节点缺失: source==A02+K1.B1-X20-X20.3M:11 (True), target==F01+S1-Y11:1 (False)

节点缺失: source==F01+K1.B1-K1:24 (False), target==A02+K1.B1-X20-X20.3F:11 (False)

节点缺失: source==F01+K1.B1-W5(-P1):X1:7 (False), target==F01+K1.B1-K1:23 (False)

节点缺失: source==A02+K1.B1-X20-X20.3M:12 (True), target==F01+S1-Y11:PE (False)

节点缺失: source==F01+S1-Y11:NC (False), target==A02+K1.B1-X20-X20.3M:14 (True)

节点缺失: source==F01+S1-Y11:COM (False), target==A02+K1.B1-X20-X20.3M:15 (True)

节点缺失: source==F01+K1.B1-V1:2.1 (False), target==F01+K1.B1-W5(-P1):X1:9 (False)

节点缺失: source==A02+K1.B1-W6(-P2):X1:3 (False), target==F01+K1.B1-W5(-P2):X1:9 (False)

节点缺失: source==A02+K1.H1-W12:SE (False), target==M01+S1-M1:CASE (False)

节点缺失: source==M01+K1.D2-X1:1 (False), target==M01+K1.D2-X1:1 (False)

节点缺失: source==M01+K1.H1-Z1:L/L1 (False), target==M01+K1.H1-U1:L1 (False)

节点缺失: source==M01+K1.H2-F2:2 (False), target==M01+K1.H1-Z1:L/L1 (False)

节点缺失: source==A01+K1.H2-W0:L2 (False), target==M01+K1.H2-F2:1 (False)

节点缺失: source==M01+K1.H1-Z1:N/L2 (False), target==M01+K1.H1-U1:N (False)

节点缺失: source==A02+K1.H2-X5:N:2 (False), target==M01+K1.H1-Z1:N/L2 (False)

节点缺失: source==A02+K1.H2-X6:PE:2 (False), target==M01+K1.H1-Z1:PE (False)

节点缺失: source==M01+K1.H1-Z1:PE (False), target==M01+K1.H1-U1:G (False)

节点缺失: source==M01+K1.H1-U1:P24 (False), target==M01+K1.H1-U1:PSC (False)

节点缺失: source==M01+K1.D2-X1:1 (False), target==M01+S1-M1:U (False)

节点缺失: source==M01+K1.H1-U1:U/T1 (False), target==M01+K1.D2-X1:1 (False)

节点缺失: source==M01+K1.D2-X1:2 (False), target==M01+K1.D2-X1:2 (False)

节点缺失: source==M01+K1.D2-X1:2 (False), target==M01+S1-M1:V (False)

节点缺失: source==M01+K1.H1-U1:V/T2 (False), target==M01+K1.D2-X1:2 (False)

节点缺失: source==M01+K1.D2-X1:3 (False), target==M01+K1.D2-X1:3 (False)

节点缺失: source==M01+K1.D2-X1:3 (False), target==M01+S1-M1:W (False)

节点缺失: source==M01+K1.H1-U1:W/T3 (False), target==M01+K1.D2-X1:3 (False)

节点缺失: source==M01+K1.D2-X1:PE (False), target==M01+S1-M1:PE (False)

节点缺失: source==M01+K1.D2-X1:PE (False), target==M01+K1.D2-X1:PE (False)

节点缺失: source==M01+K1.H1-U1:G' (False), target==M01+K1.D2-X1:PE (False)

节点缺失: source==A02+K1.B1-X20-X20.3M:16 (True), target==M01+S1-M1:T1 (False)

节点缺失: source==M01+K1.H1-U1:S5/TH (False), target==A02+K1.B1-X20-X20.3F:16 (False)

节点缺失: source==A02+K1.B1-X20-X20.3M:17 (True), target==M01+S1-M1:T2 (False)

节点缺失: source==M01+K1.H1-U1:SC (False), target==A02+K1.B1-X20-X20.3F:17 (False)

节点缺失: source==A02+K1.B1-W5(-P1):X2:5 (False), target==A02+K1.B1-X20-X20.3F:18 (False)

节点缺失: source==A02+K1.B1-X20-X20.3M:18 (True), target==M01+S1-B11:1 (False)

节点缺失: source==A02+K1.B1-X20-X20.3M:19 (True), target==M01+S1-B11:2 (False)

节点缺失: source==A02+K1.B1-A3:11 (False), target==A02+K1.B1-X20-X20.3F:19 (False)

节点缺失: source==A02+K1.B1-X20-X20.3M:20 (True), target==M01+S1-B11:3 (False)

节点缺失: source==A02+K1.B1-X20-X20.3F:20 (False), target==A02+K1.B1-W5(-P2):X3:6 (False)

节点缺失: source==A02+K1.B1-X20-X20.3M:21 (True), target==M01+S1-Y11:2 (False)

节点缺失: source==A02+K1.B1-W5(-P2):X3:8 (False), target==A02+K1.B1-X20-X20.3F:21 (False)

节点缺失: source==M01+S1-Y11:1 (False), target==A02+K1.B1-X20-X20.3M:22 (True)

节点缺失: source==A02+K1.B1-K20:44 (False), target==A02+K1.B1-X20-X20.3F:22 (False)

节点缺失: source==A02+K1.B1-K20:44 (False), target==M01+K1.B1-K10:41 (False)

节点缺失: source==M01+K1.B1-K10:41 (False), target==M01+K1.B1-K11:41 (False)

节点缺失: source==A02+K1.B1-A2:9 (False), target==A02+K1.B1-K20:43 (False)

节点缺失: source==A02+K1.B1-W5(-P1):X2:7 (False), target==M01+K1.B1-K9:42 (False)

节点缺失: source==M01+K1.B1-K9:41 (False), target==M01+K1.B1-K10:44 (False)

节点缺失: source==M01+K1.B1-K10:44 (False), target==M01+K1.B1-K11:44 (False)

节点缺失: source==A02+K1.B1-X20-X20.3M:23 (True), target==M01+S1-Y12:4 (False)

节点缺失: source==A02+K1.B1-W5(-P2):X4:2 (False), target==A02+K1.B1-X20-X20.3F:23 (False)

节点缺失: source==M01+S1-Y12:3 (False), target==A02+K1.B1-X20-X20.3M:24 (True)

节点缺失: source==A02+K1.B1-A2:10 (False), target==A02+K1.B1-X20-X20.3F:24 (False)

节点缺失: source==M01+K1.B1-K10:A2 (False), target==A02+K1.B1-W5(-P2):P2:2 (False)

节点缺失: source==M01+K1.B1-K10:A1 (False), target==P01+K1.B1-X9:8:5 (False)

节点缺失: source==M01+K1.B1-K11:A2 (False), target==A02+K1.B1-W5(-P2):P2:2 (False)

节点缺失: source==M01+K1.B1-K11:A1 (False), target==P01+K1.B1-X9:9:4 (False)

节点缺失: source==M01+K1.B1-K9:A2 (False), target==A02+K1.B1-W5(-P2):P2:2 (False)

节点缺失: source==A02+K1.B1-K20:54 (False), target==M01+K1.B1-K9:A1 (False)

节点缺失: source==A02+K1.B1-W5(-P1):X3:3 (False), target==A02+K1.B1-K20:53 (False)

节点缺失: source==M01+K1.B1-K10:11 (False), target==M01+K1.H1-U1:S1 (False)

节点缺失: source==M01+K1.B1-K10:14 (False), target==M01+K1.B1-K11:14 (False)

节点缺失: source==M01+K1.B1-K11:14 (False), target==M01+K1.B1-K9:12 (False)

节点缺失: source==M01+K1.B1-K9:12 (False), target==M01+K1.H1-U1:SC' (False)

节点缺失: source==M01+K1.B1-K11:11 (False), target==M01+K1.H1-U1:S2 (False)

节点缺失: source==M01+K1.B1-K9:11 (False), target==M01+K1.H1-U1:S6 (False)

节点缺失: source==M01+K1.H1-U1:S6 (False), target==M01+K1.H1-U1:S7/EB (False)

节点缺失: source==O01+K1.B1-V2:3 (False), target==O01+K1.B1-W5(-P2):X1:1 (False)

节点缺失: source==O01+K1.B1-A1:9 (False), target==O01+K1.B1-V2:1 (False)

节点缺失: source==O01+K1.B1-V2:1 (False), target==O01+K1.B1-V2:21 (False)

节点缺失: source==O01+K1.B1-W5(-P2):X1:2 (False), target==A02+K1.B1-X20-X20.4F:18 (False)

节点缺失: source==O01+K1.B1-K4:14 (False), target==A02+K1.B1-X20-X20.4F:18 (False)

节点缺失: source==O01+K1.B1-V2:2 (False), target==O01+K1.B1-K4:12 (False)

节点缺失: source==O01+S1-X1:1 (False), target==O01+S1-X1:1 (False)

节点缺失: source==P01+S11-D1.PCIe_X1_SLOT:CH1.1 (False), target==O01+S1-U1:IN.1 (False)

节点缺失: source==O01+S1-W515 (False), target==O01+S1-U1:OUT.G (False)

节点缺失: source==O01+S1-X1:G (False), target==O01+S1-X1:G (False)

节点缺失: source==O01+S1-X1:G (False), target==O01+S1-W515 (False)

节点缺失: source==O01+S1-U1:IN.G (False), target==P01+S11-D1.PCIe_X1_SLOT:CH1.G (False)

节点缺失: source==O01+S1-M1:+ (False), target==O01+S1-X1.2:1 (False)

节点缺失: source==A02+K1.B1-X20-X20.4M:17 (True), target==O01+S1-X1.2:1 (False)

节点缺失: source==O01+K1.B1-K4:11 (False), target==A02+K1.B1-X20-X20.4F:17 (False)

节点缺失: source==O01+S1-M1:- (False), target==O01+S1-X2:3 (False)

节点缺失: source==A02+K1.B1-X20-X20.4M:18 (True), target==O01+S1-X2:3 (False)

节点缺失: source==O01+K1.B1-K1:0 (False), target==O01+K1.B1-W5(-P2):X1:3 (False)

节点缺失: source==O01+K1.B1-K4:A2 (False), target==O01+K1.B1-K1:A (False)

节点缺失: source==O01+S1-X1.3:1 (False), target==O01+S1-E1-X6:1 (False)

节点缺失: source==A02+K1.B1-X20-X20.4M:19 (True), target==O01+S1-X1.3:1 (False)

节点缺失: source==O01+S1-X3:2 (False), target==O01+S1-E1(-X6):2 (False)

节点缺失: source==A02+K1.B1-X20-X20.4M:20 (True), target==O01+S1-X3:2 (False)

节点缺失: source==O01+S1-X3:3 (False), target==O01+S1-E1(-X6):3 (False)

节点缺失: source==A02+K1.B1-X20-X20.4M:21 (True), target==O01+S1-X3:3 (False)

节点缺失: source==O01+K1.B1-W5(-P1):X1:2 (False), target==A02+K1.B1-X20-X20.4F:21 (False)

节点缺失: source==O01+S1-X3:4 (False), target==O01+S1-E1(-X6):4 (False)

节点缺失: source==A02+K1.B1-X20-X20.4M:22 (True), target==O01+S1-X3:4 (False)

节点缺失: source==O01+K1.B1-A1:2 (False), target==A02+K1.B1-X20-X20.4F:22 (False)

节点缺失: source==O01+S1-X3:CASE (False), target==A02+K1.B1-W10:SE (False)

节点缺失: source==O01+K1.B1-K1:A2 (False), target==O01+K1.B1-W5(-P2):X1:4 (False)

节点缺失: source==O01+K1.B1-A1:16 (False), target==O01+K1.B1-K1:A1 (False)

节点缺失: source==O01+S1-X1:1 (False), target==O01+S1-U1:OUT.1 (False)

节点缺失: source==O01+K1.B1-K4:A1 (False), target==O01+K1.B1-A1:1 (False)

节点缺失: source==O01+K1.B1-A1:1 (False), target==A02+K1.B1-X20-X20.4F:20 (False)

节点缺失: source==O01+K1.B1-K1:+ (False), target==A02+K1.B1-X20-X20.4F:19 (False)

节点缺失: source==O01+K1.B1-W5(-P1):X1:1 (False), target==A02+K1.B1-X20-X20.4F:19 (False)

节点缺失: source==O01+K1.B1-A1:5 (False), target==A02+K1.B1-X21-X21.1F:23 (False)

节点缺失: source==A02+K1.B1-X21-X21.1F:23 (False), target==Q01+K1.B1-A4:6 (False)

节点缺失: source==O01+K1.B1-V1:2.1 (False), target==O01+K1.B1-W5(-P1):X1:9 (False)

节点缺失: source==A02+K1.B1-W6(-P2):X1:4 (False), target==O01+K1.B1-W5(-P2):X1:9 (False)

节点缺失: source==O01+K1.B1-A2:2 (False), target==O01+K1.B1-W5(-P1):X1:6 (False)

节点缺失: source==O01+K1.B1-A2:7 (False), target==O01+K1.B1-W5(-P2):X1:8 (False)

节点缺失: source==P01+K1.G1-E1:X3:L (False), target==O02+K1.G1-D2:L (False)
类似的target节点: ['=O02+K1.G1-D2:X4.CASE']

节点缺失: source==P01+K1.G1-E1:X3:N (False), target==O02+K1.G1-D2:N (False)
类似的target节点: ['=O02+K1.G1-D2:X4.CASE']

节点缺失: source==P01+K1.G1-E1:X3:PE (False), target==O02+K1.G1-D2:PE (False)
类似的target节点: ['=O02+K1.G1-D2:X4.CASE']

节点缺失: source==O02+K1.G1-D2:RJ45 (False), target==P01+K1.B1-A0.10:3:3 (False)
类似的source节点: ['=O02+K1.G1-D2:X4.CASE']

节点缺失: source==O01+K1.B1-A1:3 (False), target==O02+K1.B1-X9:1:4 (False)

节点缺失: source==O02+K1.G1-D2-X6:7 (False), target==O02+K1.B1-X9:1:3 (False)

节点缺失: source==O02+K1.B1-X9:2:5 (False), target==O01+K1.B1-W5(-P1):P1:2 (False)

节点缺失: source==O02+K1.G1-D2-X6:8 (False), target==O02+K1.B1-X9:2:2 (False)

节点缺失: source==O02+K1.B1-X9:3:4 (False), target==O01+K1.B1-W5(-P2):P2:2 (False)

节点缺失: source==O02+K1.G1-D2-X6:9 (False), target==O02+K1.B1-X9:3:3 (False)

节点缺失: source==O02+S1-X1:1 (False), target==O02+S1-H1:1 (False)

节点缺失: source==O02+S1-X1:4 (False), target==O02+S1-H1:1 (False)

节点缺失: source==O02+S1-X1:1 (False), target==O02+S1-X1:1 (False)

节点缺失: source==A02+K1.B1-X20-X20.5M:1 (True), target==O02+S1-X1:1 (False)

节点缺失: source==O02+S1-X1:1 (False), target==A02+K1.B1-X20-X20.5M:2 (True)

节点缺失: source==O02+K1.G1-D2-X2:.1 (False), target==A02+K1.B1-X20-X20.5F:1 (False)
类似的target节点: ['=A02+K1.B1-X20-X20.5F:17']

节点缺失: source==O02+K1.G1-D2-X2:.2 (False), target==A02+K1.B1-X20-X20.5F:2 (False)
类似的target节点: ['=A02+K1.B1-X20-X20.5F:17']

节点缺失: source==O02+S1-X1:4 (False), target==O02+S1-X1:4 (False)

节点缺失: source==A02+K1.B1-X20-X20.5M:3 (True), target==O02+S1-X1:4 (False)

节点缺失: source==O02+S1-X1:4 (False), target==A02+K1.B1-X20-X20.5M:4 (True)

节点缺失: source==O02+K1.G1-D2-X2:.6 (False), target==A02+K1.B1-X20-X20.5F:3 (False)
类似的target节点: ['=A02+K1.B1-X20-X20.5F:17']

节点缺失: source==O02+K1.G1-D2-X2:.7 (False), target==A02+K1.B1-X20-X20.5F:4 (False)
类似的target节点: ['=A02+K1.B1-X20-X20.5F:17']

节点缺失: source==O02+S1-H1:2 (False), target==O02+S1-X1:3 (False)

节点缺失: source==O02+S1-H1:2 (False), target==O02+S1-X1:2 (False)

节点缺失: source==O02+S1-X1:3 (False), target==O02+S1-X1:3 (False)

节点缺失: source==A02+K1.B1-X20-X20.5M:5 (True), target==O02+S1-X1:3 (False)

节点缺失: source==O02+S1-X1:3 (False), target==A02+K1.B1-X20-X20.5M:6 (True)

节点缺失: source==O02+K1.G1-D2-X2:.4 (False), target==A02+K1.B1-X20-X20.5F:5 (False)
类似的target节点: ['=A02+K1.B1-X20-X20.5F:17']

节点缺失: source==O02+K1.G1-D2-X2:.5 (False), target==A02+K1.B1-X20-X20.5F:6 (False)
类似的target节点: ['=A02+K1.B1-X20-X20.5F:17']

节点缺失: source==O02+S1-X1:2 (False), target==O02+S1-X1:2 (False)

节点缺失: source==A02+K1.B1-X20-X20.5M:7 (True), target==O02+S1-X1:2 (False)

节点缺失: source==O02+S1-X1:2 (False), target==A02+K1.B1-X20-X20.5M:8 (True)

节点缺失: source==O02+K1.G1-D2-X2:.8 (False), target==A02+K1.B1-X20-X20.5F:7 (False)
类似的target节点: ['=A02+K1.B1-X20-X20.5F:17']

节点缺失: source==O02+K1.G1-D2-X2:.9 (False), target==A02+K1.B1-X20-X20.5F:8 (False)
类似的target节点: ['=A02+K1.B1-X20-X20.5F:17']

节点缺失: source==O02+K1.B1-X9:4:5 (False), target==O01+K1.B1-W5(-P2):P2:2 (False)

节点缺失: source==O02+K1.G1-D2-X5:1 (False), target==O02+K1.B1-X9:4:2 (False)

节点缺失: source==O02+K1.B1-X9:4:2 (False), target==O02+K1.G1-D2-X5:2 (False)

节点缺失: source==O02+K1.B1-X9:5:4 (False), target==O01+K1.B1-W5(-P1):P1:2 (False)

节点缺失: source==O02+K1.G1-D2-X5:4 (False), target==O02+K1.B1-X9:5:3 (False)

节点缺失: source==O02+K1.B1-X9:5:3 (False), target==O02+K1.G1-D2-X5:5 (False)

节点缺失: source==O02+K1.H1-A20-X4:CASE (True), target==O02+K1-W312 (False)

节点缺失: source==O02+K1.G1-D2:X4.CASE (True), target==O02+K1-W312 (False)

节点缺失: source==O02+K1.G1-D2:X4.4 (False), target==O02+K1.H1-A20-X4:3 (False)
类似的source节点: ['=O02+K1.G1-D2:X4.CASE']
类似的target节点: ['=O02+K1.H1-A20-X4:CASE']

节点缺失: source==O02+K1.G1-D2:X4.3 (False), target==O02+K1.H1-A20-X4:1 (False)
类似的source节点: ['=O02+K1.G1-D2:X4.CASE']
类似的target节点: ['=O02+K1.H1-A20-X4:CASE']

节点缺失: source==O02+K1.G1-D2:X4.5 (False), target==O02+K1.H1-A20-X4:7 (False)
类似的source节点: ['=O02+K1.G1-D2:X4.CASE']
类似的target节点: ['=O02+K1.H1-A20-X4:CASE']

节点缺失: source==O02+K1.G1-D2:X4.1 (False), target==O02+K1.H1-A20-X4:5 (False)
类似的source节点: ['=O02+K1.G1-D2:X4.CASE']
类似的target节点: ['=O02+K1.H1-A20-X4:CASE']

节点缺失: source==O02+K1-W312 (False), target==A02+K1.H1-W10:SE (True)

节点缺失: source==O02+K1.H1-A20-X1:2 (False), target==O01+K1.B1-W5(-P1):P1:2 (False)

节点缺失: source==O02+K1.H1-A20-X1:4 (False), target==O02+K1.B1-O01-W5(-P2):P2:2 (False)

节点缺失: source==O02+K1.H1-A20-X2:CASE (True), target==O02+I1-W311 (False)

节点缺失: source==O02+S1-B4:CASE (False), target==+ (False)

节点缺失: source==A02+K1.B1-X20-X20.5F:9 (False), target==O02+K1.H1-A20-X2:3 (False)
类似的source节点: ['=A02+K1.B1-X20-X20.5F:17']
类似的target节点: ['=O02+K1.H1-A20-X2:CASE']

节点缺失: source==O02+S1-B4:1 (False), target==A02+K1.B1-X20-X20.5M:9 (True)

节点缺失: source==A02+K1.B1-X20-X20.5F:10 (False), target==O02+K1.H1-A20-X2:2 (False)
类似的source节点: ['=A02+K1.B1-X20-X20.5F:17']
类似的target节点: ['=O02+K1.H1-A20-X2:CASE']

节点缺失: source==O02+S1-B4:2 (False), target==A02+K1.B1-X20-X20.5M:10 (True)

节点缺失: source==A02+K1.B1-X20-X20.5F:11 (False), target==O02+K1.H1-A20-X2:1 (False)
类似的source节点: ['=A02+K1.B1-X20-X20.5F:17']
类似的target节点: ['=O02+K1.H1-A20-X2:CASE']

节点缺失: source==O02+S1-B4:3 (False), target==A02+K1.B1-X20-X20.5M:11 (True)

节点缺失: source==A02+K1.B1-X20-X20.5F:12 (False), target==O02+K1.H1-A20-X2:9 (False)
类似的source节点: ['=A02+K1.B1-X20-X20.5F:17']
类似的target节点: ['=O02+K1.H1-A20-X2:CASE']

节点缺失: source==O02+S1-B4:4 (False), target==A02+K1.B1-X20-X20.5M:12 (True)

节点缺失: source==A02+K1.B1-X20-X20.5F:13 (False), target==O02+K1.H1-A20-X2:7 (False)
类似的source节点: ['=A02+K1.B1-X20-X20.5F:17']
类似的target节点: ['=O02+K1.H1-A20-X2:CASE']

节点缺失: source==O02+S1-B4:5 (False), target==A02+K1.B1-X20-X20.5M:13 (True)

节点缺失: source==A02+K1.B1-X20-X20.5F:14 (False), target==O02+K1.H1-A20-X2:6 (False)
类似的source节点: ['=A02+K1.B1-X20-X20.5F:17']
类似的target节点: ['=O02+K1.H1-A20-X2:CASE']

节点缺失: source==O02+S1-B4:6 (False), target==A02+K1.B1-X20-X20.5M:14 (True)

节点缺失: source==A02+K1.B1-X20-X20.5F:15 (False), target==O02+K1.H1-A20-X2:4 (False)
类似的source节点: ['=A02+K1.B1-X20-X20.5F:17']
类似的target节点: ['=O02+K1.H1-A20-X2:CASE']

节点缺失: source==O02+S1-B4:7 (False), target==A02+K1.B1-X20-X20.5M:15 (True)

节点缺失: source==A02+K1.B1-X20-X20.5F:16 (False), target==O02+K1.H1-A20-X2:5 (False)
类似的source节点: ['=A02+K1.B1-X20-X20.5F:17']
类似的target节点: ['=O02+K1.H1-A20-X2:CASE']

节点缺失: source==O02+S1-B4:8 (False), target==A02+K1.B1-X20-X20.5M:16 (True)

节点缺失: source==O02+K1-W311 (False), target==A02+K1.H1-W10:SE (True)

节点缺失: source==O02+I1-W311 (False), target==O02+S1-B4:9 (False)

节点缺失: source==A02+K1.B1-X20-X20.1M:7 (True), target==A02+S1-A21-X1:7 (False)

节点缺失: source==O01+K1.B1-A1:10 (False), target==A02+K1.B1-X20-X20.1F:7 (False)

节点缺失: source==A02+K1.B1-X20-X20.1M:8 (True), target==A02+S1-A21-X1:8 (False)

节点缺失: source==O01+K1.B1-A1:11 (False), target==A02+K1.B1-X20-X20.1F:8 (False)

节点缺失: source==O02+K1.H1-A20-X3:5 (False), target==O01+K1.B1-W5(-P2):P2:1 (False)

节点缺失: source==O02+K1.H1-A20-X3:3 (False), target==O01+K1.B1-A2:1 (False)

节点缺失: source==O02+K1.H1-A20-X3:1 (False), target==O01+K1.B1-A2:5 (False)

节点缺失: source==O02+K1.H1-A20-X3:7 (False), target==O01+K1.B1-A2:4 (False)

节点缺失: source==P01+K1.G1-D1:L (False), target==P01+K1.G1-E1:X1:L (False)
类似的source节点: ['=P01+K1.G1-D1:USB6']

节点缺失: source==P01+K1.G1-E1:X0:L (False), target==A01+K1.B1-X20:L (False)

节点缺失: source==P01+K1.G1-D1:N (False), target==P01+K1.G1-E1:X1:N (False)
类似的source节点: ['=P01+K1.G1-D1:USB6']

节点缺失: source==P01+K1.G1-E1:X0:N (False), target==A01+K1.B1-X20:N (False)

节点缺失: source==P01+K1.G1-D1:PE (False), target==P01+K1.G1-E1:X1:PE (False)
类似的source节点: ['=P01+K1.G1-D1:USB6']

节点缺失: source==P01+K1.G1-E1:X0:PE (False), target==A01+K1.B1-X20:PE (False)

节点缺失: source==P01+K1.G1-D1:USB1 (False), target==P01+K1.G1-E1:USB (False)
类似的source节点: ['=P01+K1.G1-D1:USB6']

节点缺失: source==P01+K1.G1-D1:USB3 (False), target==P01+K1.G2-X1 (False)
类似的source节点: ['=P01+K1.G1-D1:USB6']

节点缺失: source==P01+K1.G2-X1:USB A (False), target==P01+K1.G2-X1 (False)

节点缺失: source==P01+K1.G1-D1:MOUSE (False), target==P01+K1.G2-X2 (False)
类似的source节点: ['=P01+K1.G1-D1:USB6']

节点缺失: source==P01+K1.G2-X2:USB A (False), target==P01+K1.G2-X2 (False)

节点缺失: source==P01+K1.G2-P1:L (False), target==P01+K1.G1-E1:X2:L (False)

节点缺失: source==P01+K1.G2-P1:N (False), target==P01+K1.G1-E1:X2:N (False)

节点缺失: source==P01+K1.G2-P1:PE (False), target==P01+K1.G1-E1:X2:PE (False)

节点缺失: source==A02+K1.H2-X6:PE:2 (False), target==+:PE (False)

节点缺失: source==P01+K1.G1-D1:RJ45 (False), target==P01+K1.B1-A0.10:1:1 (False)
类似的source节点: ['=P01+K1.G1-D1:USB6']

节点缺失: source==A02+K1.A1-X21:Ethernet (False), target==P01+K1.G1-D1:RJ45 (False)
类似的target节点: ['=P01+K1.G1-D1:USB6']

节点缺失: source==P01+K1.B1-X9:1:4 (False), target==P01+K1.H1-D2:+ (False)

节点缺失: source==P01+K1.B1-V1:2.1 (False), target==P01+K1.B1-X9:1:3 (False)

节点缺失: source==A01+K1.B1-W7(-P1):P1:2 (False), target==P01+K1.B1-V1:1.1 (False)

节点缺失: source==P01+K1.B1-X9:PE:1 (False), target==P01+K1.H1-D2:GND (False)

节点缺失: source==P01+K1.B1-X9:2:5 (False), target==P01+K1.H1-D2:- (False)

节点缺失: source==P01+K1.B1-X9:2:2 (False), target==A01+K1.B1-W7(-P2):P2:2 (False)

节点缺失: source==A01+K1.B1-W7(-P2):P2:2 (False), target==P01+K1.B1-V1:3.1 (False)

节点缺失: source==P01+K1.H1-D2-LAN-A (False), target==P01+K1.G1-D1:RJ45 (False)
类似的target节点: ['=P01+K1.G1-D1:USB6']

节点缺失: source==A01+K1.B1-W7(-P1):P1:1 (False), target==P01+K1.B1-A0.10:US:1 (False)

节点缺失: source==P01+K1.B1-A0.10:US:2 (False), target==A01+K1.B1-W7(-P2):P2:1 (False)

节点缺失: source==P01+K1.B1-A0.10:2:2 (False), target==P01+K1.H1-D2-LAN-A (False)

节点缺失: source==A02+K1.H2-X6:PE:2 (False), target==P01+K1.B1-A0.10:US:3 (False)

节点缺失: source==P01+K1.B1-A0.0:1 (False), target==A02+K1.B1-W5(-P1):X3:5 (False)

节点缺失: source==P01+K1.B1-A0.0:5 (False), target==A02+K1.B1-W5(-P2):X4:7 (False)

节点缺失: source==P01+K1.B1-A0.0:2 (False), target==A02+K1.B1-W5(-P1):X3:6 (False)

节点缺失: source==P01+K1.B1-A0.0:7 (False), target==A02+K1.B1-W5(-P2):X4:8 (False)

节点缺失: source==P01+K1.B1-A0.0:EtherCAT IN (False), target==P01+K1.H1-D2-LAN-A (False)

节点缺失: source==P01+K1.B1-A0:EtherCAT IN (False), target==P01+K1.B1-A0.0:EtherCAT OUT (False)

节点缺失: source==F01+S1-N1.123:EtherCAT IN (False), target==F01+K1.D2-X11:1 (False)

节点缺失: source==F01+K1.D2-X11:1 (False), target==F01+K1.D2-X11:1 (False)

节点缺失: source==F01+K1.D2-X11:1 (False), target==P01+K1.B1-A0.2:EtherCAT X2 (False)

节点缺失: source==M01+K1.H1-U1:IN:1-8 (False), target==P01+K1.B1-A0.2:EtherCAT X1 (False)

节点缺失: source==F01+S1-N2:EtherCAT IN (False), target==F01+S1-N1.123:EtherCAT OUT (False)

节点缺失: source==P01+K1.B1-A0:1 (False), target==A01+K1.B1-W7(-P1):X3:5 (False)

节点缺失: source==P01+K1.B1-A0:5 (False), target==A01+K1.B1-W7(-P2):X4:7 (False)

节点缺失: source==P01+K1.B1-A0:2 (False), target==A02+K1.B1-W5(-P1):X3:6 (False)

节点缺失: source==P01+K1.B1-A0:7 (False), target==A02+K1.B1-W5(-P2):X4:8 (False)

节点缺失: source==P01+K1.B1-X9:3:4 (False), target==A02+K1.B1-W5(-P1):P1 (False)

节点缺失: source==P01+K1.B1-X9:4:5 (False), target==Q01+K1.B1-X9:33:4 (False)

节点缺失: source==P01+K1.B1-X9:5:4 (False), target==Q01+K1.B1-X9:41:4 (False)

节点缺失: source==P01+K1.B1-X9:7:4 (False), target==A02+K1.B1-K21:71 (False)

节点缺失: source==P01+K1.G2-X3:1-15 (True), target==P01+S1-A50:X1.1-15 (False)

节点缺失: source==P01+S1-A50-X1:1 (False), target==P01+S1-A50-S6:13 (False)

节点缺失: source==P01+S1-A50-S1:14 (False), target==P01+S1-A50-X1:2 (False)

节点缺失: source==P01+S1-A50-S1:13 (False), target==P01+S1-A50-S2:13 (False)

节点缺失: source==P01+S1-A50-S6:14 (False), target==P01+S1-A50-S2:13 (False)

节点缺失: source==P01+S1-A50-S6:14 (False), target==P01+S1-A50-S3:13 (False)

节点缺失: source==P01+S1-A50-S3:13 (False), target==P01+S1-A50-S4:13 (False)

节点缺失: source==P01+S1-A50-S4:13 (False), target==P01+S1-A50-S5:11 (False)

节点缺失: source==P01+S1-A50-S2:14 (False), target==P01+S1-A50-X1:3 (False)

节点缺失: source==P01+S1-A50-S3:14 (False), target==P01+S1-A50-X1:4 (False)

节点缺失: source==P01+S1-A50-S4:14 (False), target==P01+S1-A50-X1:5 (False)

节点缺失: source==P01+S1-A50-S5:14 (False), target==P01+S1-A50-X1:6 (False)

节点缺失: source==P01+S1-A50-S5:12 (False), target==P01+S1-A50-X1:7 (False)

节点缺失: source==A02+K1.B1-K21:72 (False), target==A02+K1.B1-A3:12 (False)

节点缺失: source==A01+S1-W0 (False), target==Q01+K1.G1-G1:PE (False)
类似的target节点: ['=Q01+K1.G1-G1:B.S', '=Q01+K1.G1-G1:GND', '=Q01+K1.G1-G1:GND.S']

节点缺失: source==Q01+K1.B1-X20:1:2 (False), target==Q01+K1.G1-G1:A (False)
类似的target节点: ['=Q01+K1.G1-G1:B.S', '=Q01+K1.G1-G1:GND', '=Q01+K1.G1-G1:GND.S']

节点缺失: source==Q01+K1.H2-Q1:T1 (False), target==Q01+K1.B1-X20:1:1 (False)

节点缺失: source==A02+K1.H2-W2:2L1 (False), target==Q01+K1.H2-Q1:L1 (False)

节点缺失: source==Q01+K1.B1-X20:2:2 (False), target==Q01+K1.G1-G1:B (False)
类似的target节点: ['=Q01+K1.G1-G1:B.S', '=Q01+K1.G1-G1:GND', '=Q01+K1.G1-G1:GND.S']

节点缺失: source==Q01+K1.H2-Q1:T2 (False), target==Q01+K1.B1-X20:2:1 (False)

节点缺失: source==A02+K1.H2-W2:2L2 (False), target==Q01+K1.H2-Q1:L2 (False)

节点缺失: source==Q01+K1.B1-X20:3:2 (False), target==Q01+K1.G1-G1:C (False)
类似的target节点: ['=Q01+K1.G1-G1:B.S', '=Q01+K1.G1-G1:GND', '=Q01+K1.G1-G1:GND.S']

节点缺失: source==Q01+K1.H2-Q1:T3 (False), target==Q01+K1.B1-X20:3:1 (False)

节点缺失: source==A02+K1.H2-W2:2L3 (False), target==Q01+K1.H2-Q1:L3 (False)

节点缺失: source==Q01+K1.B1-X20:PE:1 (False), target==Q01+K1.G1-G1:PE (False)
类似的target节点: ['=Q01+K1.G1-G1:B.S', '=Q01+K1.G1-G1:GND', '=Q01+K1.G1-G1:GND.S']

节点缺失: source==A02+K1.H2-X6:3:2 (False), target==Q01+K1.B1-X20:PE:2 (False)

节点缺失: source==A01+S1-W0 (False), target==Q01+S1-N1:PE (False)

节点缺失: source==A02+K1-W30:SE (False), target==A02+K1-W30:SE (False)

节点缺失: source==Q01+S1-N1:X7.1 (False), target==Q01+K1.G1-G1:A (False)
类似的target节点: ['=Q01+K1.G1-G1:B.S', '=Q01+K1.G1-G1:GND', '=Q01+K1.G1-G1:GND.S']

节点缺失: source==Q01+S1-N1:X7.S (False), target==Q01+S1-N4:X7.S (False)

节点缺失: source==Q01+S1-N4:PE (False), target==A01+S1-W0 (False)

节点缺失: source==Q01+S1-N4:X7.1 (False), target==Q01+K1.G1-G1:B (False)
类似的target节点: ['=Q01+K1.G1-G1:B.S', '=Q01+K1.G1-G1:GND', '=Q01+K1.G1-G1:GND.S']

节点缺失: source==Q01+I1-W104:Schirm1 (False), target==Q01+K1.G1-G1:B.S (True)

节点缺失: source==A02+K1-W30:SE (False), target==Q01+I1-W105:Schirm2 (False)

节点缺失: source==Q01+S1-X100:1:1 (False), target==Q01+K1.G1-G1:GND (True)

节点缺失: source==Q01+K1.H2-Q1:14 (False), target==Q01+K1.B1-A1:1 (False)

节点缺失: source==Q01+K1.G1-G1:GND.S (True), target==Q01+S1-X100:G (False)

节点缺失: source==Q01+K1.B1-X9:1:4 (False), target==Q01+K1.G1-G1:J2.1 (False)
类似的target节点: ['=Q01+K1.G1-G1:B.S', '=Q01+K1.G1-G1:GND', '=Q01+K1.G1-G1:GND.S']

节点缺失: source==Q01+K1.B1-X9:1:3 (False), target==Q01+K1.B1-X9:2:2 (False)

节点缺失: source==Q01+K1.B1-X9:2:5 (False), target==Q01+K1.G1-G1:J2.2 (False)
类似的target节点: ['=Q01+K1.G1-G1:B.S', '=Q01+K1.G1-G1:GND', '=Q01+K1.G1-G1:GND.S']

节点缺失: source==Q01+K1.G1-G1:J3.CASE (False), target==A02+K1.B1-W11:SE (False)
类似的source节点: ['=Q01+K1.G1-G1:B.S', '=Q01+K1.G1-G1:GND', '=Q01+K1.G1-G1:GND.S']

节点缺失: source==Q01+K1.B1-A10:7 (False), target==Q01+K1.G1-G1:J3.1 (False)
类似的target节点: ['=Q01+K1.G1-G1:B.S', '=Q01+K1.G1-G1:GND', '=Q01+K1.G1-G1:GND.S']

节点缺失: source==Q01+K1.B1-A10:8 (False), target==Q01+K1.G1-G1:J3.2 (False)
类似的target节点: ['=Q01+K1.G1-G1:B.S', '=Q01+K1.G1-G1:GND', '=Q01+K1.G1-G1:GND.S']

节点缺失: source==Q01+K1.B1-A11:3 (False), target==Q01+K1.G1-G1:J3.5 (False)
类似的target节点: ['=Q01+K1.G1-G1:B.S', '=Q01+K1.G1-G1:GND', '=Q01+K1.G1-G1:GND.S']

节点缺失: source==Q01+K1.B1-A11:4 (False), target==Q01+K1.G1-G1:J3.6 (False)
类似的target节点: ['=Q01+K1.G1-G1:B.S', '=Q01+K1.G1-G1:GND', '=Q01+K1.G1-G1:GND.S']

节点缺失: source==Q01+K1.B1-A11:7 (False), target==Q01+K1.G1-G1:J3.7 (False)
类似的target节点: ['=Q01+K1.G1-G1:B.S', '=Q01+K1.G1-G1:GND', '=Q01+K1.G1-G1:GND.S']

节点缺失: source==Q01+K1.B1-A11:8 (False), target==Q01+K1.G1-G1:J3.9 (False)
类似的target节点: ['=Q01+K1.G1-G1:B.S', '=Q01+K1.G1-G1:GND', '=Q01+K1.G1-G1:GND.S']

节点缺失: source==Q01+K1.B1-W5(-P2):P2:1 (False), target==Q01+K1.B1-X9:4:5 (False)

节点缺失: source==Q01+K1.G1-G1:J4.CASE (False), target==A02+K1.B1-W9:SE (False)
类似的source节点: ['=Q01+K1.G1-G1:B.S', '=Q01+K1.G1-G1:GND', '=Q01+K1.G1-G1:GND.S']

节点缺失: source==Q01+K1.B1-X9:3:4 (False), target==Q01+K1.B1-A1:9 (False)

节点缺失: source==Q01+K1.G1-G1:J4.1 (False), target==Q01+K1.B1-X9:3:3 (False)
类似的source节点: ['=Q01+K1.G1-G1:B.S', '=Q01+K1.G1-G1:GND', '=Q01+K1.G1-G1:GND.S']

节点缺失: source==Q01+K1.G1-G1:J4.2 (False), target==Q01+K1.B1-X9:4:2 (False)
类似的source节点: ['=Q01+K1.G1-G1:B.S', '=Q01+K1.G1-G1:GND', '=Q01+K1.G1-G1:GND.S']

节点缺失: source==Q01+K1.B1-X9:5:4 (False), target==Q01+K1.B1-A1:2 (False)

节点缺失: source==Q01+K1.G1-G1:J4.5 (False), target==Q01+K1.B1-X9:5:3 (False)
类似的source节点: ['=Q01+K1.G1-G1:B.S', '=Q01+K1.G1-G1:GND', '=Q01+K1.G1-G1:GND.S']

节点缺失: source==Q01+K1.B1-X9:6:5 (False), target==Q01+K1.B1-W5(-P1):X1:1 (False)

节点缺失: source==Q01+K1.G1-G1:J4.6 (False), target==Q01+K1.B1-X9:6:2 (False)
类似的source节点: ['=Q01+K1.G1-G1:B.S', '=Q01+K1.G1-G1:GND', '=Q01+K1.G1-G1:GND.S']

节点缺失: source==Q01+K1.B1-X9:7:4 (False), target==Q01+K1.B1-A1:3 (False)

节点缺失: source==Q01+K1.G1-G1:J4.7 (False), target==Q01+K1.B1-X9:7:3 (False)
类似的source节点: ['=Q01+K1.G1-G1:B.S', '=Q01+K1.G1-G1:GND', '=Q01+K1.G1-G1:GND.S']

节点缺失: source==Q01+K1.B1-X9:8:5 (False), target==Q01+K1.B1-W5(-P1):X1:2 (False)

节点缺失: source==Q01+K1.G1-G1:J4.8 (False), target==Q01+K1.B1-X9:8:2 (False)
类似的source节点: ['=Q01+K1.G1-G1:B.S', '=Q01+K1.G1-G1:GND', '=Q01+K1.G1-G1:GND.S']

节点缺失: source==Q01+K1.B1-X9:9:4 (False), target==Q01+K1.B1-A1:4 (False)

节点缺失: source==Q01+K1.G1-G1:J4.9 (False), target==Q01+K1.B1-X9:9:3 (False)
类似的source节点: ['=Q01+K1.G1-G1:B.S', '=Q01+K1.G1-G1:GND', '=Q01+K1.G1-G1:GND.S']

节点缺失: source==Q01+K1.B1-X9:10:5 (False), target==Q01+K1.B1-W5(-P1):X1:3 (False)

节点缺失: source==Q01+K1.G1-G1:J4.10 (False), target==Q01+K1.B1-X9:10:2 (False)
类似的source节点: ['=Q01+K1.G1-G1:B.S', '=Q01+K1.G1-G1:GND', '=Q01+K1.G1-G1:GND.S']

节点缺失: source==Q01+K1.B1-X9:11:4 (False), target==Q01+K1.B1-A1:5 (False)

节点缺失: source==Q01+K1.G1-G1:J4.11 (False), target==Q01+K1.B1-X9:11:3 (False)
类似的source节点: ['=Q01+K1.G1-G1:B.S', '=Q01+K1.G1-G1:GND', '=Q01+K1.G1-G1:GND.S']

节点缺失: source==Q01+K1.B1-X9:12:5 (False), target==Q01+K1.B1-W5(-P1):X1:4 (False)

节点缺失: source==Q01+K1.G1-G1:J4.12 (False), target==Q01+K1.B1-X9:12:2 (False)
类似的source节点: ['=Q01+K1.G1-G1:B.S', '=Q01+K1.G1-G1:GND', '=Q01+K1.G1-G1:GND.S']

节点缺失: source==Q01+K1.B1-X9:13:4 (False), target==Q01+K1.B1-A1:6 (False)

节点缺失: source==Q01+K1.G1-G1:J4.13 (False), target==Q01+K1.B1-X9:13:3 (False)
类似的source节点: ['=Q01+K1.G1-G1:B.S', '=Q01+K1.G1-G1:GND', '=Q01+K1.G1-G1:GND.S']

节点缺失: source==Q01+K1.B1-X9:14:5 (False), target==Q01+K1.B1-W5(-P1):X1:5 (False)

节点缺失: source==Q01+K1.G1-G1:J4.14 (False), target==Q01+K1.B1-X9:14:2 (False)
类似的source节点: ['=Q01+K1.G1-G1:B.S', '=Q01+K1.G1-G1:GND', '=Q01+K1.G1-G1:GND.S']

节点缺失: source==Q01+K1.D2-X1:1 (False), target==Q01+K1.D2-X1:1 (False)

节点缺失: source==Q01+K1.D2-X1:1 (False), target==Q01+S1-N1:X0.1 (False)

节点缺失: source==Q01+K1.H2-Q2:T1 (False), target==Q01+K1.D2-X1:1 (False)

节点缺失: source==A02+K1.H2-W3:3L1 (False), target==Q01+K1.H2-Q2:L1 (False)

节点缺失: source==Q01+K1.D2-X1:2 (False), target==Q01+K1.D2-X1:2 (False)

节点缺失: source==Q01+K1.D2-X1:2 (False), target==Q01+S1-N1:X0.2 (False)

节点缺失: source==Q01+K1.H2-Q2:T2 (False), target==Q01+K1.D2-X1:2 (False)

节点缺失: source==Q01+K1.H2-Q2:T2 (False), target==Q01+K1.D2-X2:2 (False)

节点缺失: source==A02+K1.H2-W3:3L2 (False), target==Q01+K1.H2-Q2:L2 (False)

节点缺失: source==Q01+K1.D2-X1:3 (False), target==Q01+K1.D2-X1:3 (False)

节点缺失: source==Q01+K1.H2-Q2:T3 (False), target==Q01+K1.D2-X2:1 (False)

节点缺失: source==A02+K1.H2-W3:3L3 (False), target==Q01+K1.H2-Q2:L3 (False)

节点缺失: source==Q01+K1.D2-X1:PE (False), target==Q01+S1-N1:X0.PE (False)

节点缺失: source==Q01+K1.D2-X1:PE (False), target==Q01+K1.D2-X1:PE (False)

节点缺失: source==A02+K1.H2-X6:4:2 (False), target==Q01+K1.D2-X1:PE (False)

节点缺失: source==Q01+S1-E1:1 (False), target==Q01+S1-N1:X5.1 (False)

节点缺失: source==Q01+S1-E1:S (False), target==Q01+S1-N1:X5.S (False)

节点缺失: source==Q01+S1-E1:1 (False), target==Q01+S1-N1:X6.1 (False)

节点缺失: source==Q01+S1-E1:S (False), target==Q01+S1-N1:X6.S (False)

节点缺失: source==Q01+K1.H2-Q2:14 (False), target==Q01+K1.B1-A4:1 (False)

节点缺失: source==Q01+K1.H2-Q2:14 (False), target==Q01+K1.B1-A7:1 (False)

节点缺失: source==Q01+K1.B1-W5(-P1):P1:2 (False), target==Q01+K1.H2-Q2:13 (False)

节点缺失: source==Q01+S1-N1:X1.CASE (False), target==A02+K1.B1-W10:SE (False)

节点缺失: source==A02+K1.B1-X21-X21.1M:1 (True), target==Q01+S1-N1:X1.1 (False)

节点缺失: source==Q01+K1.B1-A4:9 (False), target==A02+K1.B1-X21-X21.1F:1 (False)

节点缺失: source==A02+K1.B1-X21-X21.1M:2 (True), target==Q01+S1-N1:X1.2 (False)

节点缺失: source==A02+K1.B1-X21-X21.1F:2 (False), target==Q01+K1.B1-W5(-P2):P2:2 (False)

节点缺失: source==A02+K1.B1-X21-X21.1M:3 (True), target==Q01+S1-N1:X1.3 (False)

节点缺失: source==Q01+K1.B1-A4:10 (False), target==A02+K1.B1-X21-X21.1F:3 (False)

节点缺失: source==A02+K1.B1-X21-X21.1M:4 (True), target==Q01+S1-N1:X1.4 (False)

节点缺失: source==A02+K1.B1-X21-X21.1F:4 (False), target==Q01+K1.B1-W5(-P2):P2:2 (False)

节点缺失: source==A02+K1.B1-X21-X21.1M:5 (True), target==Q01+S1-N1:X1.5 (False)

节点缺失: source==Q01+K1.B1-A4:11 (False), target==A02+K1.B1-X21-X21.1F:5 (False)

节点缺失: source==A02+K1.B1-X21-X21.1M:6 (True), target==Q01+S1-N1:X1.6 (False)

节点缺失: source==A02+K1.B1-X21-X21.1F:6 (False), target==Q01+K1.B1-W5(-P2):P2:2 (False)

节点缺失: source==A02+K1.B1-X21-X21.1M:7 (True), target==Q01+S1-N1:X1.7 (False)

节点缺失: source==Q01+K1.B1-A4:2 (False), target==A02+K1.B1-X21-X21.1F:7 (False)

节点缺失: source==A02+K1.B1-X21-X21.1M:8 (True), target==Q01+S1-N1:X1.9 (False)

节点缺失: source==Q01+K1.B1-A4:3 (False), target==A02+K1.B1-X21-X21.1F:8 (False)

节点缺失: source==A02+K1.B1-X21-X21.1M:9 (True), target==Q01+S1-N1:X1.8 (False)

节点缺失: source==A02+K1.B1-X21-X21.1F:9 (False), target==Q01+K1.B1-W5(-P1):P1 (False)

节点缺失: source==A02+K1.B1-X21-X21.1M:10 (True), target==Q01+S1-N1-X2:3 (False)

节点缺失: source==Q01+K1.B1-A3:1 (False), target==A02+K1.B1-X21-X21.1F:10 (False)

节点缺失: source==A02+K1.B1-X21-X21.1M:11 (True), target==Q01+S1-N1-X2:4 (False)

节点缺失: source==Q01+K1.B1-A3:2 (False), target==A02+K1.B1-X21-X21.1F:11 (False)

节点缺失: source==A02+K1.B1-X21-X21.1M:12 (True), target==Q01+S1-N1-X2:7 (False)

节点缺失: source==Q01+K1.B1-A3:5 (False), target==A02+K1.B1-X21-X21.1F:12 (False)

节点缺失: source==A02+K1.B1-X21-X21.1M:13 (True), target==Q01+S1-N1-X2:8 (False)

节点缺失: source==Q01+K1.B1-A3:6 (False), target==A02+K1.B1-X21-X21.1F:13 (False)

节点缺失: source==A02+K1.B1-X21-X21.1M:14 (True), target==Q01+S1-N1-X2:1 (False)

节点缺失: source==Q01+K1.B1-A2:1 (False), target==A02+K1.B1-X21-X21.1F:14 (False)

节点缺失: source==A02+K1.B1-X21-X21.1M:15 (True), target==Q01+S1-N1-X2:2 (False)

节点缺失: source==Q01+K1.B1-A2:2 (False), target==A02+K1.B1-X21-X21.1F:15 (False)

节点缺失: source==A02+K1.B1-X21-X21.1M:16 (True), target==Q01+S1-N1-X2:5 (False)

节点缺失: source==Q01+K1.B1-A2:5 (False), target==A02+K1.B1-X21-X21.1F:16 (False)

节点缺失: source==A02+K1.B1-X21-X21.1M:17 (True), target==Q01+S1-N1-X2:6 (False)

节点缺失: source==Q01+K1.B1-A2:6 (False), target==A02+K1.B1-X21-X21.1F:17 (False)

节点缺失: source==Q01+I1-W413:Schirm (False), target==Q01+S1-N1:X2.CASE (False)

节点缺失: source==Q01+K1-W413:Schirm (False), target==A02+K1.B1-W11:SE (False)

节点缺失: source==Q01+K1.H1-G2:- (False), target==Q01+K1.B1-X9:16:2 (False)

节点缺失: source==Q01+K1.B1-X9:16:2 (False), target==Q01+K1.B1-X9:36:2 (False)

节点缺失: source==Q01+K1.H2-Q3:T1 (False), target==Q01+K1.H1-G2:L1 (False)

节点缺失: source==A02+K1.H2-W3:3L1 (False), target==Q01+K1.H2-Q3:L1 (False)

节点缺失: source==Q01+K1.H1-G2:+ (False), target==Q01+K1.B1-X9:15:3 (False)

节点缺失: source==Q01+K1.B1-X9:15:3 (False), target==Q01+K1.B1-X9:35:3 (False)

节点缺失: source==Q01+K1.H2-Q3:T2 (False), target==Q01+K1.H1-G2:L2 (False)

节点缺失: source==A02+K1.H2-W3:3L2 (False), target==Q01+K1.H2-Q3:L2 (False)

节点缺失: source==Q01+K1.H2-Q3:T3 (False), target==Q01+K1.H1-G2:L3 (False)

节点缺失: source==A02+K1.H2-W3:3L3 (False), target==Q01+K1.H2-Q3:L3 (False)

节点缺失: source==Q01+K1.H1-G2:- (False), target==A02+K1.H2-X6:PE:1 (False)

节点缺失: source==Q01+K1.B1-X9:PE:1 (False), target==Q01+K1.H1-G2:PE (False)

节点缺失: source==Q01+K1.H2-Q3:14 (False), target==Q01+K1.B1-A4:4 (False)

节点缺失: source==Q01+K1.H2-Q3:14 (False), target==Q01+K1.B1-A7:4 (False)

节点缺失: source==Q01+K1.B1-W5(-P1):P1:1 (False), target==Q01+K1.H2-Q3:13 (False)

节点缺失: source==Q01+S1-E1:X1.CASE (False), target==Q01+I1-W118:Schirm (False)

节点缺失: source==A02+K1.B1-X21-X21.1M:18 (True), target==Q01+S1-E1:X1.1 (False)

节点缺失: source==Q01+K1.B1-X9:15:4 (False), target==Q01+K1.G1-N2:X0.+24V (False)

节点缺失: source==A02+K1.B1-X21-X21.1M:19 (True), target==Q01+S1-E1:X1.2 (False)

节点缺失: source==Q01+K1.B1-X9:16:5 (False), target==Q01+K1.G1-N2:X0.GND (False)

节点缺失: source==A02+K1.B1-X21-X21.1M:20 (True), target==Q01+S1-E1:X1.3 (False)

节点缺失: source==Q01+K1.B1-X9:PE:1 (False), target==Q01+K1.G1-N2:X0.PE (False)

节点缺失: source==A02+K1.B1-X21-X21.1M:21 (True), target==Q01+S1-E1:X1.4 (False)

节点缺失: source==Q01+K1.G1-N2:X3A.1 (False), target==A02+K1.B1-X21-X21.1F:18 (False)

节点缺失: source==Q01+K1.G1-N2:X3A.2 (False), target==A02+K1.B1-X21-X21.1F:19 (False)

节点缺失: source==Q01+K1.G1-N2:X3B.2 (False), target==A02+K1.B1-X21-X21.1F:20 (False)

节点缺失: source==Q01+K1.G1-N2:X3B.1 (False), target==A02+K1.B1-X21-X21.1F:21 (False)

节点缺失: source==Q01+K1.B1-A5:1 (False), target==Q01+K1.G1-N2:X1.9 (False)

节点缺失: source==Q01+K1.B1-A5:3 (False), target==Q01+K1.G1-N2:X1.10 (False)

节点缺失: source==Q01+K1.B1-A5:5 (False), target==Q01+K1.G1-N2:X1.11 (False)

节点缺失: source==Q01+K1.B1-A5:7 (False), target==Q01+K1.G1-N2:X1.12 (False)

节点缺失: source==A02+K1.B1-W11:SE (False), target==Q01+K1.G1-N2:X1.CASE (False)

节点缺失: source==Q01+K1.B1-X9:17:4 (False), target==Q01+K1.G1-N2:X2.E+ (False)

节点缺失: source==Q01+K1.B1-A4:12 (False), target==Q01+K1.B1-X9:17:3 (False)

节点缺失: source==Q01+K1.B1-X9:18:5 (False), target==Q01+K1.G1-N2:X2.E- (False)

节点缺失: source==Q01+K1.B1-W5(-P2):P2:2 (False), target==Q01+K1.B1-X9:18:2 (False)

节点缺失: source==Q01+K1.B1-X9:19:4 (False), target==Q01+K1.G1-N2:X2.NO (False)

节点缺失: source==Q01+K1.B1-A4:5 (False), target==Q01+K1.B1-X9:19:3 (False)

节点缺失: source==Q01+K1.B1-X9:20:5 (False), target==Q01+K1.G1-N2:X2.COM (False)

节点缺失: source==Q01+K1.B1-W5(-P1):P1:1 (False), target==Q01+K1.B1-X9:20:2 (False)

节点缺失: source==Q01+K1-W324:Schirm (False), target==A02+K1.B1-W9:SE (False)

节点缺失: source==Q01+K1.B1-A13:1 (False), target==Q01+K1.B1-X9:21:4 (False)

节点缺失: source==Q01+K1.G2-X1:2 (False), target==Q01+K1.B1-X9:21:3 (False)

节点缺失: source==Q01+K1.B1-A13:4 (False), target==Q01+K1.B1-X9:22:5 (False)

节点缺失: source==Q01+K1.G2-X1:3 (False), target==Q01+K1.B1-X9:22:2 (False)

节点缺失: source==Q01+K1.B1-A13:5 (False), target==Q01+K1.B1-X9:23:4 (False)

节点缺失: source==Q01+K1.G2-X1:4 (False), target==Q01+K1.B1-X9:23:3 (False)

节点缺失: source==Q01+K1.B1-A13:8 (False), target==Q01+K1.B1-X9:24:5 (False)

节点缺失: source==Q01+K1.G2-X1:5 (False), target==Q01+K1.B1-X9:24:2 (False)

节点缺失: source==Q01+K1.B1-W5(-P1):P1:2 (False), target==Q01+K1.B1-X9:25:4 (False)

节点缺失: source==Q01+K1.G2-X1:6 (False), target==Q01+K1.B1-X9:25:3 (False)

节点缺失: source==Q01+K1.B1-X9:26:5 (False), target==A02+K1.B1-W11:SE (False)

节点缺失: source==Q01+K1.G2-X1:8 (False), target==Q01+K1.B1-X9:26:2 (False)

节点缺失: source==Q01+K1.B1-X9:27:4 (False), target==Q01+K1.B1-X9:30:5 (False)

节点缺失: source==Q01+K1.B1-X9:30:5 (False), target==Q01+K1.B1-G4:5 (False)

节点缺失: source==Q01+K1.G2-X1:9 (False), target==Q01+K1.B1-X9:27:3 (False)

节点缺失: source==Q01+K1.B1-X9:28:5 (False), target==Q01+K1.B1-A12:1 (False)

节点缺失: source==Q01+K1.G2-X1:10 (False), target==Q01+K1.B1-X9:28:2 (False)

节点缺失: source==Q01+K1.B1-X9:29:4 (False), target==Q01+K1.B1-A12:3 (False)

节点缺失: source==Q01+K1.B1-X9:29:4 (False), target==Q01+K1.B1-X9:32:5 (False)

节点缺失: source==Q01+K1.G2-X1:11 (False), target==Q01+K1.B1-X9:29:3 (False)

节点缺失: source==Q01+K1.G2-X1:12 (False), target==Q01+K1.B1-X9:30:2 (False)

节点缺失: source==Q01+K1.B1-X9:31:4 (False), target==Q01+K1.B1-A12:5 (False)

节点缺失: source==Q01+K1.G2-X1:13 (False), target==Q01+K1.B1-X9:31:3 (False)

节点缺失: source==Q01+K1.B1-X9:32:5 (False), target==Q01+K1.B1-G4:6 (False)

节点缺失: source==Q01+K1.B1-X9:32:5 (False), target==Q01+K1.B1-A12:7 (False)

节点缺失: source==Q01+K1.G2-X1:14 (False), target==Q01+K1.B1-X9:32:2 (False)

节点缺失: source==Q01+K1.B1-G4:8 (False), target==Q01+K1.B1-W5(-P2):P2:1 (False)

节点缺失: source==Q01+K1.B1-G4:7 (False), target==Q01+K1.B1-W5(-P1):P1:2 (False)

节点缺失: source==Q01+K1.B1-A6:14 (False), target==Q01+K1.B1-K5:12 (False)

节点缺失: source==A02+K1.B1-X21-X21.2M:1 (True), target==Q01+S1-X3:1 (False)

节点缺失: source==Q01+K1.B1-K5:11 (False), target==A02+K1.B1-X21-X21.2F:1 (False)
类似的target节点: ['=A02+K1.B1-X21-X21.2F:11', '=A02+K1.B1-X21-X21.2F:12', '=A02+K1.B1-X21-X21.2F:13', '=A02+K1.B1-X21-X21.2F:14', '=A02+K1.B1-X21-X21.2F:15']

节点缺失: source==A02+K1.B1-X21-X21.2M:2 (True), target==Q01+S1-X3:2 (False)

节点缺失: source==Q01+K1.B1-W5(-P2):P2:2 (False), target==Q01+K1.B1-K5:A2 (False)

节点缺失: source==Q01+K1.B1-A6:4 (False), target==Q01+K1.B1-K5:A1 (False)

节点缺失: source==Q01+K1.B1-W5(-P2):P2:1 (False), target==Q01+K1.B1-K4:A2 (False)

节点缺失: source==A02+K1.B1-X21-X21.2M:3 (True), target==Q01+S1-X3:6(5) (False)

节点缺失: source==A02+K1.B1-X21-X21.2M:4 (True), target==Q01+S1-X3:A(3) (False)

节点缺失: source==Q01+K1.B1-W5(-P2):P2 (False), target==A02+K1.B1-X21-X21.2F:4 (False)
类似的target节点: ['=A02+K1.B1-X21-X21.2F:11', '=A02+K1.B1-X21-X21.2F:12', '=A02+K1.B1-X21-X21.2F:13', '=A02+K1.B1-X21-X21.2F:14', '=A02+K1.B1-X21-X21.2F:15']

节点缺失: source==A02+K1.B1-X21-X21.2M:5 (True), target==Q01+S1-X3:5(4) (False)

节点缺失: source==Q01+K1.B1-K4:11 (False), target==A02+K1.B1-X21-X21.2F:5 (False)
类似的target节点: ['=A02+K1.B1-X21-X21.2F:11', '=A02+K1.B1-X21-X21.2F:12', '=A02+K1.B1-X21-X21.2F:13', '=A02+K1.B1-X21-X21.2F:14', '=A02+K1.B1-X21-X21.2F:15']

节点缺失: source==Q01+K1.B1-W5(-P1):P1:1 (False), target==A02+K1.B1-K20:23 (False)

节点缺失: source==Q01+I1-W426:Schirm (False), target==A02+K1.B1-W10:SE (False)

节点缺失: source==Q01+K1.B1-W5(-P1):P1:2 (False), target==Q01+K1.B1-X9:34:2 (False)

节点缺失: source==Q01+S1-M1:BN (False), target==Q01+S1-X3:1 (False)

节点缺失: source==Q01+S1-M1:GY (False), target==Q01+S1-X3:2 (False)

节点缺失: source==Q01+S1-X3:2 (False), target==Q01+S1-X3:A(3) (False)

节点缺失: source==Q01+S1-M1:BU (False), target==Q01+S1-X3:A(3) (False)

节点缺失: source==Q01+K1.B1-K5:14 (False), target==A02+K1.B1-X21-X21.2F:2 (False)
类似的target节点: ['=A02+K1.B1-X21-X21.2F:11', '=A02+K1.B1-X21-X21.2F:12', '=A02+K1.B1-X21-X21.2F:13', '=A02+K1.B1-X21-X21.2F:14', '=A02+K1.B1-X21-X21.2F:15']

节点缺失: source==Q01+K1.B1-K5:14 (False), target==Q01+K1.B1-A6:15 (False)

节点缺失: source==Q01+K1.B1-K4:A1 (False), target==Q01+K1.B1-A6:5 (False)

节点缺失: source==Q01+K1.B1-R1:1 (False), target==Q01+K1.B1-K4:A1 (False)

节点缺失: source==Q01+K1.B1-R1:2 (False), target==A02+K1.B1-X21-X21.2F:3 (False)
类似的target节点: ['=A02+K1.B1-X21-X21.2F:11', '=A02+K1.B1-X21-X21.2F:12', '=A02+K1.B1-X21-X21.2F:13', '=A02+K1.B1-X21-X21.2F:14', '=A02+K1.B1-X21-X21.2F:15']

节点缺失: source==Q01+K1.B1-A6:9 (False), target==A02+K1.B1-X21-X21.2F:3 (False)
类似的target节点: ['=A02+K1.B1-X21-X21.2F:11', '=A02+K1.B1-X21-X21.2F:12', '=A02+K1.B1-X21-X21.2F:13', '=A02+K1.B1-X21-X21.2F:14', '=A02+K1.B1-X21-X21.2F:15']

节点缺失: source==Q01+S1-M1:WH (False), target==Q01+S1-X3:6(5) (False)

节点缺失: source==Q01+S1-M1:PK (False), target==Q01+S1-X3:5(4) (False)

节点缺失: source==A02+K1.B1-K20:24 (False), target==Q01+K1.B1-K4:14 (False)

节点缺失: source==Q01+K1.B1-K4:14 (False), target==Q01+K1.B1-X9:33:3 (False)

节点缺失: source==Q01+K1.B1-A6:10 (False), target==Q01+K1.B1-X9:33:3 (False)

节点缺失: source==Q01+S1-B1:1 (False), target==A02+K1.B1-X21-X21.2M:6 (True)

节点缺失: source==A02+K1.B1-X21-X21.2F:6 (False), target==Q01+K1.B1-W5(-P2):P2 (False)
类似的source节点: ['=A02+K1.B1-X21-X21.2F:11', '=A02+K1.B1-X21-X21.2F:12', '=A02+K1.B1-X21-X21.2F:13', '=A02+K1.B1-X21-X21.2F:14', '=A02+K1.B1-X21-X21.2F:15']

节点缺失: source==Q01+S1-B1:2 (False), target==A02+K1.B1-X21-X21.2M:7 (True)

节点缺失: source==A02+K1.B1-X21-X21.2F:7 (False), target==Q01+K1.B1-W5(-P1):P1 (False)
类似的source节点: ['=A02+K1.B1-X21-X21.2F:11', '=A02+K1.B1-X21-X21.2F:12', '=A02+K1.B1-X21-X21.2F:13', '=A02+K1.B1-X21-X21.2F:14', '=A02+K1.B1-X21-X21.2F:15']

节点缺失: source==Q01+S1-B1:3 (False), target==A02+K1.B1-X21-X21.2M:8 (True)

节点缺失: source==Q01+K1.B1-A6:2 (False), target==A02+K1.B1-X21-X21.2F:8 (False)
类似的target节点: ['=A02+K1.B1-X21-X21.2F:11', '=A02+K1.B1-X21-X21.2F:12', '=A02+K1.B1-X21-X21.2F:13', '=A02+K1.B1-X21-X21.2F:14', '=A02+K1.B1-X21-X21.2F:15']

节点缺失: source==Q01+S1-B1:4 (False), target==A02+K1.B1-X21-X21.2M:9 (True)

节点缺失: source==Q01+K1.B1-A6:1 (False), target==A02+K1.B1-X21-X21.2F:9 (False)
类似的target节点: ['=A02+K1.B1-X21-X21.2F:11', '=A02+K1.B1-X21-X21.2F:12', '=A02+K1.B1-X21-X21.2F:13', '=A02+K1.B1-X21-X21.2F:14', '=A02+K1.B1-X21-X21.2F:15']

节点缺失: source==Q01+S1-B1:5 (False), target==A02+K1.B1-X21-X21.2M:10 (True)

节点缺失: source==Q01+K1.B1-A6:3 (False), target==A02+K1.B1-X21-X21.2F:10 (False)
类似的target节点: ['=A02+K1.B1-X21-X21.2F:11', '=A02+K1.B1-X21-X21.2F:12', '=A02+K1.B1-X21-X21.2F:13', '=A02+K1.B1-X21-X21.2F:14', '=A02+K1.B1-X21-X21.2F:15']

节点缺失: source==Q01+K1-W329:Schirm (False), target==A02+K1.B1-W11:SE (False)

节点缺失: source==A02+K1.B1-W10:SE (False), target==Q01+S1-B1:CASE (False)

节点缺失: source==A02+S1-A21-X1:1 (False), target==A02+K1.B1-X20-X20.1M:1 (True)

节点缺失: source==A02+K1.B1-X20-X20.1F:1 (False), target==Q01+K1.B1-A4:13 (False)

节点缺失: source==A02+S1-A21-X1:2 (False), target==A02+K1.B1-X20-X20.1M:2 (True)

节点缺失: source==A02+K1.B1-X20-X20.1F:2 (False), target==Q01+K1.B1-A4:14 (False)

节点缺失: source==A02+K1.B1-X21-X21.1F:22 (False), target==Q01+K1.B1-W5(-P1):X3:3 (False)

节点缺失: source==Q01+S1-B10:X1.1 (False), target==A02+K1.B1-X21-X21.1M:22 (True)

节点缺失: source==Q01+S1-B10:X1.4 (False), target==A02+K1.B1-X21-X21.1M:23 (True)

节点缺失: source==A02+K1.B1-X21-X21.1F:24 (False), target==Q01+K1.B1-W5(-P2):X3:1 (False)

节点缺失: source==Q01+S1-B10:X1.3 (False), target==A02+K1.B1-X21-X21.1M:24 (True)

节点缺失: source==Q01+K1.D2-X2:1 (False), target==Q01+K1.D2-X2:1 (False)

节点缺失: source==Q01+K1.D2-X2:1 (False), target==Q01+S1-N4:X0.1 (False)

节点缺失: source==Q01+K1.D2-X2:2 (False), target==Q01+K1.D2-X2:2 (False)

节点缺失: source==Q01+K1.D2-X2:2 (False), target==Q01+S1-N4:X0.2 (False)

节点缺失: source==Q01+K1.D2-X2:3 (False), target==Q01+K1.D2-X2:3 (False)

节点缺失: source==Q01+K1.D2-X2:PE (False), target==Q01+S1-N4:X0.PE (False)

节点缺失: source==Q01+K1.D2-X2:PE (False), target==Q01+K1.D2-X2:PE (False)

节点缺失: source==A02+K1.H2-X6:PE:2 (False), target==Q01+K1.D2-X2:PE (False)

节点缺失: source==Q01+S1-N4:X5.1 (False), target==Q01+S1-E2:1 (False)

节点缺失: source==Q01+S1-N4:X5.S (False), target==Q01+S1-E2:S (False)

节点缺失: source==Q01+S1-N4:X6.1 (False), target==Q01+S1-E2:1 (False)

节点缺失: source==Q01+S1-N4:X6.S (False), target==Q01+S1-E2:S (False)

节点缺失: source==Q01+S1-N4:X1.CASE (False), target==Q01+I1-W353 (False)

节点缺失: source==A02+K1.B1-X21-X21.3M:1 (True), target==Q01+S1-N4:X1.1 (False)

节点缺失: source==Q01+K1.B1-A7:9 (False), target==A02+K1.B1-X21-X21.3F:1 (False)

节点缺失: source==A02+K1.B1-X21-X21.3M:2 (True), target==Q01+S1-N4:X1.2 (False)

节点缺失: source==A02+K1.B1-X21-X21.3F:2 (False), target==Q01+K1.B1-W5(-P2):P2:2 (False)

节点缺失: source==A02+K1.B1-X21-X21.3M:3 (True), target==Q01+S1-N4:X1.3 (False)

节点缺失: source==Q01+K1.B1-A7:10 (False), target==A02+K1.B1-X21-X21.3F:3 (False)

节点缺失: source==A02+K1.B1-X21-X21.3M:4 (True), target==Q01+S1-N4:X1.4 (False)

节点缺失: source==A02+K1.B1-X21-X21.3F:4 (False), target==Q01+K1.B1-W5(-P2):P2:2 (False)

节点缺失: source==A02+K1.B1-X21-X21.3M:5 (True), target==Q01+S1-N4:X1.5 (False)

节点缺失: source==Q01+K1.B1-A7:11 (False), target==A02+K1.B1-X21-X21.3F:5 (False)

节点缺失: source==A02+K1.B1-X21-X21.3M:6 (True), target==Q01+S1-N4:X1.6 (False)

节点缺失: source==A02+K1.B1-X21-X21.3F:6 (False), target==Q01+K1.B1-W5(-P2):P2:2 (False)

节点缺失: source==A02+K1.B1-X21-X21.3M:7 (True), target==Q01+S1-N4:X1.7 (False)

节点缺失: source==Q01+K1.B1-A7:2 (False), target==A02+K1.B1-X21-X21.3F:7 (False)

节点缺失: source==A02+K1.B1-X21-X21.3M:8 (True), target==Q01+S1-N4:X1.9 (False)

节点缺失: source==Q01+K1.B1-A7:3 (False), target==A02+K1.B1-X21-X21.3F:8 (False)

节点缺失: source==A02+K1.B1-X21-X21.3M:9 (True), target==Q01+S1-N4:X1.8 (False)

节点缺失: source==Q01+K1.B1-W5(-P1):P1:1 (False), target==A02+K1.B1-X21-X21.3F:9 (False)

节点缺失: source==Q01+I1-W353 (False), target==A02+K1.B1-W10:SE (False)

节点缺失: source==A02+K1.B1-X21-X21.3M:10 (True), target==Q01+S1-N4-X2:3 (False)

节点缺失: source==Q01+K1.B1-A3:3 (False), target==A02+K1.B1-X21-X21.3F:10 (False)

节点缺失: source==A02+K1.B1-X21-X21.3M:11 (True), target==Q01+S1-N4-X2:4 (False)

节点缺失: source==Q01+K1.B1-A3:4 (False), target==A02+K1.B1-X21-X21.3F:11 (False)

节点缺失: source==A02+K1.B1-X21-X21.3M:12 (True), target==Q01+S1-N4-X2:7 (False)

节点缺失: source==Q01+K1.B1-A3:7 (False), target==A02+K1.B1-X21-X21.3F:12 (False)

节点缺失: source==A02+K1.B1-X21-X21.3M:13 (True), target==Q01+S1-N4-X2:8 (False)

节点缺失: source==Q01+K1.B1-A3:8 (False), target==A02+K1.B1-X21-X21.3F:13 (False)

节点缺失: source==A02+K1.B1-X21-X21.3M:14 (True), target==Q01+S1-N4-X2:1 (False)

节点缺失: source==Q01+K1.B1-A2:3 (False), target==A02+K1.B1-X21-X21.3F:14 (False)

节点缺失: source==A02+K1.B1-X21-X21.3M:15 (True), target==Q01+S1-N4-X2:2 (False)

节点缺失: source==Q01+K1.B1-A2:4 (False), target==A02+K1.B1-X21-X21.3F:15 (False)

节点缺失: source==A02+K1.B1-X21-X21.3M:16 (True), target==Q01+S1-N4-X2:5 (False)

节点缺失: source==Q01+K1.B1-A2:7 (False), target==A02+K1.B1-X21-X21.3F:16 (False)

节点缺失: source==A02+K1.B1-X21-X21.3M:17 (True), target==Q01+S1-N4-X2:6 (False)

节点缺失: source==Q01+K1.B1-A2:8 (False), target==A02+K1.B1-X21-X21.3F:17 (False)

节点缺失: source==Q01+I1-W454:Schirm (False), target==Q01+S1-N4:X2.CASE (False)

节点缺失: source==Q01+K1-W454:Schirm (False), target==A02+K1.B1-W11:SE (False)

节点缺失: source==Q01+S1-E2:X1.CASE (False), target==Q01+I1-W159 (False)

节点缺失: source==A02+K1.B1-X21-X21.3M:18 (True), target==Q01+S1-E2:X1.1 (False)

节点缺失: source==A02+K1.B1-X21-X21.3M:19 (True), target==Q01+S1-E2:X1.2 (False)

节点缺失: source==A02+K1.B1-X21-X21.3M:20 (True), target==Q01+S1-E2:X1.3 (False)

节点缺失: source==A02+K1.B1-X21-X21.3M:21 (True), target==Q01+S1-E2:X1.4 (False)

节点缺失: source==Q01+K1.G1-N5:X3A.1 (False), target==A02+K1.B1-X21-X21.3F:18 (False)
类似的source节点: ['=Q01+K1.G1-N5:X1.CASE']

节点缺失: source==Q01+K1.B1-X9:35:4 (False), target==Q01+K1.G1-N5:X0.+24V (False)
类似的target节点: ['=Q01+K1.G1-N5:X1.CASE']

节点缺失: source==Q01+K1.G1-N5:X3A.2 (False), target==A02+K1.B1-X21-X21.3F:19 (False)
类似的source节点: ['=Q01+K1.G1-N5:X1.CASE']

节点缺失: source==Q01+K1.B1-X9:36:5 (False), target==Q01+K1.G1-N5:X0.GND (False)
类似的target节点: ['=Q01+K1.G1-N5:X1.CASE']

节点缺失: source==Q01+K1.G1-N5:X3B.2 (False), target==A02+K1.B1-X21-X21.3F:20 (False)
类似的source节点: ['=Q01+K1.G1-N5:X1.CASE']

节点缺失: source==Q01+K1.B1-X9:PE:1 (False), target==Q01+K1.G1-N5:X0.PE (False)
类似的target节点: ['=Q01+K1.G1-N5:X1.CASE']

节点缺失: source==Q01+K1.G1-N5:X3B.1 (False), target==A02+K1.B1-X21-X21.3F:21 (False)
类似的source节点: ['=Q01+K1.G1-N5:X1.CASE']

节点缺失: source==Q01+K1.B1-A8:1 (False), target==Q01+K1.G1-N5:X1.9 (False)
类似的target节点: ['=Q01+K1.G1-N5:X1.CASE']

节点缺失: source==Q01+K1-W461 (False), target==Q01+K1.G1-N5:X1.CASE (True)

节点缺失: source==Q01+K1.B1-X9:37:4 (False), target==Q01+K1.G1-N5:X2.E+ (False)
类似的target节点: ['=Q01+K1.G1-N5:X1.CASE']

节点缺失: source==Q01+K1.B1-A7:12 (False), target==Q01+K1.B1-X9:37:3 (False)

节点缺失: source==Q01+K1.B1-W5(-P2):P2:2 (False), target==Q01+K1.B1-X9:38:2 (False)

节点缺失: source==Q01+K1.B1-A7:5 (False), target==Q01+K1.B1-X9:39:3 (False)

节点缺失: source==Q01+K1.B1-W5(-P1):P1:1 (False), target==Q01+K1.B1-X9:40:2 (False)

节点缺失: source==Q01+K1-W362 (False), target==A02+K1.B1-W9:SE (False)

节点缺失: source==Q01+K1.B1-A8:3 (False), target==Q01+K1.G1-N5:X1.10 (False)
类似的target节点: ['=Q01+K1.G1-N5:X1.CASE']

节点缺失: source==Q01+K1.B1-A8:5 (False), target==Q01+K1.G1-N5:X1.11 (False)
类似的target节点: ['=Q01+K1.G1-N5:X1.CASE']

节点缺失: source==Q01+K1.B1-A8:7 (False), target==Q01+K1.G1-N5:X1.12 (False)
类似的target节点: ['=Q01+K1.G1-N5:X1.CASE']

节点缺失: source==Q01+K1-W461 (False), target==A02+K1.B1-W11:SE (False)

节点缺失: source==Q01+K1.B1-X9:38:5 (False), target==Q01+K1.G1-N5:X2.E- (False)
类似的target节点: ['=Q01+K1.G1-N5:X1.CASE']

节点缺失: source==Q01+K1.B1-X9:39:4 (False), target==Q01+K1.G1-N5:X2.NO (False)
类似的target节点: ['=Q01+K1.G1-N5:X1.CASE']

节点缺失: source==Q01+K1.B1-X9:40:5 (False), target==Q01+K1.G1-N5:X2.COM (False)
类似的target节点: ['=Q01+K1.G1-N5:X1.CASE']

节点缺失: source==Q01+K1.B1-A9:14 (False), target==Q01+K1.B1-K7:12 (False)

节点缺失: source==A02+K1.B1-X21-X21.4M:1 (True), target==Q01+S1-X3:1 (False)

节点缺失: source==Q01+K1.B1-K7:11 (False), target==A02+K1.B1-X21-X21.4F:1 (False)

节点缺失: source==A02+K1.B1-X21-X21.4M:2 (True), target==Q01+S1-X3:2 (False)

节点缺失: source==Q01+K1.B1-K7:A2 (False), target==Q01+K1.B1-W5(-P2):P2:1 (False)

节点缺失: source==Q01+K1.B1-A9:4 (False), target==Q01+K1.B1-K7:A1 (False)

节点缺失: source==Q01+K1.B1-K6:A2 (False), target==Q01+K1.B1-W5(-P2):P2:1 (False)

节点缺失: source==A02+K1.B1-X21-X21.4M:3 (True), target==Q01+S1-X3:6(5) (False)

节点缺失: source==A02+K1.B1-X21-X21.4M:4 (True), target==Q01+S1-X3:A(3) (False)

节点缺失: source==Q01+K1.B1-W5(-P2):P2 (False), target==A02+K1.B1-X21-X21.4F:4 (False)

节点缺失: source==A02+K1.B1-X21-X21.4M:5 (True), target==Q01+S1-X3:5(4) (False)

节点缺失: source==Q01+K1.B1-K6:11 (False), target==A02+K1.B1-X21-X21.4F:5 (False)

节点缺失: source==Q01+K1.B1-W5(-P1):P1 (False), target==A02+K1.B1-K20:63 (False)

节点缺失: source==Q01+I1-W426 (False), target==A02+K1.B1-W10:SE (False)

节点缺失: source==Q01+K1.B1-W5(-P1):P1:1 (False), target==Q01+K1.B1-X9:42:2 (False)

节点缺失: source==Q01+S1-M2:BN (False), target==Q01+S1-X3:1 (False)

节点缺失: source==Q01+S1-M2:GY (False), target==Q01+S1-X3:2 (False)

节点缺失: source==Q01+S1-M2:BU (False), target==Q01+S1-X3:A(3) (False)

节点缺失: source==Q01+K1.B1-K7:14 (False), target==A02+K1.B1-X21-X21.4F:2 (False)

节点缺失: source==Q01+K1.B1-K7:14 (False), target==Q01+K1.B1-A9:15 (False)

节点缺失: source==Q01+K1.B1-A9:5 (False), target==Q01+K1.B1-K6:A1 (False)

节点缺失: source==Q01+K1.B1-K6:A1 (False), target==Q01+K1.B1-R11:2 (False)

节点缺失: source==Q01+K1.B1-R11:1 (False), target==A02+K1.B1-X21-X21.4F:3 (False)

节点缺失: source==Q01+K1.B1-A9:9 (False), target==A02+K1.B1-X21-X21.4F:3 (False)

节点缺失: source==Q01+S1-M2:WH (False), target==Q01+S1-X3:6(5) (False)

节点缺失: source==Q01+S1-M2:PK (False), target==Q01+S1-X3:5(4) (False)

节点缺失: source==A02+K1.B1-K20:64 (False), target==Q01+K1.B1-K6:14 (False)

节点缺失: source==Q01+K1.B1-K6:14 (False), target==Q01+K1.B1-X9:41:3 (False)

节点缺失: source==Q01+K1.B1-A9:10 (False), target==Q01+K1.B1-X9:41:3 (False)

节点缺失: source==A02+K1.B1-X21-X21.4M:6 (True), target==Q01+S1-B2:1 (False)

节点缺失: source==Q01+K1.B1-W5(-P2):P2 (False), target==A02+K1.B1-X21-X21.4F:6 (False)

节点缺失: source==A02+K1.B1-X21-X21.4M:7 (True), target==Q01+S1-B2:2 (False)

节点缺失: source==Q01+K1.B1-W5(-P1):P1 (False), target==A02+K1.B1-X21-X21.4F:7 (False)

节点缺失: source==A02+K1.B1-X21-X21.4M:8 (True), target==Q01+S1-B2:3 (False)

节点缺失: source==Q01+K1.B1-A9:2 (False), target==A02+K1.B1-X21-X21.4F:8 (False)

节点缺失: source==A02+K1.B1-X21-X21.4M:9 (True), target==Q01+S1-B2:4 (False)

节点缺失: source==Q01+K1.B1-A9:1 (False), target==A02+K1.B1-X21-X21.4F:9 (False)

节点缺失: source==A02+K1.B1-X21-X21.4M:10 (True), target==Q01+S1-B2:5 (False)

节点缺失: source==Q01+K1.B1-A9:3 (False), target==A02+K1.B1-X21-X21.4F:10 (False)

节点缺失: source==Q01+I1-W368 (False), target==Q01+S1-B2:CASE (False)

节点缺失: source==Q01+I1-W330 (False), target==A02+K1.B1-W10:SE (False)

节点缺失: source==Q01+K1-W367 (False), target==A02+K1.B1-W11:SE (False)

节点缺失: source==A02+K1.B1-X20-X20.1M:3 (True), target==A02+S1-A21-X1:3 (False)

节点缺失: source==Q01+K1.B1-A7:13 (False), target==A02+K1.B1-X20-X20.1F:3 (False)

节点缺失: source==A02+K1.B1-X20-X20.1M:4 (True), target==A02+S1-A21-X1:4 (False)

节点缺失: source==Q01+K1.B1-A7:14 (False), target==A02+K1.B1-X20-X20.1F:4 (False)

节点缺失: source==A02+K1.B1-X21-X21.3F:22 (False), target==Q01+K1.B1-W5(-P1):X3:3 (False)

节点缺失: source==Q01+S1-B11:X1.1 (False), target==A02+K1.B1-X21-X21.3M:22 (True)

节点缺失: source==A02+K1.B1-X21-X21.3F:23 (False), target==Q01+K1.B1-A7:6 (False)

节点缺失: source==Q01+S1-B11:X1.4 (False), target==A02+K1.B1-X21-X21.3M:23 (True)

节点缺失: source==A02+K1.B1-X21-X21.3F:24 (False), target==Q01+K1.B1-W5(-P2):X3:1 (False)

节点缺失: source==Q01+S1-B11:X1.3 (False), target==A02+K1.B1-X21-X21.3M:24 (True)

节点缺失: source==A01+K1.H2-Q1:D2 (False), target==A01+K1.B1-K3:14 (False)

节点缺失: source==A01+K1.H2-W0:L1 (False), target==A01+K1.H2-Q1:T1 (False)

节点缺失: source==A01+K1.H2-F0:2 (False), target==A01+K1.H2-Q1:L1 (False)

节点缺失: source==A01+K1.H2-Q1:L1 (False), target==A01+K1.H2-Q2:L1 (False)

节点缺失: source==A01+K1.H2-W0:L2 (False), target==A01+K1.H2-Q1:T2 (False)

节点缺失: source==A01+K1.H2-F0:4 (False), target==A01+K1.H2-Q1:L2 (False)

节点缺失: source==A01+K1.H2-Q1:L2 (False), target==A01+K1.H2-Q2:L2 (False)

节点缺失: source==A01+K1.H2-W0:L3 (False), target==A01+K1.H2-Q1:T3 (False)

节点缺失: source==A01+K1.H2-Q1:L3 (False), target==A01+K1.H2-F0:6 (False)

节点缺失: source==A01+K1.H2-Q1:L3 (False), target==A01+K1.H2-Q2:L3 (False)

节点缺失: source==A01+K1.H2-X1:N:2 (False), target==A01+K1.H2-X1:N:1 (False)
类似的source节点: ['=A01+K1.H2-X1:PE:3']
类似的target节点: ['=A01+K1.H2-X1:PE:3']

节点缺失: source==A01+K1.H2-X1:N:2 (False), target==A02+K1.H2-X5:N:1 (False)
类似的source节点: ['=A01+K1.H2-X1:PE:3']

节点缺失: source==A01+K1.H2-X1:PE:2 (False), target==A01+S1-W0:PE (False)
类似的source节点: ['=A01+K1.H2-X1:PE:3']

节点缺失: source==A01+K1.H2-X1:PE:4 (False), target==A02+K1.H2-W20:SE (False)
类似的source节点: ['=A01+K1.H2-X1:PE:3']

节点缺失: source==A01+K1.H2-X1:PE:2 (False), target==A02+K1.H2-X6:PE:1 (False)
类似的source节点: ['=A01+K1.H2-X1:PE:3']

节点缺失: source==A01+K1.H2-Q1:3.14 (False), target==A01+K1.H2-G1:SEC:31 (False)

节点缺失: source==A01+K1.H2-Q1:3.13 (False), target==A01+K1.H2-Q1:D1 (False)

节点缺失: source==A01+K1.H2-G1:SEC:31 (False), target==A01+K1.H2-X1:PE:1 (False)
类似的target节点: ['=A01+K1.H2-X1:PE:3']

节点缺失: source==A01+K1.H2-X1:PE:1 (False), target==A01+K1.H2-G1:PRI:PE (False)
类似的source节点: ['=A01+K1.H2-X1:PE:3']

节点缺失: source==A01+K1.H2-Q2:T1 (False), target==A01+K1.H2-G1:PRI:1 (False)

节点缺失: source==A01+K1.H2-G1:SEC:32 (False), target==A02+K1.B1-X20-X20.5F:20 (False)
类似的target节点: ['=A02+K1.B1-X20-X20.5F:17']

节点缺失: source==A01+K1.H2-Q2:T2 (False), target==A01+K1.H2-G1:PRI:2 (False)

节点缺失: source==A01+K1.H2-Q2:T3 (False), target==A01+K1.H2-X1:5:3 (False)
类似的target节点: ['=A01+K1.H2-X1:PE:3']

节点缺失: source==A01+K1.H2-X1:5:3 (False), target==A01+K1.H2-X1:7:3 (False)
类似的source节点: ['=A01+K1.H2-X1:PE:3']
类似的target节点: ['=A01+K1.H2-X1:PE:3']

节点缺失: source==A01+K1.B1-K3:11 (False), target==A01+K1.H2-X1:3:4 (False)
类似的target节点: ['=A01+K1.H2-X1:PE:3']

节点缺失: source==A01+K1.H2-X1:2:5 (False), target==A02+K1.B1-A3:13 (False)
类似的source节点: ['=A01+K1.H2-X1:PE:3']

节点缺失: source==A01+K1.G2-S1:4 (False), target==A01+K1.H2-X1:2:2 (False)
类似的target节点: ['=A01+K1.H2-X1:PE:3']

节点缺失: source==A01+K1.H2-X1:1:4 (False), target==A01+K1.G2-S1:3 (False)
类似的source节点: ['=A01+K1.H2-X1:PE:3']

节点缺失: source==A01+K1.B1-W7(-P1):P1:1 (False), target==A01+K1.H2-X1:1:3 (False)
类似的target节点: ['=A01+K1.H2-X1:PE:3']

节点缺失: source==A01+K1.G2-S1:2 (False), target==A01+K1.H2-X1:3:3 (False)
类似的target节点: ['=A01+K1.H2-X1:PE:3']

节点缺失: source==A01+K1.G2-S1:1 (False), target==A01+K1.H2-X1:4:2 (False)
类似的target节点: ['=A01+K1.H2-X1:PE:3']

节点缺失: source==A01+K1.H2-X1:4:5 (False), target==A02+K1.B1-X20-X20.5F:19 (False)
类似的source节点: ['=A01+K1.H2-X1:PE:3']
类似的target节点: ['=A02+K1.B1-X20-X20.5F:17']

节点缺失: source==A02+K1.B1-X20-X20.5F:18 (False), target==A02+K1.B1-A3:14 (False)
类似的source节点: ['=A02+K1.B1-X20-X20.5F:17']

节点缺失: source==A01+S1-S3:4 (False), target==A02+K1.B1-X20-X20.5M:18 (True)

节点缺失: source==A02+K1.B1-X20-X20.5F:17 (True), target==A01+S1-S3:1 (False)

节点缺失: source==A01+K1.B1-W7(-P1):P1:1 (False), target==A02+K1.B1-X20-X20.5M:17 (False)
类似的target节点: ['=A02+K1.B1-X20-X20.5M:18', '=A02+K1.B1-X20-X20.5M:19', '=A02+K1.B1-X20-X20.5M:20', '=A02+K1.B1-X20-X20.5M:1', '=A02+K1.B1-X20-X20.5M:2']

节点缺失: source==A01+S1-S3:.2 (False), target==A02+K1.B1-X20-X20.5M:19 (True)

节点缺失: source==A01+S1-S3:.1 (False), target==A02+K1.B1-X20-X20.5M:20 (True)

节点缺失: source==A01+K1.H2-X1:5:4 (False), target==A01+K1.B1-X20:L (False)
类似的source节点: ['=A01+K1.H2-X1:PE:3']

节点缺失: source==A01+K1.H2-X1:6:5 (False), target==A01+K1.B1-X20:N (False)
类似的source节点: ['=A01+K1.H2-X1:PE:3']

节点缺失: source==A02+K1.H2-X5:N:5 (False), target==A01+K1.H2-X1:6:2 (False)
类似的target节点: ['=A01+K1.H2-X1:PE:3']

节点缺失: source==A01+K1.H2-X1:PE:1 (False), target==A01+K1.B1-X20:PE (False)
类似的source节点: ['=A01+K1.H2-X1:PE:3']

节点缺失: source==A01+K1.H2-X1:7:4 (False), target==A01+K1.E1-E1:L (False)
类似的source节点: ['=A01+K1.H2-X1:PE:3']

节点缺失: source==A01+K1.H2-X1:PE:1 (False), target==A01+K1.E1-E1:PE (False)
类似的source节点: ['=A01+K1.H2-X1:PE:3']

节点缺失: source==A01+K1.H2-X1:8:5 (False), target==A01+K1.E1-E1:N (False)
类似的source节点: ['=A01+K1.H2-X1:PE:3']

节点缺失: source==A02+K1.H2-X5:N:5 (False), target==A01+K1.H2-X1:8:2 (False)
类似的target节点: ['=A01+K1.H2-X1:PE:3']

节点缺失: source==A01+K1.B1-W7(-P1):P1:1 (False), target==A01+K1.H1-G2-L+ (False)

节点缺失: source==A01+K1.H2-F1:2 (False), target==A01+K1.H1-G2-L (False)

节点缺失: source==A01+K1.H2-X1:9:4 (False), target==A01+K1.H2-F1:1 (False)
类似的source节点: ['=A01+K1.H2-X1:PE:3']

节点缺失: source==P01+K1.G1-E1:X4:L (False), target==A01+K1.H2-X1:9:3 (False)
类似的target节点: ['=A01+K1.H2-X1:PE:3']

节点缺失: source==A01+K1.H2-X1:10:5 (False), target==A01+K1.H1-G2-N (False)
类似的source节点: ['=A01+K1.H2-X1:PE:3']

节点缺失: source==P01+K1.G1-E1:X4:N (False), target==A01+K1.H2-X1:10:2 (False)
类似的target节点: ['=A01+K1.H2-X1:PE:3']

节点缺失: source==A01+K1.H1-G2-L- (False), target==A01+K1.B1-W7(-P2):P2:1 (False)

节点缺失: source==A01+K1.H2-X1:PE:1 (False), target==A01+K1.H1-G2-PE (False)
类似的source节点: ['=A01+K1.H2-X1:PE:3']

节点缺失: source==A02+K1.H2-X6:2:2 (False), target==A01+K1.H1-G2-PE:PE (False)

节点缺失: source==A01+K1.H1-G2-L- (False), target==A02+K1.H2-X6:3:1 (False)

节点缺失: source==A01+K1.H2-X1:11:4 (False), target==A02+K1.B1-A5:1 (False)
类似的source节点: ['=A01+K1.H2-X1:PE:3']

节点缺失: source==A01+K1.H2-X1:11:3 (False), target==A02+K1.H2-Q1:T1 (False)
类似的source节点: ['=A01+K1.H2-X1:PE:3']

节点缺失: source==A02+K1.H2-Q1:T1 (False), target==A02+K1.H1-G2:L1 (False)

节点缺失: source==A01+K1.H2-X1:12:5 (False), target==A02+K1.B1-A5:2 (False)
类似的source节点: ['=A01+K1.H2-X1:PE:3']

节点缺失: source==A01+K1.H2-X1:12:2 (False), target==A02+K1.H2-Q1:T2 (False)
类似的source节点: ['=A01+K1.H2-X1:PE:3']

节点缺失: source==A02+K1.H2-Q1:T2 (False), target==A02+K1.H1-G2:L2 (False)

节点缺失: source==A01+K1.H2-X1:13:4 (False), target==A02+K1.B1-A5:3 (False)
类似的source节点: ['=A01+K1.H2-X1:PE:3']

节点缺失: source==A01+K1.H2-X1:13:3 (False), target==A02+K1.H2-Q1:T3 (False)
类似的source节点: ['=A01+K1.H2-X1:PE:3']

节点缺失: source==A02+K1.H2-Q1:T3 (False), target==A02+K1.H1-G2:L3 (False)

节点缺失: source==A01+K1.H2-X1:15:4 (False), target==A02+K1.B1-A5:4 (False)
类似的source节点: ['=A01+K1.H2-X1:PE:3']

节点缺失: source==A01+K1.H2-X1:14:5 (False), target==A01+K1.H2-X1:15:3 (False)
类似的source节点: ['=A01+K1.H2-X1:PE:3']
类似的target节点: ['=A01+K1.H2-X1:PE:3']

节点缺失: source==A01+K1.H2-X1:16:5 (False), target==A02+K1.B1-A5:5 (False)
类似的source节点: ['=A01+K1.H2-X1:PE:3']

节点缺失: source==A01+K1.H2-T1:-L1i (False), target==A01+K1.H2-X1:16:2 (False)
类似的target节点: ['=A01+K1.H2-X1:PE:3']

节点缺失: source==A01+K1.H2-T1:-L1k (False), target==A01+K1.H2-T1:-L2k (False)

节点缺失: source==A01+K1.H2-T1:-L2k (False), target==A01+K1.H2-T1:-L3k (False)

节点缺失: source==A01+K1.H2-T1:-L3k (False), target==A01+K1.H2-X1:19:3 (False)
类似的target节点: ['=A01+K1.H2-X1:PE:3']

节点缺失: source==A01+K1.H2-X1:17:4 (False), target==A02+K1.B1-A5:6 (False)
类似的source节点: ['=A01+K1.H2-X1:PE:3']

节点缺失: source==A01+K1.H2-T1:-L2i (False), target==A01+K1.H2-X1:17:3 (False)
类似的target节点: ['=A01+K1.H2-X1:PE:3']

节点缺失: source==A01+K1.H2-X1:18:5 (False), target==A02+K1.B1-A5:7 (False)
类似的source节点: ['=A01+K1.H2-X1:PE:3']

节点缺失: source==A01+K1.H2-T1:-L3i (False), target==A01+K1.H2-X1:18:2 (False)
类似的target节点: ['=A01+K1.H2-X1:PE:3']

节点缺失: source==A01+K1.H2-X1:19:4 (False), target==A02+K1.B1-A5:8 (False)
类似的source节点: ['=A01+K1.H2-X1:PE:3']

节点缺失: source==A01+K1.H2-K1:A2 (False), target==A02+K1.B1-W5(-P2):P2:1 (False)

节点缺失: source==A02+K1.B1-K20:34 (False), target==A01+K1.H2-K1:A1 (False)

节点缺失: source==A01+K1.H2-K1:A1 (False), target==A01+K1.H2-K1:13 (False)

节点缺失: source==F01+K1.B1-K1:64 (False), target==A02+K1.B1-K20:33 (False)

节点缺失: source==A02+K1.B1-W5(-P1):P1 (False), target==F01+K1.B1-K1:63 (False)

节点缺失: source==A01+K1.H2-K2:A2 (False), target==A02+K1.B1-W5(-P2):P2:1 (False)

节点缺失: source==A01+K1.H2-K1:14 (False), target==A01+K1.H2-K2:A1 (False)

节点缺失: source==A01+K1.H2-K2:44 (False), target==Q15+K1.H2-F11:14 (False)

节点缺失: source==A01+K1.H2-K2:44 (False), target==Q15+K1.H2-F12:13 (False)

节点缺失: source==A01+K1.H2-K2:44 (False), target==Q15+K1.H2-F13:13 (False)

节点缺失: source==A01+K1.H2-K2:44 (False), target==Q15+K1.H2-F14:14 (False)

节点缺失: source==A01+K1.H2-K2:44 (False), target==Q01+K1.H2-Q1:13 (False)

节点缺失: source==A01+K1.H2-K1:44 (False), target==A01+K1.H2-K2:43 (False)

节点缺失: source==A02+K1.B1-W5(-P1):P1:1 (False), target==A01+K1.H2-K1:43 (False)

节点缺失: source==A01+K1.B1-K3:A2 (False), target==A02+K1.B1-W5(-P2):P2:2 (False)

节点缺失: source==A02+K1.B1-A1:1 (False), target==A01+K1.B1-K3:A1 (False)

节点缺失: source==A01+K1.B1-K3:21 (False), target==A02+K1.B1-A3:15 (False)

节点缺失: source==A01+K1.B1-W7(-P1):P1:2 (False), target==A01+K1.B1-K3:22 (False)

节点缺失: source==A01+K1.H2-W0:L1 (False), target==A02+K1.H2-W1:1L1 (False)

节点缺失: source==A01+K1.H2-W0:L2 (False), target==A02+K1.H2-W1:1L2 (False)

节点缺失: source==A01+K1.H2-W0:L3 (False), target==A02+K1.H2-W1:1L3 (False)

节点缺失: source==A01+K1.H2-K1:2 (False), target==A02+K1.H2-W2:2L1 (False)

节点缺失: source==A01+K1.H2-W0:L1 (False), target==A01+K1.H2-K1:1 (False)

节点缺失: source==A01+K1.H2-K1:4 (False), target==A02+K1.H2-W2:2L2 (False)

节点缺失: source==A01+K1.H2-W0:L2 (False), target==A01+K1.H2-K1:3 (False)

节点缺失: source==A01+K1.H2-K1:6 (False), target==A02+K1.H2-W2:2L3 (False)

节点缺失: source==A01+K1.H2-W0:L3 (False), target==A01+K1.H2-K1:5 (False)

节点缺失: source==A01+K1.H2-W0:L1 (False), target==A02+K1.H2-W3:3L1 (False)

节点缺失: source==A01+K1.H2-W0:L2 (False), target==A02+K1.H2-W3:3L2 (False)

节点缺失: source==A01+K1.H2-W0:L3 (False), target==A02+K1.H2-W3:3L3 (False)

节点缺失: source==A01+K1.H2-K2:2 (False), target==A02+K1.H2-W4:1L1 (False)

节点缺失: source==A01+K1.H2-W0:L1 (False), target==A01+K1.H2-K2:1 (False)

节点缺失: source==A01+K1.H2-K2:4 (False), target==A02+K1.H2-W4:1L2 (False)

节点缺失: source==A01+K1.H2-W0:L2 (False), target==A01+K1.H2-K2:3 (False)

节点缺失: source==A01+K1.H2-K2:6 (False), target==A02+K1.H2-W4:1L3 (False)

节点缺失: source==A01+K1.H2-W0:L3 (False), target==A01+K1.H2-K2:5 (False)

节点缺失: source==A02+K1.H2-W2:2L3 (False), target==A02+K1.H2-W2.1:2L3 (False)

节点缺失: source==A02+K1.H2-W2:2L2 (False), target==A02+K1.H2-W2.1:2L2 (False)

节点缺失: source==A02+K1.H2-W2:2L1 (False), target==A02+K1.H2-W2.1:2L1 (False)

节点缺失: source==A02+K1.H1-G2:+V (False), target==A02+K1.B1-V1(0):1 (False)

节点缺失: source==A02+K1.H2-Q1:L1 (False), target==A02+K1.H2-W1:1L1 (False)

节点缺失: source==A02+K1.H2-W1:1L2 (False), target==A02+K1.H2-Q1:L2 (False)

节点缺失: source==A02+K1.H2-W1:1L3 (False), target==A02+K1.H2-Q1:L3 (False)

节点缺失: source==A02+K1.H1-G2:-V (False), target==A02+K1.B1-W6(-P2):P2:1 (False)

节点缺失: source==A02+K1.H2-X6:PE:2 (False), target==A02+K1.H1-G2:PE (False)

节点缺失: source==A02+K1.H1-G2:-V' (False), target==A02+K1.H2-X6:PE:1 (False)

节点缺失: source==A02+K1.H2-F2:2 (False), target==A02+K1.B1-X200:L (False)

节点缺失: source==A01+K1.H2-W0:L1 (False), target==A02+K1.H2-F2:1 (False)

节点缺失: source==A02+K1.H2-X5:2:1 (False), target==A02+K1.B1-X200:N (False)

节点缺失: source==A02+K1.H2-X6:4:1 (False), target==A02+K1.B1-X200:PE (False)

节点缺失: source==A02+K1.H1-K1:2 (False), target==A02+K1.A1-X21:L (False)

节点缺失: source==A02+K1.H1-K1:2 (False), target==A02+K1.H1-K1:4 (False)

节点缺失: source==A02+K1.H1-K1:4 (False), target==A02+K1.H1-K1:6 (False)

节点缺失: source==A02+K1.A1-X21:N (False), target==A02+K1.H2-X22:N (False)

节点缺失: source==A02+K1.H2-X22:N (False), target==A02+K1.H2-F3.1:4/3 (False)

节点缺失: source==A02+K1.H2-X6:PE:2 (False), target==A02+K1.A1-X21:PE (False)

节点缺失: source==A02+K1.H1-K1:3 (False), target==A02+K1.H1-K1:5 (False)

节点缺失: source==A02+K1.H1-K1:1 (False), target==A02+K1.H1-K1:3 (False)

节点缺失: source==A02+K1.H1-K1:1 (False), target==A02+K1.H2-F3.1:2/1 (False)

节点缺失: source==A02+K1.H2-F3.1:2/1 (False), target==A02+K1.H2-X22:L (False)

节点缺失: source==A02+K1.H2-F3:2 (False), target==A02+K1.H2-F3.1:1/2 (False)

节点缺失: source==A01+K1.H2-W0:L2 (False), target==A02+K1.H2-F3:1 (False)

节点缺失: source==A02+K1.H2-X22:PE (False), target==A02+K1.H2-X6:PE:2 (False)

节点缺失: source==A02+K1.H2-F3.1:3/4 (False), target==A02+K1.H2-X5:N:1 (False)

节点缺失: source==A02+K1.H1-K1:A2 (False), target==A02+K1.B1-W5(-P2):P2:1 (False)

节点缺失: source==A02+K1.B1-A1:2 (False), target==A02+K1.H1-K1:A1 (False)

节点缺失: source==A02+K1.E1-S1:14 (False), target==A02+K1.B1-X9:2:5 (False)

节点缺失: source==A02+K1.B1-X9:1:4 (False), target==A02+K1.E1-S1:13 (False)

节点缺失: source==A02+K1.H2-F4:2 (False), target==A02+K1.B1-X9:1:3 (False)

节点缺失: source==A01+K1.H2-W0:L1 (False), target==A02+K1.H2-F4:1 (False)

节点缺失: source==A02+K1.B1-X9:2:2 (False), target==A02+K1.B1-X9:3:3 (False)

节点缺失: source==A02+K1.E1-S2:14 (False), target==A02+K1.B1-X9:4:5 (False)

节点缺失: source==A02+K1.B1-X9:3:4 (False), target==A02+K1.E1-S2:13 (False)

节点缺失: source==A02+K1.B1-X9:4:2 (False), target==A02+K1.B1-X9:5:3 (False)

节点缺失: source==A02+K1.E1-S3:14 (False), target==A02+K1.B1-X9:6:5 (False)

节点缺失: source==A02+K1.B1-X9:5:4 (False), target==A02+K1.E1-S3:13 (False)

节点缺失: source==A02+K1.B1-X9:6:2 (False), target==A02+K1.B1-X9:7:3 (False)

节点缺失: source==A02+K1.B1-X9:7:4 (False), target==A02+K1.A1-M1:X1:L1 (False)
类似的target节点: ['=A02+K1.A1-M1:RS485+', '=A02+K1.A1-M1:RS485-']

节点缺失: source==A02+K1.A1-M1:X1:N (False), target==A02+K1.B1-X9:8:5 (False)
类似的source节点: ['=A02+K1.A1-M1:RS485+', '=A02+K1.A1-M1:RS485-']

节点缺失: source==A02+K1.A1-M1:X1:PE (False), target==A02+K1.B1-X9:PE:1 (False)
类似的source节点: ['=A02+K1.A1-M1:RS485+', '=A02+K1.A1-M1:RS485-']

节点缺失: source==A02+K1.H2-X5:N:2 (False), target==A02+K1.B1-X9:8:2 (False)

节点缺失: source==A02+K1-A1:1 (False), target==A02+K1.A1-M1:RS485+ (True)

节点缺失: source==A02+K1-A1:USB (False), target==P01+K1.G1-D1:USB6 (True)

节点缺失: source==A02+K1-A1:2 (False), target==A02+K1.A1-M1:RS485- (True)

节点缺失: source==A02+S1.I1-X1:1 (False), target==A01+S1-W0:PE (False)

节点缺失: source==A02+S1-X101:1 (False), target==A01+S1-W0:PE (False)

节点缺失: source==A02+K1.H2-X6:PE:2 (False), target==A02+K1.B1-X100:1:1 (False)

节点缺失: source==A02+K1.H2-X6:PE:2 (False), target==A02+K1.B1-X100:2:1 (False)

节点缺失: source==A02+K1.H2-X6:PE:2 (False), target==A02+K1.B1-X100:3:1 (False)

节点缺失: source==A02+K1.H2-X6:PE:2 (False), target==A01+K1.I1-X1:1 (False)
类似的target节点: ['=A01+K1.I1-X1:4']

节点缺失: source==A02+K1-W30:SE (False), target==A01+K1.I1-X1:4 (True)

节点缺失: source==A02+K1.H2-W20:SE (False), target==A02+K1.H1-W21:SE (False)

节点缺失: source==A02+K1.B1-W22:SE (False), target==A02+K1.H1-W21:SE (False)

节点缺失: source==A02+K1.H1-W21:SE (False), target==A02+K1.H1-W12:SE (False)

节点缺失: source==A02+K1.B1-W10:SE (False), target==A02+K1.B1-W22:SE (False)

节点缺失: source==A02+K1.B1-W9:SE (False), target==A02+K1.B1-W22:SE (False)

节点缺失: source==A02+K1.B1-W11:SE (False), target==A02+K1.B1-W22:SE (False)

节点缺失: source==A02+K1.B1-X20-X20.1M:13 (True), target==A02+S1-A21-X1:23 (False)

节点缺失: source==A02+K1.B1-W5(-P2):P2 (False), target==A02+K1.B1-X20-X20.1F:13 (False)

节点缺失: source==A02+K1.B1-X20-X20.1M:14 (True), target==A02+S1-A21-X1:24 (False)

节点缺失: source==A02+K1.B1-W5(-P2):P2 (False), target==A02+K1.B1-X20-X20.1F:14 (False)

节点缺失: source==A02+K1.B1-X20-X20.1M:15 (True), target==A02+S1-A21-X1:25 (False)

节点缺失: source==A02+K1.B1-W5(-P2):P2 (False), target==A02+K1.B1-X20-X20.1F:15 (False)

节点缺失: source==A02+K1.B1-X20-X20.2M:4 (True), target==A02+S1-A23-X1:23 (False)

节点缺失: source==A02+K1.B1-W5(-P2):P2 (False), target==A02+K1.B1-X20-X20.2F:4 (False)

节点缺失: source==A02+K1.B1-X20-X20.2M:5 (True), target==A02+S1-A23-X1:24 (False)

节点缺失: source==A02+K1.B1-W5(-P2):P2 (False), target==A02+K1.B1-X20-X20.2F:5 (False)

节点缺失: source==A02+K1.B1-X20-X20.2M:6 (True), target==A02+S1-A23-X1:25 (False)

节点缺失: source==A02+K1.B1-W5(-P2):P2 (False), target==A02+K1.B1-X20-X20.2F:6 (False)

节点缺失: source==A02+K1.B1-X20-X20.1M:9 (True), target==A02+S1-A21-X1:9 (False)

节点缺失: source==A02+K1.B1-A1:4 (False), target==A02+K1.B1-X20-X20.1F:9 (False)

节点缺失: source==A02+K1.B1-X20-X20.1M:10 (True), target==A02+S1-A21-X1:10 (False)

节点缺失: source==A02+K1.B1-A1:5 (False), target==A02+K1.B1-X20-X20.1F:10 (False)

节点缺失: source==A02+K1.B1-X20-X20.2F:8 (False), target==A02+K1.B1-A3:4 (False)

节点缺失: source==A02+S1-S2 (False), target==A02+K1.B1-X20-X20.2M:8 (True)

节点缺失: source==A02+K1.B1-X20-X20.2M:7 (True), target==A02+S1-S2 (False)

节点缺失: source==A02+K1.B1-W5(-P1):X1:3 (False), target==A02+K1.B1-X20-X20.2F:7 (False)

节点缺失: source==A02+K1.B1-X20-X20.2F:10 (False), target==A02+K1.B1-A3:5 (False)

节点缺失: source==A02+S1-S3 (False), target==A02+K1.B1-X20-X20.2M:10 (True)

节点缺失: source==A02+K1.B1-X20-X20.2M:9 (True), target==A02+S1-S3 (False)

节点缺失: source==A02+K1.B1-W5(-P1):X1:3 (False), target==A02+K1.B1-X20-X20.2F:9 (False)

节点缺失: source==A02+K1.B1-X20-X20.1M:11 (True), target==A02+S1-A21-X1:11 (False)

节点缺失: source==A02+K1.B1-A1:6 (False), target==A02+K1.B1-X20-X20.1F:11 (False)

节点缺失: source==A02+K1.B1-X20-X20.1M:12 (True), target==A02+S1-A21-X1:12 (False)

节点缺失: source==A02+K1.B1-A1:7 (False), target==A02+K1.B1-X20-X20.1F:12 (False)

节点缺失: source==A02+K1.B1-X20-X20.2F:12 (False), target==A02+K1.B1-A3:6 (False)

节点缺失: source==A02+S1-S12 (False), target==A02+K1.B1-X20-X20.2M:12 (True)

节点缺失: source==A02+K1.B1-X20-X20.2M:11 (True), target==A02+S1-S12 (False)

节点缺失: source==A02+K1.B1-W5(-P1):X1:3 (False), target==A02+K1.B1-X20-X20.2F:11 (False)

节点缺失: source==A02+K1.B1-X20-X20.2F:14 (False), target==A02+K1.B1-A3:7 (False)

节点缺失: source==A02+S1-S13 (False), target==A02+K1.B1-X20-X20.2M:14 (True)

节点缺失: source==A02+K1.B1-X20-X20.2M:13 (True), target==A02+S1-S13 (False)

节点缺失: source==A02+K1.B1-W5(-P1):X1:3 (False), target==A02+K1.B1-X20-X20.2F:13 (False)

节点缺失: source==A02+K1.B1-X20-X20.1M:16 (True), target==A02+S1-A23-X1:1 (False)

节点缺失: source==A02+K1.B1-A1:8 (False), target==A02+K1.B1-X20-X20.1F:16 (False)

节点缺失: source==A02+K1.B1-X20-X20.1M:17 (True), target==A02+S1-A23-X1:2 (False)

节点缺失: source==A02+K1.B1-A1:9 (False), target==A02+K1.B1-X20-X20.1F:17 (False)

节点缺失: source==A02+K1.B1-X20-X20.1M:18 (True), target==A02+S1-A23-X1:3 (False)

节点缺失: source==A02+K1.B1-A1:10 (False), target==A02+K1.B1-X20-X20.1F:18 (False)

节点缺失: source==A02+K1.B1-X20-X20.1M:19 (True), target==A02+S1-A23-X1:4 (False)

节点缺失: source==A02+K1.B1-A1:11 (False), target==A02+K1.B1-X20-X20.1F:19 (False)

节点缺失: source==A02+K1.B1-X20-X20.1M:20 (True), target==A02+S1-A23-X1:5 (False)

节点缺失: source==A02+K1.B1-A1:12 (False), target==A02+K1.B1-X20-X20.1F:20 (False)

节点缺失: source==A02+K1.B1-X20-X20.1M:21 (True), target==A02+S1-A23-X1:6 (False)

节点缺失: source==A02+K1.B1-A1:13 (False), target==A02+K1.B1-X20-X20.1F:21 (False)

节点缺失: source==A02+S1-A23-X1:7 (False), target==A02+K1.B1-X20-X20.1M:22 (True)

节点缺失: source==A02+K1.B1-A1:14 (False), target==A02+K1.B1-X20-X20.1F:22 (False)

节点缺失: source==A02+S1-A23-X1:8 (False), target==A02+K1.B1-X20-X20.1M:23 (True)

节点缺失: source==A02+K1.B1-A1:15 (False), target==A02+K1.B1-X20-X20.1F:23 (False)

节点缺失: source==A02+S1-A23-X1:9 (False), target==A02+K1.B1-X20-X20.1M:24 (True)

节点缺失: source==A02+K1.B1-A1:16 (False), target==A02+K1.B1-X20-X20.1F:24 (False)

节点缺失: source==A02+S1-A23-X1:10 (False), target==A02+K1.B1-X20-X20.2M:1 (True)

节点缺失: source==A02+K1.B1-A2:1 (False), target==A02+K1.B1-X20-X20.2F:1 (False)

节点缺失: source==A02+K1.B1-X20-X20.2M:2 (True), target==A02+S1-A23-X1:11 (False)

节点缺失: source==A02+K1.B1-A2:2 (False), target==A02+K1.B1-X20-X20.2F:2 (False)

节点缺失: source==A02+K1.B1-X20-X20.2M:3 (True), target==A02+S1-A23-X1:12 (False)

节点缺失: source==A02+K1.B1-A2:3 (False), target==A02+K1.B1-X20-X20.2F:3 (False)

节点缺失: source==A02+K1.B1-X20-X20.2M:15 (True), target==A02+S1-S2:1 (False)

节点缺失: source==A02+K1.B1-A2:4 (False), target==A02+K1.B1-X20-X20.2F:15 (False)

节点缺失: source==A02+K1.B1-X20-X20.2F:16 (False), target==A02+K1.B1-A3:8 (False)

节点缺失: source==A02+S1-S2:3 (False), target==A02+K1.B1-X20-X20.2M:16 (True)

节点缺失: source==A02+K1.B1-A4:1 (False), target==A02+K1.B1-X20-X20.3F:1 (False)

节点缺失: source==A02+K1.B1-X20-X20.3M:1 (True), target==A02+S1-B20:1 (False)

节点缺失: source==A02+K1.B1-X20-X20.3M:2 (True), target==A02+S1-B20:2 (False)

节点缺失: source==A02+K1.B1-X20-X20.3F:2 (False), target==A02+K1.B1-A4:2 (False)

节点缺失: source==A02+K1.B1-A4:5 (False), target==A02+K1.B1-X20-X20.3F:3 (False)

节点缺失: source==A02+K1.B1-X20-X20.3M:3 (True), target==A02+S1-B21:1 (False)

节点缺失: source==A02+K1.B1-X20-X20.3M:4 (True), target==A02+S1-B21:2 (False)

节点缺失: source==A02+K1.B1-X20-X20.3F:4 (False), target==A02+K1.B1-A4:6 (False)

节点缺失: source==A02+K1.B1-X21-X21.2M:11 (False), target==A02+K1.B1-X21-X21.2M:12 (False)
类似的source节点: ['=A02+K1.B1-X21-X21.2M:1', '=A02+K1.B1-X21-X21.2M:2', '=A02+K1.B1-X21-X21.2M:3', '=A02+K1.B1-X21-X21.2M:4', '=A02+K1.B1-X21-X21.2M:5']
类似的target节点: ['=A02+K1.B1-X21-X21.2M:1', '=A02+K1.B1-X21-X21.2M:2', '=A02+K1.B1-X21-X21.2M:3', '=A02+K1.B1-X21-X21.2M:4', '=A02+K1.B1-X21-X21.2M:5']

节点缺失: source==A02+K1.B1-W5(-P1):P1 (False), target==A02+K1.B1-X21-X21.2M:12 (False)
类似的target节点: ['=A02+K1.B1-X21-X21.2M:1', '=A02+K1.B1-X21-X21.2M:2', '=A02+K1.B1-X21-X21.2M:3', '=A02+K1.B1-X21-X21.2M:4', '=A02+K1.B1-X21-X21.2M:5']

节点缺失: source==A02+S1-J20:2 (False), target==A02+K1.B1-X21-X21.2F:11 (True)

节点缺失: source==A02+S1-S20:2 (False), target==A02+S1-J20:2 (False)

节点缺失: source==A02+S1-J20:1 (False), target==A02+K1.B1-X21-X21.2F:12 (True)

节点缺失: source==A02+S1-S20:1 (False), target==A02+S1-J20:1 (False)

节点缺失: source==A02+K1.B1-X21-X21.2M:13 (False), target==A02+K1.B1-X21-X21.2M:16 (False)
类似的source节点: ['=A02+K1.B1-X21-X21.2M:1', '=A02+K1.B1-X21-X21.2M:2', '=A02+K1.B1-X21-X21.2M:3', '=A02+K1.B1-X21-X21.2M:4', '=A02+K1.B1-X21-X21.2M:5']
类似的target节点: ['=A02+K1.B1-X21-X21.2M:1', '=A02+K1.B1-X21-X21.2M:2', '=A02+K1.B1-X21-X21.2M:3', '=A02+K1.B1-X21-X21.2M:4', '=A02+K1.B1-X21-X21.2M:5']

节点缺失: source==A02+S1-J20:7 (False), target==A02+K1.B1-X21-X21.2F:13 (True)

节点缺失: source==A02+S1-S20:7 (False), target==A02+S1-J20:7 (False)

节点缺失: source==A02+K1.B1-X21-X21.2M:14 (False), target==A02+K1.B1-X21-X21.2M:15 (False)
类似的source节点: ['=A02+K1.B1-X21-X21.2M:1', '=A02+K1.B1-X21-X21.2M:2', '=A02+K1.B1-X21-X21.2M:3', '=A02+K1.B1-X21-X21.2M:4', '=A02+K1.B1-X21-X21.2M:5']
类似的target节点: ['=A02+K1.B1-X21-X21.2M:1', '=A02+K1.B1-X21-X21.2M:2', '=A02+K1.B1-X21-X21.2M:3', '=A02+K1.B1-X21-X21.2M:4', '=A02+K1.B1-X21-X21.2M:5']

节点缺失: source==A02+K1.B1-X21-X21.2M:15 (False), target==A02+K1.B1-K21.1:72 (False)
类似的source节点: ['=A02+K1.B1-X21-X21.2M:1', '=A02+K1.B1-X21-X21.2M:2', '=A02+K1.B1-X21-X21.2M:3', '=A02+K1.B1-X21-X21.2M:4', '=A02+K1.B1-X21-X21.2M:5']

节点缺失: source==A02+S1-J20:8 (False), target==A02+K1.B1-X21-X21.2F:14 (True)

节点缺失: source==A02+S1-S20:8 (False), target==A02+S1-J20:8 (False)

节点缺失: source==A02+S1-S20:6 (False), target==A02+S1-J20:6 (False)

节点缺失: source==A02+S1-J20:5 (False), target==A02+K1.B1-X21-X21.2F:15 (True)

节点缺失: source==A02+S1-S20:5 (False), target==A02+S1-J20:5 (False)

节点缺失: source==A02+S1-J20:3 (False), target==A02+K1.B1-X21-X21.2F:16 (True)

节点缺失: source==A02+S1-S20:3 (False), target==A02+S1-J20:3 (False)

节点缺失: source==A02+K1.B1-X21-X21.2M:17 (False), target==A02+K1.B1-W5(-P2):P2 (False)
类似的source节点: ['=A02+K1.B1-X21-X21.2M:1', '=A02+K1.B1-X21-X21.2M:2', '=A02+K1.B1-X21-X21.2M:3', '=A02+K1.B1-X21-X21.2M:4', '=A02+K1.B1-X21-X21.2M:5']

节点缺失: source==A02+S1-J20:4 (False), target==A02+K1.B1-X21-X21.2F:17 (True)

节点缺失: source==A02+S1-S20:4 (False), target==A02+S1-J20:4 (False)

节点缺失: source==A02+K1.B1-K21.1:71 (False), target==A02+K1.B1-X21-X21.2M:18 (False)
类似的target节点: ['=A02+K1.B1-X21-X21.2M:1', '=A02+K1.B1-X21-X21.2M:2', '=A02+K1.B1-X21-X21.2M:3', '=A02+K1.B1-X21-X21.2M:4', '=A02+K1.B1-X21-X21.2M:5']

节点缺失: source==A02+K1.B1-X21-X21.2F:18 (True), target==A02+S1-Y1:1 (False)

节点缺失: source==A02+K1.B1-X21-X21.2M:19 (False), target==A02+K1.B1-W5(-P2):P2 (False)
类似的source节点: ['=A02+K1.B1-X21-X21.2M:1', '=A02+K1.B1-X21-X21.2M:2', '=A02+K1.B1-X21-X21.2M:3', '=A02+K1.B1-X21-X21.2M:4', '=A02+K1.B1-X21-X21.2M:5']

节点缺失: source==A02+S1-Y1:2 (False), target==A02+K1.B1-X21-X21.2F:19 (True)

节点缺失: source==A02+K1.B1-W5(-P2):P2:2 (False), target==A02+K1.B1-K19:A2 (False)

节点缺失: source==A02+K1.B1-W5(-P1):P1:1 (False), target==A02+K1.B1-K19:A1 (False)

节点缺失: source==A02+K1.B1-X20-X20.2F:17 (False), target==A02+K1.B1-K19:S11 (False)

节点缺失: source==A02+S1-S1:12 (False), target==A02+K1.B1-X20-X20.2M:17 (True)

节点缺失: source==A02+S1-S1:11 (False), target==A02+K1.B1-X20-X20.2M:20 (True)

节点缺失: source==A02+K1.B1-X20-X20.2F:18 (False), target==A02+K1.B1-K19:S21 (False)

节点缺失: source==A02+S1-S1:22 (False), target==A02+K1.B1-X20-X20.2M:18 (True)

节点缺失: source==A02+S1-S1:21 (False), target==A02+K1.B1-X20-X20.2M:19 (True)

节点缺失: source==A02+K1.B1-X20-X20.2F:19 (False), target==A02+K1.B1-X20-X20.2F:22 (False)

节点缺失: source==A02+K1.B1-X20-X20.2F:20 (False), target==A02+K1.B1-X20-X20.2F:21 (False)

节点缺失: source==A02+K1.B1-K21.1:12 (False), target==A02+K1.B1-K22:43 (False)

节点缺失: source==A02+K1.B1-K21:12 (False), target==A02+K1.B1-K21.1:11 (False)

节点缺失: source==A02+K1.B1-K21:11 (False), target==A02+K1.B1-K20:12 (False)

节点缺失: source==A02+K1.B1-K19:S34 (False), target==A02+K1.B1-K20:11 (False)

节点缺失: source==A02+S1-S11:12 (False), target==A02+K1.B1-X20-X20.2M:21 (True)

节点缺失: source==A02+S1-S11:11 (False), target==A02+K1.B1-X20-X20.2M:24 (True)

节点缺失: source==A02+S1-S11:22 (False), target==A02+K1.B1-X20-X20.2M:22 (True)

节点缺失: source==A02+S1-S11:21 (False), target==A02+K1.B1-X20-X20.2M:23 (True)

节点缺失: source==A02+K1.B1-X20-X20.2F:23 (False), target==A02+K1.B1-K19:S22 (False)

节点缺失: source==A02+K1.B1-X20-X20.2F:24 (False), target==A02+K1.B1-K19:S12 (False)

节点缺失: source==F01+K1.B1-K1:12 (False), target==A02+K1.B1-X9:12:5 (False)

节点缺失: source==F01+K1.B1-K1:11 (False), target==A02+K1.B1-K22:44 (False)

节点缺失: source==A02+K1.G2-S2:.4 (False), target==A02+K1.B1-X9:12:2 (False)

节点缺失: source==A02+K1.B1-X9:11:4 (False), target==A02+K1.G2-S2:.3 (False)

节点缺失: source==A02+K1.B1-X9:10:5 (False), target==A02+K1.B1-X9:11:3 (False)

节点缺失: source==A02+K1.G2-S3:12 (False), target==A02+K1.B1-X9:10:2 (False)

节点缺失: source==A02+K1.B1-X9:9:4 (False), target==A02+K1.G2-S3:11 (False)

节点缺失: source==A02+K1.B1-W5(-P1):P1:1 (False), target==A02+K1.B1-X9:9:3 (False)

节点缺失: source==A02+K1.B1-X9:16:5 (False), target==A02+K1.B1-W5(-P2):P2:1 (False)

节点缺失: source==A02+K1.G2-S2:X2 (False), target==A02+K1.B1-X9:16:2 (False)

节点缺失: source==A02+K1.B1-X9:15:4 (False), target==A02+K1.G2-S2:X1 (False)

节点缺失: source==A02+K1.B1-K20:72 (False), target==A02+K1.B1-X9:15:3 (False)

节点缺失: source==A02+K1.B1-X9:14:5 (False), target==A02+K1.B1-K20:71 (False)

节点缺失: source==A02+K1.G2-S3:.4 (False), target==A02+K1.B1-X9:14:2 (False)

节点缺失: source==A02+K1.B1-X9:13:4 (False), target==A02+K1.G2-S3:.3 (False)

节点缺失: source==A02+K1.B1-W5(-P1):P1:2 (False), target==A02+K1.B1-X9:13:3 (False)

节点缺失: source==A02+K1.B1-W5(-P2):P2:2 (False), target==A02+K1.B1-K20:A2 (False)

节点缺失: source==A02+K1.B1-K20 (False), target==A02+K1.B1-K20 (False)

节点缺失: source==A02+K1.B1-K19:14 (False), target==A02+K1.B1-K20:A11 (False)

节点缺失: source==A02+K1.B1-K20:A11 (False), target==A02+K1.B1-K21:A11 (False)

节点缺失: source==A02+K1.B1-K21:A11 (False), target==A02+K1.B1-K21.1:A11 (False)

节点缺失: source==A02+K1.B1-W5(-P1):P1:1 (False), target==A02+K1.B1-K19:13 (False)

节点缺失: source==A02+K1.B1-K19:24 (False), target==A02+K1.B1-K20:A12 (False)

节点缺失: source==A02+K1.B1-K20:A12 (False), target==A02+K1.B1-K21:A12 (False)

节点缺失: source==A02+K1.B1-K21:A12 (False), target==A02+K1.B1-K21.1:A12 (False)

节点缺失: source==A02+K1.B1-A3:9 (False), target==A02+K1.B1-K21.1:A12 (False)

节点缺失: source==A02+K1.B1-W5(-P1):P1:1 (False), target==A02+K1.B1-K19:23 (False)

节点缺失: source==A02+K1.B1-K21:A2 (False), target==A02+K1.B1-W5(-P2):P2:1 (False)

节点缺失: source==A02+K1.B1-K21 (False), target==A02+K1.B1-K21 (False)

节点缺失: source==A02+K1.B1-K21.1:A2 (False), target==A02+K1.B1-W5(-P2):P2:1 (False)

节点缺失: source==A02+K1.B1-K21.1 (False), target==A02+K1.B1-K21.1 (False)

节点缺失: source==A02+K1.B1-W5(-P2):P2:2 (False), target==A02+K1.B1-K22:A2 (False)

节点缺失: source==A02+K1.B1-K22 (False), target==A02+K1.B1-K22 (False)

节点缺失: source==A01+K1.H2-K1:22 (False), target==A02+K1.B1-K22:A11 (False)

节点缺失: source==A02+K1.B1-W5(-P1):P1 (False), target==A02+K1.B1-X20-X20.3F:15 (False)

节点缺失: source==A01+K1.H2-K2:22 (False), target==A02+K1.B1-K22:A12 (False)

节点缺失: source==A01+K1.H2-K1:21 (False), target==A01+K1.H2-K2:21 (False)

节点缺失: source==A01+K1.H2-K1:21 (False), target==A02+K1.B1-X20-X20.3F:14 (False)

节点缺失: source==A02+K1.B1-K22:54 (False), target==A02+K1.B1-A3:10 (False)

节点缺失: source==A02+K1.B1-W5(-P1):P1:1 (False), target==A02+K1.B1-K22:53 (False)

节点缺失: source==A02+K1.B1-X9:17:4 (False), target==A02+K1.G2-H1:0 (False)

节点缺失: source==A02+K1.B1-W5(-P2):P2:1 (False), target==A02+K1.B1-X9:17:3 (False)

节点缺失: source==A02+K1.B1-X9:18:5 (False), target==A02+K1.G2-H1:1 (False)

节点缺失: source==A02+K1.B1-A2:5 (False), target==A02+K1.B1-X9:18:2 (False)

节点缺失: source==A02+K1.B1-X9:19:4 (False), target==A02+K1.G2-H1:2 (False)

节点缺失: source==A02+K1.B1-A2:6 (False), target==A02+K1.B1-X9:19:3 (False)

节点缺失: source==A02+K1.B1-X9:20:5 (False), target==A02+K1.G2-H1:3 (False)

节点缺失: source==A02+K1.B1-A2:7 (False), target==A02+K1.B1-X9:20:2 (False)

节点缺失: source==A02+K1.B1-X9:21:4 (False), target==A02+K1.G2-H1:4 (False)

节点缺失: source==A02+K1.B1-A2:8 (False), target==A02+K1.B1-X9:21:3 (False)

节点缺失: source==A02+K1.B1-X9:PE:1 (False), target==A02+K1.G2-H1:PE (False)

节点缺失: source==A02+K1.B1-V1(0):1 (False), target==A02+K1.B1-V1:1.1 (False)

节点缺失: source==A02+K1.B1-W6(-P2):P2:2 (False), target==A02+K1.B1-V1:3.1 (False)

节点缺失: source==F01+K1.B1-V1:1.1 (False), target==A02+K1.B1-V1:1.1 (False)

节点缺失: source==F01+K1.B1-V1:3.2 (False), target==A02+K1.B1-V1:3.2 (False)

节点缺失: source==O01+K1.B1-V1:1.1 (False), target==F01+K1.B1-V1:1.1 (False)

节点缺失: source==O01+K1.B1-V1:3.2 (False), target==F01+K1.B1-V1:3.2 (False)

节点缺失: source==Q01+K1.B1-V1:1.1 (False), target==O01+K1.B1-V1:1.1 (False)

节点缺失: source==Q01+K1.B1-V1:3.2 (False), target==O01+K1.B1-V1:3.2 (False)

节点缺失: source==S02+K1.B1-V1:1.1 (False), target==Q15+K1.B1-V1:1.1 (False)

节点缺失: source==S02+K1.B1-V1:1.1 (False), target==V01+K1.B1-V1:1.1 (False)

节点缺失: source==S02+K1.B1-V1:3.2 (False), target==Q15+K1.B1-V1:3.2 (False)

节点缺失: source==S02+K1.B1-V1:3.2 (False), target==V01+K1.B1-V1:3.2 (False)

节点缺失: source==V01+K1.B1-V2:1.1 (False), target==V01+K1.B1-V1:1.1 (False)

节点缺失: source==V01+K1.B1-V2:3.2 (False), target==V01+K1.B1-V1:3.2 (False)

节点缺失: source==A02+K1.B1-V1:2.1 (False), target==A02+K1.B1-W5(-P1):X1:9 (False)

节点缺失: source==A02+K1.B1-W5(-P2):P2:1 (False), target==A02+K1.B1-W6(-P2):P2:2 (False)

节点缺失: source==A02+K1.B1-X20-X20.3M:5 (True), target==F01+S1-N1.123:7 (False)

节点缺失: source==F01+K1.B1-W5(-P1):X1:1 (False), target==A02+K1.B1-X20-X20.3F:5 (False)

节点缺失: source==A02+K1.B1-X20-X20.3M:6 (True), target==F01+S1-N1.123:4 (False)

节点缺失: source==F01+K1.B1-W5(-P2):X1:1 (False), target==A02+K1.B1-X20-X20.3F:6 (False)

节点缺失: source==A02+K1.B1-X20-X20.3M:7 (True), target==F01+S1-N1.123:3 (False)

节点缺失: source==F01+K1.B1-K1:34 (False), target==A02+K1.B1-X20-X20.3F:7 (False)

节点缺失: source==F01+K1.B1-W5(-P1):X1:2 (False), target==F01+K1.B1-K1:33 (False)

节点缺失: source==F01+I1-W301 (False), target==F01+S1-N1.123:CASE (False)

节点缺失: source==F01+I1-W301:Schirm (False), target==A02+K1.B1-W10:SE (False)

节点缺失: source==A02+K1.B1-X20-X20.3M:8 (True), target==F01+S1-N2:7 (False)

节点缺失: source==F01+K1.B1-W5(-P1):X1:3 (False), target==A02+K1.B1-X20-X20.3F:8 (False)

节点缺失: source==A02+K1.B1-X20-X20.3M:9 (True), target==F01+S1-N2:4 (False)

节点缺失: source==F01+K1.B1-W5(-P2):X1:2 (False), target==A02+K1.B1-X20-X20.3F:9 (False)

节点缺失: source==A02+K1.B1-X20-X20.3M:10 (True), target==F01+S1-N2:3 (False)

节点缺失: source==F01+K1.B1-K1:54 (False), target==A02+K1.B1-X20-X20.3F:10 (False)

节点缺失: source==F01+K1.B1-W5(-P1):X1:4 (False), target==F01+K1.B1-K1:53 (False)

节点缺失: source==F01+I1-W302 (False), target==F01+S1-N2:CASE (False)

节点缺失: source==F01+I1-W302 (False), target==A02+K1.B1-W10:SE (False)

节点缺失: source==V01+K1.B1-A3:13 (False), target==A02+K1.B1-X22-X22.3F:4 (False)

节点缺失: source==A02+K1.B1-X22-X22.3F:4 (False), target==F01+K1.B1-K1:A11 (False)

节点缺失: source==F01+K1.B1-K1:A2 (False), target==F01+K1.B1-W5(-P2):X1:4 (False)

节点缺失: source==F01+K1.B1-K1 (False), target==F01+K1.B1-K1 (False)

节点缺失: source==V01+K1.B1-A1:9 (False), target==A02+K1.B1-K21:33 (False)
类似的source节点: ['=V01+K1.B1-A13:-X1:B', '=V01+K1.B1-A13:-X1:A', '=V01+K1.B1-A13:-X1:CASE']

节点缺失: source==A02+K1.B1-X22-X22.2F:24 (False), target==F01+K1.B1-K1:A12 (False)

节点缺失: source==V01+K1.B1-A3:14 (False), target==A02+K1.B1-X22-X22.2F:24 (False)

节点缺失: source==A02+K1.B1-X20-X20.3F:13 (False), target==F01+K1.B1-W5(-P2):X1:5 (False)

节点缺失: source==F01+S1-Y11:2 (False), target==A02+K1.B1-X20-X20.3M:13 (True)

节点缺失: source==A02+K1.B1-X20-X20.3M:11 (True), target==F01+S1-Y11:1 (False)

节点缺失: source==F01+K1.B1-K1:24 (False), target==A02+K1.B1-X20-X20.3F:11 (False)

节点缺失: source==F01+K1.B1-W5(-P1):X1:7 (False), target==F01+K1.B1-K1:23 (False)

节点缺失: source==A02+K1.B1-X20-X20.3M:12 (True), target==F01+S1-Y11:PE (False)

节点缺失: source==F01+S1-Y11:NC (False), target==A02+K1.B1-X20-X20.3M:14 (True)

节点缺失: source==F01+S1-Y11:COM (False), target==A02+K1.B1-X20-X20.3M:15 (True)

节点缺失: source==F01+K1.B1-V1:2.1 (False), target==F01+K1.B1-W5(-P1):X1:9 (False)

节点缺失: source==A02+K1.B1-W6(-P2):X1:3 (False), target==F01+K1.B1-W5(-P2):X1:9 (False)

节点缺失: source==A02+K1.H1-W12:SE (False), target==M01+S1-M1:CASE (False)

节点缺失: source==M01+K1.D2-X1:1 (False), target==M01+K1.D2-X1:1 (False)

节点缺失: source==M01+K1.H1-Z1:L/L1 (False), target==M01+K1.H1-U1:L1 (False)

节点缺失: source==M01+K1.H2-F2:2 (False), target==M01+K1.H1-Z1:L/L1 (False)

节点缺失: source==A01+K1.H2-W0:L2 (False), target==M01+K1.H2-F2:1 (False)

节点缺失: source==M01+K1.H1-Z1:N/L2 (False), target==M01+K1.H1-U1:N (False)

节点缺失: source==A02+K1.H2-X5:N:2 (False), target==M01+K1.H1-Z1:N/L2 (False)

节点缺失: source==A02+K1.H2-X6:PE:2 (False), target==M01+K1.H1-Z1:PE (False)

节点缺失: source==M01+K1.H1-Z1:PE (False), target==M01+K1.H1-U1:G (False)

节点缺失: source==M01+K1.H1-U1:P24 (False), target==M01+K1.H1-U1:PSC (False)

节点缺失: source==M01+K1.D2-X1:1 (False), target==M01+S1-M1:U (False)

节点缺失: source==M01+K1.H1-U1:U/T1 (False), target==M01+K1.D2-X1:1 (False)

节点缺失: source==M01+K1.D2-X1:2 (False), target==M01+K1.D2-X1:2 (False)

节点缺失: source==M01+K1.D2-X1:2 (False), target==M01+S1-M1:V (False)

节点缺失: source==M01+K1.H1-U1:V/T2 (False), target==M01+K1.D2-X1:2 (False)

节点缺失: source==M01+K1.D2-X1:3 (False), target==M01+K1.D2-X1:3 (False)

节点缺失: source==M01+K1.D2-X1:3 (False), target==M01+S1-M1:W (False)

节点缺失: source==M01+K1.H1-U1:W/T3 (False), target==M01+K1.D2-X1:3 (False)

节点缺失: source==M01+K1.D2-X1:PE (False), target==M01+S1-M1:PE (False)

节点缺失: source==M01+K1.D2-X1:PE (False), target==M01+K1.D2-X1:PE (False)

节点缺失: source==M01+K1.H1-U1:G' (False), target==M01+K1.D2-X1:PE (False)

节点缺失: source==A02+K1.B1-X20-X20.3M:16 (True), target==M01+S1-M1:T1 (False)

节点缺失: source==M01+K1.H1-U1:S5/TH (False), target==A02+K1.B1-X20-X20.3F:16 (False)

节点缺失: source==A02+K1.B1-X20-X20.3M:17 (True), target==M01+S1-M1:T2 (False)

节点缺失: source==M01+K1.H1-U1:SC (False), target==A02+K1.B1-X20-X20.3F:17 (False)

节点缺失: source==A02+K1.B1-W5(-P1):X2:5 (False), target==A02+K1.B1-X20-X20.3F:18 (False)

节点缺失: source==A02+K1.B1-X20-X20.3M:18 (True), target==M01+S1-B11:1 (False)

节点缺失: source==A02+K1.B1-X20-X20.3M:19 (True), target==M01+S1-B11:2 (False)

节点缺失: source==A02+K1.B1-A3:11 (False), target==A02+K1.B1-X20-X20.3F:19 (False)

节点缺失: source==A02+K1.B1-X20-X20.3M:20 (True), target==M01+S1-B11:3 (False)

节点缺失: source==A02+K1.B1-X20-X20.3F:20 (False), target==A02+K1.B1-W5(-P2):X3:6 (False)

节点缺失: source==A02+K1.B1-X20-X20.3M:21 (True), target==M01+S1-Y11:2 (False)

节点缺失: source==A02+K1.B1-W5(-P2):X3:8 (False), target==A02+K1.B1-X20-X20.3F:21 (False)

节点缺失: source==M01+S1-Y11:1 (False), target==A02+K1.B1-X20-X20.3M:22 (True)

节点缺失: source==A02+K1.B1-K20:44 (False), target==A02+K1.B1-X20-X20.3F:22 (False)

节点缺失: source==A02+K1.B1-K20:44 (False), target==M01+K1.B1-K10:41 (False)

节点缺失: source==M01+K1.B1-K10:41 (False), target==M01+K1.B1-K11:41 (False)

节点缺失: source==A02+K1.B1-A2:9 (False), target==A02+K1.B1-K20:43 (False)

节点缺失: source==A02+K1.B1-W5(-P1):X2:7 (False), target==M01+K1.B1-K9:42 (False)

节点缺失: source==M01+K1.B1-K9:41 (False), target==M01+K1.B1-K10:44 (False)

节点缺失: source==M01+K1.B1-K10:44 (False), target==M01+K1.B1-K11:44 (False)

节点缺失: source==A02+K1.B1-X20-X20.3M:23 (True), target==M01+S1-Y12:4 (False)

节点缺失: source==A02+K1.B1-W5(-P2):X4:2 (False), target==A02+K1.B1-X20-X20.3F:23 (False)

节点缺失: source==M01+S1-Y12:3 (False), target==A02+K1.B1-X20-X20.3M:24 (True)

节点缺失: source==A02+K1.B1-A2:10 (False), target==A02+K1.B1-X20-X20.3F:24 (False)

节点缺失: source==M01+K1.B1-K10:A2 (False), target==A02+K1.B1-W5(-P2):P2:2 (False)

节点缺失: source==M01+K1.B1-K10:A1 (False), target==P01+K1.B1-X9:8:5 (False)

节点缺失: source==M01+K1.B1-K11:A2 (False), target==A02+K1.B1-W5(-P2):P2:2 (False)

节点缺失: source==M01+K1.B1-K11:A1 (False), target==P01+K1.B1-X9:9:4 (False)

节点缺失: source==M01+K1.B1-K9:A2 (False), target==A02+K1.B1-W5(-P2):P2:2 (False)

节点缺失: source==A02+K1.B1-K20:54 (False), target==M01+K1.B1-K9:A1 (False)

节点缺失: source==A02+K1.B1-W5(-P1):X3:3 (False), target==A02+K1.B1-K20:53 (False)

节点缺失: source==M01+K1.B1-K10:11 (False), target==M01+K1.H1-U1:S1 (False)

节点缺失: source==M01+K1.B1-K10:14 (False), target==M01+K1.B1-K11:14 (False)

节点缺失: source==M01+K1.B1-K11:14 (False), target==M01+K1.B1-K9:12 (False)

节点缺失: source==M01+K1.B1-K9:12 (False), target==M01+K1.H1-U1:SC' (False)

节点缺失: source==M01+K1.B1-K11:11 (False), target==M01+K1.H1-U1:S2 (False)

节点缺失: source==M01+K1.B1-K9:11 (False), target==M01+K1.H1-U1:S6 (False)

节点缺失: source==M01+K1.H1-U1:S6 (False), target==M01+K1.H1-U1:S7/EB (False)

节点缺失: source==O01+K1.B1-V2:3 (False), target==O01+K1.B1-W5(-P2):X1:1 (False)

节点缺失: source==O01+K1.B1-A1:9 (False), target==O01+K1.B1-V2:1 (False)

节点缺失: source==O01+K1.B1-V2:1 (False), target==O01+K1.B1-V2:21 (False)

节点缺失: source==O01+K1.B1-W5(-P2):X1:2 (False), target==A02+K1.B1-X20-X20.4F:18 (False)

节点缺失: source==O01+K1.B1-K4:14 (False), target==A02+K1.B1-X20-X20.4F:18 (False)

节点缺失: source==O01+K1.B1-V2:2 (False), target==O01+K1.B1-K4:12 (False)

节点缺失: source==O01+S1-X1:1 (False), target==O01+S1-X1:1 (False)

节点缺失: source==P01+S11-D1.PCIe_X1_SLOT:CH1.1 (False), target==O01+S1-U1:IN.1 (False)

节点缺失: source==O01+S1-W515 (False), target==O01+S1-U1:OUT.G (False)

节点缺失: source==O01+S1-X1:G (False), target==O01+S1-X1:G (False)

节点缺失: source==O01+S1-X1:G (False), target==O01+S1-W515 (False)

节点缺失: source==O01+S1-U1:IN.G (False), target==P01+S11-D1.PCIe_X1_SLOT:CH1.G (False)

节点缺失: source==O01+S1-M1:+ (False), target==O01+S1-X1.2:1 (False)

节点缺失: source==A02+K1.B1-X20-X20.4M:17 (True), target==O01+S1-X1.2:1 (False)

节点缺失: source==O01+K1.B1-K4:11 (False), target==A02+K1.B1-X20-X20.4F:17 (False)

节点缺失: source==O01+S1-M1:- (False), target==O01+S1-X2:3 (False)

节点缺失: source==A02+K1.B1-X20-X20.4M:18 (True), target==O01+S1-X2:3 (False)

节点缺失: source==O01+K1.B1-K1:0 (False), target==O01+K1.B1-W5(-P2):X1:3 (False)

节点缺失: source==O01+K1.B1-K4:A2 (False), target==O01+K1.B1-K1:A (False)

节点缺失: source==O01+S1-X1.3:1 (False), target==O01+S1-E1-X6:1 (False)

节点缺失: source==A02+K1.B1-X20-X20.4M:19 (True), target==O01+S1-X1.3:1 (False)

节点缺失: source==O01+S1-X3:2 (False), target==O01+S1-E1(-X6):2 (False)

节点缺失: source==A02+K1.B1-X20-X20.4M:20 (True), target==O01+S1-X3:2 (False)

节点缺失: source==O01+S1-X3:3 (False), target==O01+S1-E1(-X6):3 (False)

节点缺失: source==A02+K1.B1-X20-X20.4M:21 (True), target==O01+S1-X3:3 (False)

节点缺失: source==O01+K1.B1-W5(-P1):X1:2 (False), target==A02+K1.B1-X20-X20.4F:21 (False)

节点缺失: source==O01+S1-X3:4 (False), target==O01+S1-E1(-X6):4 (False)

节点缺失: source==A02+K1.B1-X20-X20.4M:22 (True), target==O01+S1-X3:4 (False)

节点缺失: source==O01+K1.B1-A1:2 (False), target==A02+K1.B1-X20-X20.4F:22 (False)

节点缺失: source==O01+S1-X3:CASE (False), target==A02+K1.B1-W10:SE (False)

节点缺失: source==O01+K1.B1-K1:A2 (False), target==O01+K1.B1-W5(-P2):X1:4 (False)

节点缺失: source==O01+K1.B1-A1:16 (False), target==O01+K1.B1-K1:A1 (False)

节点缺失: source==O01+S1-X1:1 (False), target==O01+S1-U1:OUT.1 (False)

节点缺失: source==O01+K1.B1-K4:A1 (False), target==O01+K1.B1-A1:1 (False)

节点缺失: source==O01+K1.B1-A1:1 (False), target==A02+K1.B1-X20-X20.4F:20 (False)

节点缺失: source==O01+K1.B1-K1:+ (False), target==A02+K1.B1-X20-X20.4F:19 (False)

节点缺失: source==O01+K1.B1-W5(-P1):X1:1 (False), target==A02+K1.B1-X20-X20.4F:19 (False)

节点缺失: source==O01+K1.B1-A1:5 (False), target==A02+K1.B1-X21-X21.1F:23 (False)

节点缺失: source==A02+K1.B1-X21-X21.1F:23 (False), target==Q01+K1.B1-A4:6 (False)

节点缺失: source==O01+K1.B1-V1:2.1 (False), target==O01+K1.B1-W5(-P1):X1:9 (False)

节点缺失: source==A02+K1.B1-W6(-P2):X1:4 (False), target==O01+K1.B1-W5(-P2):X1:9 (False)

节点缺失: source==O01+K1.B1-A2:2 (False), target==O01+K1.B1-W5(-P1):X1:6 (False)

节点缺失: source==O01+K1.B1-A2:7 (False), target==O01+K1.B1-W5(-P2):X1:8 (False)

节点缺失: source==P01+K1.G1-E1:X3:L (False), target==O02+K1.G1-D2:L (False)
类似的target节点: ['=O02+K1.G1-D2:X4.CASE']

节点缺失: source==P01+K1.G1-E1:X3:N (False), target==O02+K1.G1-D2:N (False)
类似的target节点: ['=O02+K1.G1-D2:X4.CASE']

节点缺失: source==P01+K1.G1-E1:X3:PE (False), target==O02+K1.G1-D2:PE (False)
类似的target节点: ['=O02+K1.G1-D2:X4.CASE']

节点缺失: source==O02+K1.G1-D2:RJ45 (False), target==P01+K1.B1-A0.10:3:3 (False)
类似的source节点: ['=O02+K1.G1-D2:X4.CASE']

节点缺失: source==O01+K1.B1-A1:3 (False), target==O02+K1.B1-X9:1:4 (False)

节点缺失: source==O02+K1.G1-D2-X6:7 (False), target==O02+K1.B1-X9:1:3 (False)

节点缺失: source==O02+K1.B1-X9:2:5 (False), target==O01+K1.B1-W5(-P1):P1:2 (False)

节点缺失: source==O02+K1.G1-D2-X6:8 (False), target==O02+K1.B1-X9:2:2 (False)

节点缺失: source==O02+K1.B1-X9:3:4 (False), target==O01+K1.B1-W5(-P2):P2:2 (False)

节点缺失: source==O02+K1.G1-D2-X6:9 (False), target==O02+K1.B1-X9:3:3 (False)

节点缺失: source==O02+S1-X1:1 (False), target==O02+S1-H1:1 (False)

节点缺失: source==O02+S1-X1:4 (False), target==O02+S1-H1:1 (False)

节点缺失: source==O02+S1-X1:1 (False), target==O02+S1-X1:1 (False)

节点缺失: source==A02+K1.B1-X20-X20.5M:1 (True), target==O02+S1-X1:1 (False)

节点缺失: source==O02+S1-X1:1 (False), target==A02+K1.B1-X20-X20.5M:2 (True)

节点缺失: source==O02+K1.G1-D2-X2:.1 (False), target==A02+K1.B1-X20-X20.5F:1 (False)
类似的target节点: ['=A02+K1.B1-X20-X20.5F:17']

节点缺失: source==O02+K1.G1-D2-X2:.2 (False), target==A02+K1.B1-X20-X20.5F:2 (False)
类似的target节点: ['=A02+K1.B1-X20-X20.5F:17']

节点缺失: source==O02+S1-X1:4 (False), target==O02+S1-X1:4 (False)

节点缺失: source==A02+K1.B1-X20-X20.5M:3 (True), target==O02+S1-X1:4 (False)

节点缺失: source==O02+S1-X1:4 (False), target==A02+K1.B1-X20-X20.5M:4 (True)

节点缺失: source==O02+K1.G1-D2-X2:.6 (False), target==A02+K1.B1-X20-X20.5F:3 (False)
类似的target节点: ['=A02+K1.B1-X20-X20.5F:17']

节点缺失: source==O02+K1.G1-D2-X2:.7 (False), target==A02+K1.B1-X20-X20.5F:4 (False)
类似的target节点: ['=A02+K1.B1-X20-X20.5F:17']

节点缺失: source==O02+S1-H1:2 (False), target==O02+S1-X1:3 (False)

节点缺失: source==O02+S1-H1:2 (False), target==O02+S1-X1:2 (False)

节点缺失: source==O02+S1-X1:3 (False), target==O02+S1-X1:3 (False)

节点缺失: source==A02+K1.B1-X20-X20.5M:5 (True), target==O02+S1-X1:3 (False)

节点缺失: source==O02+S1-X1:3 (False), target==A02+K1.B1-X20-X20.5M:6 (True)

节点缺失: source==O02+K1.G1-D2-X2:.4 (False), target==A02+K1.B1-X20-X20.5F:5 (False)
类似的target节点: ['=A02+K1.B1-X20-X20.5F:17']

节点缺失: source==O02+K1.G1-D2-X2:.5 (False), target==A02+K1.B1-X20-X20.5F:6 (False)
类似的target节点: ['=A02+K1.B1-X20-X20.5F:17']

节点缺失: source==O02+S1-X1:2 (False), target==O02+S1-X1:2 (False)

节点缺失: source==A02+K1.B1-X20-X20.5M:7 (True), target==O02+S1-X1:2 (False)

节点缺失: source==O02+S1-X1:2 (False), target==A02+K1.B1-X20-X20.5M:8 (True)

节点缺失: source==O02+K1.G1-D2-X2:.8 (False), target==A02+K1.B1-X20-X20.5F:7 (False)
类似的target节点: ['=A02+K1.B1-X20-X20.5F:17']

节点缺失: source==O02+K1.G1-D2-X2:.9 (False), target==A02+K1.B1-X20-X20.5F:8 (False)
类似的target节点: ['=A02+K1.B1-X20-X20.5F:17']

节点缺失: source==O02+K1.B1-X9:4:5 (False), target==O01+K1.B1-W5(-P2):P2:2 (False)

节点缺失: source==O02+K1.G1-D2-X5:1 (False), target==O02+K1.B1-X9:4:2 (False)

节点缺失: source==O02+K1.B1-X9:4:2 (False), target==O02+K1.G1-D2-X5:2 (False)

节点缺失: source==O02+K1.B1-X9:5:4 (False), target==O01+K1.B1-W5(-P1):P1:2 (False)

节点缺失: source==O02+K1.G1-D2-X5:4 (False), target==O02+K1.B1-X9:5:3 (False)

节点缺失: source==O02+K1.B1-X9:5:3 (False), target==O02+K1.G1-D2-X5:5 (False)

节点缺失: source==O02+K1.H1-A20-X4:CASE (True), target==O02+K1-W312 (False)

节点缺失: source==O02+K1.G1-D2:X4.CASE (True), target==O02+K1-W312 (False)

节点缺失: source==O02+K1.G1-D2:X4.4 (False), target==O02+K1.H1-A20-X4:3 (False)
类似的source节点: ['=O02+K1.G1-D2:X4.CASE']
类似的target节点: ['=O02+K1.H1-A20-X4:CASE']

节点缺失: source==O02+K1.G1-D2:X4.3 (False), target==O02+K1.H1-A20-X4:1 (False)
类似的source节点: ['=O02+K1.G1-D2:X4.CASE']
类似的target节点: ['=O02+K1.H1-A20-X4:CASE']

节点缺失: source==O02+K1.G1-D2:X4.5 (False), target==O02+K1.H1-A20-X4:7 (False)
类似的source节点: ['=O02+K1.G1-D2:X4.CASE']
类似的target节点: ['=O02+K1.H1-A20-X4:CASE']

节点缺失: source==O02+K1.G1-D2:X4.1 (False), target==O02+K1.H1-A20-X4:5 (False)
类似的source节点: ['=O02+K1.G1-D2:X4.CASE']
类似的target节点: ['=O02+K1.H1-A20-X4:CASE']

节点缺失: source==O02+K1-W312 (False), target==A02+K1.H1-W10:SE (True)

节点缺失: source==O02+K1.H1-A20-X1:2 (False), target==O01+K1.B1-W5(-P1):P1:2 (False)

节点缺失: source==O02+K1.H1-A20-X1:4 (False), target==O02+K1.B1-O01-W5(-P2):P2:2 (False)

节点缺失: source==O02+K1.H1-A20-X2:CASE (True), target==O02+I1-W311 (False)

节点缺失: source==O02+S1-B4:CASE (False), target==+ (False)

节点缺失: source==A02+K1.B1-X20-X20.5F:9 (False), target==O02+K1.H1-A20-X2:3 (False)
类似的source节点: ['=A02+K1.B1-X20-X20.5F:17']
类似的target节点: ['=O02+K1.H1-A20-X2:CASE']

节点缺失: source==O02+S1-B4:1 (False), target==A02+K1.B1-X20-X20.5M:9 (True)

节点缺失: source==A02+K1.B1-X20-X20.5F:10 (False), target==O02+K1.H1-A20-X2:2 (False)
类似的source节点: ['=A02+K1.B1-X20-X20.5F:17']
类似的target节点: ['=O02+K1.H1-A20-X2:CASE']

节点缺失: source==O02+S1-B4:2 (False), target==A02+K1.B1-X20-X20.5M:10 (True)

节点缺失: source==A02+K1.B1-X20-X20.5F:11 (False), target==O02+K1.H1-A20-X2:1 (False)
类似的source节点: ['=A02+K1.B1-X20-X20.5F:17']
类似的target节点: ['=O02+K1.H1-A20-X2:CASE']

节点缺失: source==O02+S1-B4:3 (False), target==A02+K1.B1-X20-X20.5M:11 (True)

节点缺失: source==A02+K1.B1-X20-X20.5F:12 (False), target==O02+K1.H1-A20-X2:9 (False)
类似的source节点: ['=A02+K1.B1-X20-X20.5F:17']
类似的target节点: ['=O02+K1.H1-A20-X2:CASE']

节点缺失: source==O02+S1-B4:4 (False), target==A02+K1.B1-X20-X20.5M:12 (True)

节点缺失: source==A02+K1.B1-X20-X20.5F:13 (False), target==O02+K1.H1-A20-X2:7 (False)
类似的source节点: ['=A02+K1.B1-X20-X20.5F:17']
类似的target节点: ['=O02+K1.H1-A20-X2:CASE']

节点缺失: source==O02+S1-B4:5 (False), target==A02+K1.B1-X20-X20.5M:13 (True)

节点缺失: source==A02+K1.B1-X20-X20.5F:14 (False), target==O02+K1.H1-A20-X2:6 (False)
类似的source节点: ['=A02+K1.B1-X20-X20.5F:17']
类似的target节点: ['=O02+K1.H1-A20-X2:CASE']

节点缺失: source==O02+S1-B4:6 (False), target==A02+K1.B1-X20-X20.5M:14 (True)

节点缺失: source==A02+K1.B1-X20-X20.5F:15 (False), target==O02+K1.H1-A20-X2:4 (False)
类似的source节点: ['=A02+K1.B1-X20-X20.5F:17']
类似的target节点: ['=O02+K1.H1-A20-X2:CASE']

节点缺失: source==O02+S1-B4:7 (False), target==A02+K1.B1-X20-X20.5M:15 (True)

节点缺失: source==A02+K1.B1-X20-X20.5F:16 (False), target==O02+K1.H1-A20-X2:5 (False)
类似的source节点: ['=A02+K1.B1-X20-X20.5F:17']
类似的target节点: ['=O02+K1.H1-A20-X2:CASE']

节点缺失: source==O02+S1-B4:8 (False), target==A02+K1.B1-X20-X20.5M:16 (True)

节点缺失: source==O02+K1-W311 (False), target==A02+K1.H1-W10:SE (True)

节点缺失: source==O02+I1-W311 (False), target==O02+S1-B4:9 (False)

节点缺失: source==A02+K1.B1-X20-X20.1M:7 (True), target==A02+S1-A21-X1:7 (False)

节点缺失: source==O01+K1.B1-A1:10 (False), target==A02+K1.B1-X20-X20.1F:7 (False)

节点缺失: source==A02+K1.B1-X20-X20.1M:8 (True), target==A02+S1-A21-X1:8 (False)

节点缺失: source==O01+K1.B1-A1:11 (False), target==A02+K1.B1-X20-X20.1F:8 (False)

节点缺失: source==O02+K1.H1-A20-X3:5 (False), target==O01+K1.B1-W5(-P2):P2:1 (False)

节点缺失: source==O02+K1.H1-A20-X3:3 (False), target==O01+K1.B1-A2:1 (False)

节点缺失: source==O02+K1.H1-A20-X3:1 (False), target==O01+K1.B1-A2:5 (False)

节点缺失: source==O02+K1.H1-A20-X3:7 (False), target==O01+K1.B1-A2:4 (False)

节点缺失: source==P01+K1.G1-D1:L (False), target==P01+K1.G1-E1:X1:L (False)
类似的source节点: ['=P01+K1.G1-D1:USB6']

节点缺失: source==P01+K1.G1-E1:X0:L (False), target==A01+K1.B1-X20:L (False)

节点缺失: source==P01+K1.G1-D1:N (False), target==P01+K1.G1-E1:X1:N (False)
类似的source节点: ['=P01+K1.G1-D1:USB6']

节点缺失: source==P01+K1.G1-E1:X0:N (False), target==A01+K1.B1-X20:N (False)

节点缺失: source==P01+K1.G1-D1:PE (False), target==P01+K1.G1-E1:X1:PE (False)
类似的source节点: ['=P01+K1.G1-D1:USB6']

节点缺失: source==P01+K1.G1-E1:X0:PE (False), target==A01+K1.B1-X20:PE (False)

节点缺失: source==P01+K1.G1-D1:USB1 (False), target==P01+K1.G1-E1:USB (False)
类似的source节点: ['=P01+K1.G1-D1:USB6']

节点缺失: source==P01+K1.G1-D1:USB3 (False), target==P01+K1.G2-X1 (False)
类似的source节点: ['=P01+K1.G1-D1:USB6']

节点缺失: source==P01+K1.G2-X1:USB A (False), target==P01+K1.G2-X1 (False)

节点缺失: source==P01+K1.G1-D1:MOUSE (False), target==P01+K1.G2-X2 (False)
类似的source节点: ['=P01+K1.G1-D1:USB6']

节点缺失: source==P01+K1.G2-X2:USB A (False), target==P01+K1.G2-X2 (False)

节点缺失: source==P01+K1.G2-P1:L (False), target==P01+K1.G1-E1:X2:L (False)

节点缺失: source==P01+K1.G2-P1:N (False), target==P01+K1.G1-E1:X2:N (False)

节点缺失: source==P01+K1.G2-P1:PE (False), target==P01+K1.G1-E1:X2:PE (False)

节点缺失: source==A02+K1.H2-X6:PE:2 (False), target==+:PE (False)

节点缺失: source==P01+K1.G1-D1:RJ45 (False), target==P01+K1.B1-A0.10:1:1 (False)
类似的source节点: ['=P01+K1.G1-D1:USB6']

节点缺失: source==A02+K1.A1-X21:Ethernet (False), target==P01+K1.G1-D1:RJ45 (False)
类似的target节点: ['=P01+K1.G1-D1:USB6']

节点缺失: source==P01+K1.B1-X9:1:4 (False), target==P01+K1.H1-D2:+ (False)

节点缺失: source==P01+K1.B1-V1:2.1 (False), target==P01+K1.B1-X9:1:3 (False)

节点缺失: source==A01+K1.B1-W7(-P1):P1:2 (False), target==P01+K1.B1-V1:1.1 (False)

节点缺失: source==P01+K1.B1-X9:PE:1 (False), target==P01+K1.H1-D2:GND (False)

节点缺失: source==P01+K1.B1-X9:2:5 (False), target==P01+K1.H1-D2:- (False)

节点缺失: source==P01+K1.B1-X9:2:2 (False), target==A01+K1.B1-W7(-P2):P2:2 (False)

节点缺失: source==A01+K1.B1-W7(-P2):P2:2 (False), target==P01+K1.B1-V1:3.1 (False)

节点缺失: source==P01+K1.H1-D2-LAN-A (False), target==P01+K1.G1-D1:RJ45 (False)
类似的target节点: ['=P01+K1.G1-D1:USB6']

节点缺失: source==A01+K1.B1-W7(-P1):P1:1 (False), target==P01+K1.B1-A0.10:US:1 (False)

节点缺失: source==P01+K1.B1-A0.10:US:2 (False), target==A01+K1.B1-W7(-P2):P2:1 (False)

节点缺失: source==P01+K1.B1-A0.10:2:2 (False), target==P01+K1.H1-D2-LAN-A (False)

节点缺失: source==A02+K1.H2-X6:PE:2 (False), target==P01+K1.B1-A0.10:US:3 (False)

节点缺失: source==P01+K1.B1-A0.0:1 (False), target==A02+K1.B1-W5(-P1):X3:5 (False)

节点缺失: source==P01+K1.B1-A0.0:5 (False), target==A02+K1.B1-W5(-P2):X4:7 (False)

节点缺失: source==P01+K1.B1-A0.0:2 (False), target==A02+K1.B1-W5(-P1):X3:6 (False)

节点缺失: source==P01+K1.B1-A0.0:7 (False), target==A02+K1.B1-W5(-P2):X4:8 (False)

节点缺失: source==P01+K1.B1-A0.0:EtherCAT IN (False), target==P01+K1.H1-D2-LAN-A (False)

节点缺失: source==P01+K1.B1-A0:EtherCAT IN (False), target==P01+K1.B1-A0.0:EtherCAT OUT (False)

节点缺失: source==F01+S1-N1.123:EtherCAT IN (False), target==F01+K1.D2-X11:1 (False)

节点缺失: source==F01+K1.D2-X11:1 (False), target==F01+K1.D2-X11:1 (False)

节点缺失: source==F01+K1.D2-X11:1 (False), target==P01+K1.B1-A0.2:EtherCAT X2 (False)

节点缺失: source==M01+K1.H1-U1:IN:1-8 (False), target==P01+K1.B1-A0.2:EtherCAT X1 (False)

节点缺失: source==F01+S1-N2:EtherCAT IN (False), target==F01+S1-N1.123:EtherCAT OUT (False)

节点缺失: source==P01+K1.B1-A0:1 (False), target==A01+K1.B1-W7(-P1):X3:5 (False)

节点缺失: source==P01+K1.B1-A0:5 (False), target==A01+K1.B1-W7(-P2):X4:7 (False)

节点缺失: source==P01+K1.B1-A0:2 (False), target==A02+K1.B1-W5(-P1):X3:6 (False)

节点缺失: source==P01+K1.B1-A0:7 (False), target==A02+K1.B1-W5(-P2):X4:8 (False)

节点缺失: source==P01+K1.B1-X9:3:4 (False), target==A02+K1.B1-W5(-P1):P1 (False)

节点缺失: source==P01+K1.B1-X9:4:5 (False), target==Q01+K1.B1-X9:33:4 (False)

节点缺失: source==P01+K1.B1-X9:5:4 (False), target==Q01+K1.B1-X9:41:4 (False)

节点缺失: source==P01+K1.B1-X9:7:4 (False), target==A02+K1.B1-K21:71 (False)

节点缺失: source==P01+K1.G2-X3:1-15 (True), target==P01+S1-A50:X1.1-15 (False)

节点缺失: source==P01+S1-A50-X1:1 (False), target==P01+S1-A50-S6:13 (False)

节点缺失: source==P01+S1-A50-S1:14 (False), target==P01+S1-A50-X1:2 (False)

节点缺失: source==P01+S1-A50-S1:13 (False), target==P01+S1-A50-S2:13 (False)

节点缺失: source==P01+S1-A50-S6:14 (False), target==P01+S1-A50-S2:13 (False)

节点缺失: source==P01+S1-A50-S6:14 (False), target==P01+S1-A50-S3:13 (False)

节点缺失: source==P01+S1-A50-S3:13 (False), target==P01+S1-A50-S4:13 (False)

节点缺失: source==P01+S1-A50-S4:13 (False), target==P01+S1-A50-S5:11 (False)

节点缺失: source==P01+S1-A50-S2:14 (False), target==P01+S1-A50-X1:3 (False)

节点缺失: source==P01+S1-A50-S3:14 (False), target==P01+S1-A50-X1:4 (False)

节点缺失: source==P01+S1-A50-S4:14 (False), target==P01+S1-A50-X1:5 (False)

节点缺失: source==P01+S1-A50-S5:14 (False), target==P01+S1-A50-X1:6 (False)

节点缺失: source==P01+S1-A50-S5:12 (False), target==P01+S1-A50-X1:7 (False)

节点缺失: source==A02+K1.B1-K21:72 (False), target==A02+K1.B1-A3:12 (False)

节点缺失: source==A01+S1-W0 (False), target==Q01+K1.G1-G1:PE (False)
类似的target节点: ['=Q01+K1.G1-G1:B.S', '=Q01+K1.G1-G1:GND', '=Q01+K1.G1-G1:GND.S']

节点缺失: source==Q01+K1.B1-X20:1:2 (False), target==Q01+K1.G1-G1:A (False)
类似的target节点: ['=Q01+K1.G1-G1:B.S', '=Q01+K1.G1-G1:GND', '=Q01+K1.G1-G1:GND.S']

节点缺失: source==Q01+K1.H2-Q1:T1 (False), target==Q01+K1.B1-X20:1:1 (False)

节点缺失: source==A02+K1.H2-W2:2L1 (False), target==Q01+K1.H2-Q1:L1 (False)

节点缺失: source==Q01+K1.B1-X20:2:2 (False), target==Q01+K1.G1-G1:B (False)
类似的target节点: ['=Q01+K1.G1-G1:B.S', '=Q01+K1.G1-G1:GND', '=Q01+K1.G1-G1:GND.S']

节点缺失: source==Q01+K1.H2-Q1:T2 (False), target==Q01+K1.B1-X20:2:1 (False)

节点缺失: source==A02+K1.H2-W2:2L2 (False), target==Q01+K1.H2-Q1:L2 (False)

节点缺失: source==Q01+K1.B1-X20:3:2 (False), target==Q01+K1.G1-G1:C (False)
类似的target节点: ['=Q01+K1.G1-G1:B.S', '=Q01+K1.G1-G1:GND', '=Q01+K1.G1-G1:GND.S']

节点缺失: source==Q01+K1.H2-Q1:T3 (False), target==Q01+K1.B1-X20:3:1 (False)

节点缺失: source==A02+K1.H2-W2:2L3 (False), target==Q01+K1.H2-Q1:L3 (False)

节点缺失: source==Q01+K1.B1-X20:PE:1 (False), target==Q01+K1.G1-G1:PE (False)
类似的target节点: ['=Q01+K1.G1-G1:B.S', '=Q01+K1.G1-G1:GND', '=Q01+K1.G1-G1:GND.S']

节点缺失: source==A02+K1.H2-X6:3:2 (False), target==Q01+K1.B1-X20:PE:2 (False)

节点缺失: source==A01+S1-W0 (False), target==Q01+S1-N1:PE (False)

节点缺失: source==A02+K1-W30:SE (False), target==A02+K1-W30:SE (False)

节点缺失: source==Q01+S1-N1:X7.1 (False), target==Q01+K1.G1-G1:A (False)
类似的target节点: ['=Q01+K1.G1-G1:B.S', '=Q01+K1.G1-G1:GND', '=Q01+K1.G1-G1:GND.S']

节点缺失: source==Q01+S1-N1:X7.S (False), target==Q01+S1-N4:X7.S (False)

节点缺失: source==Q01+S1-N4:PE (False), target==A01+S1-W0 (False)

节点缺失: source==Q01+S1-N4:X7.1 (False), target==Q01+K1.G1-G1:B (False)
类似的target节点: ['=Q01+K1.G1-G1:B.S', '=Q01+K1.G1-G1:GND', '=Q01+K1.G1-G1:GND.S']

节点缺失: source==Q01+I1-W104:Schirm1 (False), target==Q01+K1.G1-G1:B.S (True)

节点缺失: source==A02+K1-W30:SE (False), target==Q01+I1-W105:Schirm2 (False)

节点缺失: source==Q01+S1-X100:1:1 (False), target==Q01+K1.G1-G1:GND (True)

节点缺失: source==Q01+K1.H2-Q1:14 (False), target==Q01+K1.B1-A1:1 (False)

节点缺失: source==Q01+K1.G1-G1:GND.S (True), target==Q01+S1-X100:G (False)

节点缺失: source==Q01+K1.B1-X9:1:4 (False), target==Q01+K1.G1-G1:J2.1 (False)
类似的target节点: ['=Q01+K1.G1-G1:B.S', '=Q01+K1.G1-G1:GND', '=Q01+K1.G1-G1:GND.S']

节点缺失: source==Q01+K1.B1-X9:1:3 (False), target==Q01+K1.B1-X9:2:2 (False)

节点缺失: source==Q01+K1.B1-X9:2:5 (False), target==Q01+K1.G1-G1:J2.2 (False)
类似的target节点: ['=Q01+K1.G1-G1:B.S', '=Q01+K1.G1-G1:GND', '=Q01+K1.G1-G1:GND.S']

节点缺失: source==Q01+K1.G1-G1:J3.CASE (False), target==A02+K1.B1-W11:SE (False)
类似的source节点: ['=Q01+K1.G1-G1:B.S', '=Q01+K1.G1-G1:GND', '=Q01+K1.G1-G1:GND.S']

节点缺失: source==Q01+K1.B1-A10:7 (False), target==Q01+K1.G1-G1:J3.1 (False)
类似的target节点: ['=Q01+K1.G1-G1:B.S', '=Q01+K1.G1-G1:GND', '=Q01+K1.G1-G1:GND.S']

节点缺失: source==Q01+K1.B1-A10:8 (False), target==Q01+K1.G1-G1:J3.2 (False)
类似的target节点: ['=Q01+K1.G1-G1:B.S', '=Q01+K1.G1-G1:GND', '=Q01+K1.G1-G1:GND.S']

节点缺失: source==Q01+K1.B1-A11:3 (False), target==Q01+K1.G1-G1:J3.5 (False)
类似的target节点: ['=Q01+K1.G1-G1:B.S', '=Q01+K1.G1-G1:GND', '=Q01+K1.G1-G1:GND.S']

节点缺失: source==Q01+K1.B1-A11:4 (False), target==Q01+K1.G1-G1:J3.6 (False)
类似的target节点: ['=Q01+K1.G1-G1:B.S', '=Q01+K1.G1-G1:GND', '=Q01+K1.G1-G1:GND.S']

节点缺失: source==Q01+K1.B1-A11:7 (False), target==Q01+K1.G1-G1:J3.7 (False)
类似的target节点: ['=Q01+K1.G1-G1:B.S', '=Q01+K1.G1-G1:GND', '=Q01+K1.G1-G1:GND.S']

节点缺失: source==Q01+K1.B1-A11:8 (False), target==Q01+K1.G1-G1:J3.9 (False)
类似的target节点: ['=Q01+K1.G1-G1:B.S', '=Q01+K1.G1-G1:GND', '=Q01+K1.G1-G1:GND.S']

节点缺失: source==Q01+K1.B1-W5(-P2):P2:1 (False), target==Q01+K1.B1-X9:4:5 (False)

节点缺失: source==Q01+K1.G1-G1:J4.CASE (False), target==A02+K1.B1-W9:SE (False)
类似的source节点: ['=Q01+K1.G1-G1:B.S', '=Q01+K1.G1-G1:GND', '=Q01+K1.G1-G1:GND.S']

节点缺失: source==Q01+K1.B1-X9:3:4 (False), target==Q01+K1.B1-A1:9 (False)

节点缺失: source==Q01+K1.G1-G1:J4.1 (False), target==Q01+K1.B1-X9:3:3 (False)
类似的source节点: ['=Q01+K1.G1-G1:B.S', '=Q01+K1.G1-G1:GND', '=Q01+K1.G1-G1:GND.S']

节点缺失: source==Q01+K1.G1-G1:J4.2 (False), target==Q01+K1.B1-X9:4:2 (False)
类似的source节点: ['=Q01+K1.G1-G1:B.S', '=Q01+K1.G1-G1:GND', '=Q01+K1.G1-G1:GND.S']

节点缺失: source==Q01+K1.B1-X9:5:4 (False), target==Q01+K1.B1-A1:2 (False)

节点缺失: source==Q01+K1.G1-G1:J4.5 (False), target==Q01+K1.B1-X9:5:3 (False)
类似的source节点: ['=Q01+K1.G1-G1:B.S', '=Q01+K1.G1-G1:GND', '=Q01+K1.G1-G1:GND.S']

节点缺失: source==Q01+K1.B1-X9:6:5 (False), target==Q01+K1.B1-W5(-P1):X1:1 (False)

节点缺失: source==Q01+K1.G1-G1:J4.6 (False), target==Q01+K1.B1-X9:6:2 (False)
类似的source节点: ['=Q01+K1.G1-G1:B.S', '=Q01+K1.G1-G1:GND', '=Q01+K1.G1-G1:GND.S']

节点缺失: source==Q01+K1.B1-X9:7:4 (False), target==Q01+K1.B1-A1:3 (False)

节点缺失: source==Q01+K1.G1-G1:J4.7 (False), target==Q01+K1.B1-X9:7:3 (False)
类似的source节点: ['=Q01+K1.G1-G1:B.S', '=Q01+K1.G1-G1:GND', '=Q01+K1.G1-G1:GND.S']

节点缺失: source==Q01+K1.B1-X9:8:5 (False), target==Q01+K1.B1-W5(-P1):X1:2 (False)

节点缺失: source==Q01+K1.G1-G1:J4.8 (False), target==Q01+K1.B1-X9:8:2 (False)
类似的source节点: ['=Q01+K1.G1-G1:B.S', '=Q01+K1.G1-G1:GND', '=Q01+K1.G1-G1:GND.S']

节点缺失: source==Q01+K1.B1-X9:9:4 (False), target==Q01+K1.B1-A1:4 (False)

节点缺失: source==Q01+K1.G1-G1:J4.9 (False), target==Q01+K1.B1-X9:9:3 (False)
类似的source节点: ['=Q01+K1.G1-G1:B.S', '=Q01+K1.G1-G1:GND', '=Q01+K1.G1-G1:GND.S']

节点缺失: source==Q01+K1.B1-X9:10:5 (False), target==Q01+K1.B1-W5(-P1):X1:3 (False)

节点缺失: source==Q01+K1.G1-G1:J4.10 (False), target==Q01+K1.B1-X9:10:2 (False)
类似的source节点: ['=Q01+K1.G1-G1:B.S', '=Q01+K1.G1-G1:GND', '=Q01+K1.G1-G1:GND.S']

节点缺失: source==Q01+K1.B1-X9:11:4 (False), target==Q01+K1.B1-A1:5 (False)

节点缺失: source==Q01+K1.G1-G1:J4.11 (False), target==Q01+K1.B1-X9:11:3 (False)
类似的source节点: ['=Q01+K1.G1-G1:B.S', '=Q01+K1.G1-G1:GND', '=Q01+K1.G1-G1:GND.S']

节点缺失: source==Q01+K1.B1-X9:12:5 (False), target==Q01+K1.B1-W5(-P1):X1:4 (False)

节点缺失: source==Q01+K1.G1-G1:J4.12 (False), target==Q01+K1.B1-X9:12:2 (False)
类似的source节点: ['=Q01+K1.G1-G1:B.S', '=Q01+K1.G1-G1:GND', '=Q01+K1.G1-G1:GND.S']

节点缺失: source==Q01+K1.B1-X9:13:4 (False), target==Q01+K1.B1-A1:6 (False)

节点缺失: source==Q01+K1.G1-G1:J4.13 (False), target==Q01+K1.B1-X9:13:3 (False)
类似的source节点: ['=Q01+K1.G1-G1:B.S', '=Q01+K1.G1-G1:GND', '=Q01+K1.G1-G1:GND.S']

节点缺失: source==Q01+K1.B1-X9:14:5 (False), target==Q01+K1.B1-W5(-P1):X1:5 (False)

节点缺失: source==Q01+K1.G1-G1:J4.14 (False), target==Q01+K1.B1-X9:14:2 (False)
类似的source节点: ['=Q01+K1.G1-G1:B.S', '=Q01+K1.G1-G1:GND', '=Q01+K1.G1-G1:GND.S']

节点缺失: source==Q01+K1.D2-X1:1 (False), target==Q01+K1.D2-X1:1 (False)

节点缺失: source==Q01+K1.D2-X1:1 (False), target==Q01+S1-N1:X0.1 (False)

节点缺失: source==Q01+K1.H2-Q2:T1 (False), target==Q01+K1.D2-X1:1 (False)

节点缺失: source==A02+K1.H2-W3:3L1 (False), target==Q01+K1.H2-Q2:L1 (False)

节点缺失: source==Q01+K1.D2-X1:2 (False), target==Q01+K1.D2-X1:2 (False)

节点缺失: source==Q01+K1.D2-X1:2 (False), target==Q01+S1-N1:X0.2 (False)

节点缺失: source==Q01+K1.H2-Q2:T2 (False), target==Q01+K1.D2-X1:2 (False)

节点缺失: source==Q01+K1.H2-Q2:T2 (False), target==Q01+K1.D2-X2:2 (False)

节点缺失: source==A02+K1.H2-W3:3L2 (False), target==Q01+K1.H2-Q2:L2 (False)

节点缺失: source==Q01+K1.D2-X1:3 (False), target==Q01+K1.D2-X1:3 (False)

节点缺失: source==Q01+K1.H2-Q2:T3 (False), target==Q01+K1.D2-X2:1 (False)

节点缺失: source==A02+K1.H2-W3:3L3 (False), target==Q01+K1.H2-Q2:L3 (False)

节点缺失: source==Q01+K1.D2-X1:PE (False), target==Q01+S1-N1:X0.PE (False)

节点缺失: source==Q01+K1.D2-X1:PE (False), target==Q01+K1.D2-X1:PE (False)

节点缺失: source==A02+K1.H2-X6:4:2 (False), target==Q01+K1.D2-X1:PE (False)

节点缺失: source==Q01+S1-E1:1 (False), target==Q01+S1-N1:X5.1 (False)

节点缺失: source==Q01+S1-E1:S (False), target==Q01+S1-N1:X5.S (False)

节点缺失: source==Q01+S1-E1:1 (False), target==Q01+S1-N1:X6.1 (False)

节点缺失: source==Q01+S1-E1:S (False), target==Q01+S1-N1:X6.S (False)

节点缺失: source==Q01+K1.H2-Q2:14 (False), target==Q01+K1.B1-A4:1 (False)

节点缺失: source==Q01+K1.H2-Q2:14 (False), target==Q01+K1.B1-A7:1 (False)

节点缺失: source==Q01+K1.B1-W5(-P1):P1:2 (False), target==Q01+K1.H2-Q2:13 (False)

节点缺失: source==Q01+S1-N1:X1.CASE (False), target==A02+K1.B1-W10:SE (False)

节点缺失: source==A02+K1.B1-X21-X21.1M:1 (True), target==Q01+S1-N1:X1.1 (False)

节点缺失: source==Q01+K1.B1-A4:9 (False), target==A02+K1.B1-X21-X21.1F:1 (False)

节点缺失: source==A02+K1.B1-X21-X21.1M:2 (True), target==Q01+S1-N1:X1.2 (False)

节点缺失: source==A02+K1.B1-X21-X21.1F:2 (False), target==Q01+K1.B1-W5(-P2):P2:2 (False)

节点缺失: source==A02+K1.B1-X21-X21.1M:3 (True), target==Q01+S1-N1:X1.3 (False)

节点缺失: source==Q01+K1.B1-A4:10 (False), target==A02+K1.B1-X21-X21.1F:3 (False)

节点缺失: source==A02+K1.B1-X21-X21.1M:4 (True), target==Q01+S1-N1:X1.4 (False)

节点缺失: source==A02+K1.B1-X21-X21.1F:4 (False), target==Q01+K1.B1-W5(-P2):P2:2 (False)

节点缺失: source==A02+K1.B1-X21-X21.1M:5 (True), target==Q01+S1-N1:X1.5 (False)

节点缺失: source==Q01+K1.B1-A4:11 (False), target==A02+K1.B1-X21-X21.1F:5 (False)

节点缺失: source==A02+K1.B1-X21-X21.1M:6 (True), target==Q01+S1-N1:X1.6 (False)

节点缺失: source==A02+K1.B1-X21-X21.1F:6 (False), target==Q01+K1.B1-W5(-P2):P2:2 (False)

节点缺失: source==A02+K1.B1-X21-X21.1M:7 (True), target==Q01+S1-N1:X1.7 (False)

节点缺失: source==Q01+K1.B1-A4:2 (False), target==A02+K1.B1-X21-X21.1F:7 (False)

节点缺失: source==A02+K1.B1-X21-X21.1M:8 (True), target==Q01+S1-N1:X1.9 (False)

节点缺失: source==Q01+K1.B1-A4:3 (False), target==A02+K1.B1-X21-X21.1F:8 (False)

节点缺失: source==A02+K1.B1-X21-X21.1M:9 (True), target==Q01+S1-N1:X1.8 (False)

节点缺失: source==A02+K1.B1-X21-X21.1F:9 (False), target==Q01+K1.B1-W5(-P1):P1 (False)

节点缺失: source==A02+K1.B1-X21-X21.1M:10 (True), target==Q01+S1-N1-X2:3 (False)

节点缺失: source==Q01+K1.B1-A3:1 (False), target==A02+K1.B1-X21-X21.1F:10 (False)

节点缺失: source==A02+K1.B1-X21-X21.1M:11 (True), target==Q01+S1-N1-X2:4 (False)

节点缺失: source==Q01+K1.B1-A3:2 (False), target==A02+K1.B1-X21-X21.1F:11 (False)

节点缺失: source==A02+K1.B1-X21-X21.1M:12 (True), target==Q01+S1-N1-X2:7 (False)

节点缺失: source==Q01+K1.B1-A3:5 (False), target==A02+K1.B1-X21-X21.1F:12 (False)

节点缺失: source==A02+K1.B1-X21-X21.1M:13 (True), target==Q01+S1-N1-X2:8 (False)

节点缺失: source==Q01+K1.B1-A3:6 (False), target==A02+K1.B1-X21-X21.1F:13 (False)

节点缺失: source==A02+K1.B1-X21-X21.1M:14 (True), target==Q01+S1-N1-X2:1 (False)

节点缺失: source==Q01+K1.B1-A2:1 (False), target==A02+K1.B1-X21-X21.1F:14 (False)

节点缺失: source==A02+K1.B1-X21-X21.1M:15 (True), target==Q01+S1-N1-X2:2 (False)

节点缺失: source==Q01+K1.B1-A2:2 (False), target==A02+K1.B1-X21-X21.1F:15 (False)

节点缺失: source==A02+K1.B1-X21-X21.1M:16 (True), target==Q01+S1-N1-X2:5 (False)

节点缺失: source==Q01+K1.B1-A2:5 (False), target==A02+K1.B1-X21-X21.1F:16 (False)

节点缺失: source==A02+K1.B1-X21-X21.1M:17 (True), target==Q01+S1-N1-X2:6 (False)

节点缺失: source==Q01+K1.B1-A2:6 (False), target==A02+K1.B1-X21-X21.1F:17 (False)

节点缺失: source==Q01+I1-W413:Schirm (False), target==Q01+S1-N1:X2.CASE (False)

节点缺失: source==Q01+K1-W413:Schirm (False), target==A02+K1.B1-W11:SE (False)

节点缺失: source==Q01+K1.H1-G2:- (False), target==Q01+K1.B1-X9:16:2 (False)

节点缺失: source==Q01+K1.B1-X9:16:2 (False), target==Q01+K1.B1-X9:36:2 (False)

节点缺失: source==Q01+K1.H2-Q3:T1 (False), target==Q01+K1.H1-G2:L1 (False)

节点缺失: source==A02+K1.H2-W3:3L1 (False), target==Q01+K1.H2-Q3:L1 (False)

节点缺失: source==Q01+K1.H1-G2:+ (False), target==Q01+K1.B1-X9:15:3 (False)

节点缺失: source==Q01+K1.B1-X9:15:3 (False), target==Q01+K1.B1-X9:35:3 (False)

节点缺失: source==Q01+K1.H2-Q3:T2 (False), target==Q01+K1.H1-G2:L2 (False)

节点缺失: source==A02+K1.H2-W3:3L2 (False), target==Q01+K1.H2-Q3:L2 (False)

节点缺失: source==Q01+K1.H2-Q3:T3 (False), target==Q01+K1.H1-G2:L3 (False)

节点缺失: source==A02+K1.H2-W3:3L3 (False), target==Q01+K1.H2-Q3:L3 (False)

节点缺失: source==Q01+K1.H1-G2:- (False), target==A02+K1.H2-X6:PE:1 (False)

节点缺失: source==Q01+K1.B1-X9:PE:1 (False), target==Q01+K1.H1-G2:PE (False)

节点缺失: source==Q01+K1.H2-Q3:14 (False), target==Q01+K1.B1-A4:4 (False)

节点缺失: source==Q01+K1.H2-Q3:14 (False), target==Q01+K1.B1-A7:4 (False)

节点缺失: source==Q01+K1.B1-W5(-P1):P1:1 (False), target==Q01+K1.H2-Q3:13 (False)

节点缺失: source==Q01+S1-E1:X1.CASE (False), target==Q01+I1-W118:Schirm (False)

节点缺失: source==A02+K1.B1-X21-X21.1M:18 (True), target==Q01+S1-E1:X1.1 (False)

节点缺失: source==Q01+K1.B1-X9:15:4 (False), target==Q01+K1.G1-N2:X0.+24V (False)

节点缺失: source==A02+K1.B1-X21-X21.1M:19 (True), target==Q01+S1-E1:X1.2 (False)

节点缺失: source==Q01+K1.B1-X9:16:5 (False), target==Q01+K1.G1-N2:X0.GND (False)

节点缺失: source==A02+K1.B1-X21-X21.1M:20 (True), target==Q01+S1-E1:X1.3 (False)

节点缺失: source==Q01+K1.B1-X9:PE:1 (False), target==Q01+K1.G1-N2:X0.PE (False)

节点缺失: source==A02+K1.B1-X21-X21.1M:21 (True), target==Q01+S1-E1:X1.4 (False)

节点缺失: source==Q01+K1.G1-N2:X3A.1 (False), target==A02+K1.B1-X21-X21.1F:18 (False)

节点缺失: source==Q01+K1.G1-N2:X3A.2 (False), target==A02+K1.B1-X21-X21.1F:19 (False)

节点缺失: source==Q01+K1.G1-N2:X3B.2 (False), target==A02+K1.B1-X21-X21.1F:20 (False)

节点缺失: source==Q01+K1.G1-N2:X3B.1 (False), target==A02+K1.B1-X21-X21.1F:21 (False)

节点缺失: source==Q01+K1.B1-A5:1 (False), target==Q01+K1.G1-N2:X1.9 (False)

节点缺失: source==Q01+K1.B1-A5:3 (False), target==Q01+K1.G1-N2:X1.10 (False)

节点缺失: source==Q01+K1.B1-A5:5 (False), target==Q01+K1.G1-N2:X1.11 (False)

节点缺失: source==Q01+K1.B1-A5:7 (False), target==Q01+K1.G1-N2:X1.12 (False)

节点缺失: source==A02+K1.B1-W11:SE (False), target==Q01+K1.G1-N2:X1.CASE (False)

节点缺失: source==Q01+K1.B1-X9:17:4 (False), target==Q01+K1.G1-N2:X2.E+ (False)

节点缺失: source==Q01+K1.B1-A4:12 (False), target==Q01+K1.B1-X9:17:3 (False)

节点缺失: source==Q01+K1.B1-X9:18:5 (False), target==Q01+K1.G1-N2:X2.E- (False)

节点缺失: source==Q01+K1.B1-W5(-P2):P2:2 (False), target==Q01+K1.B1-X9:18:2 (False)

节点缺失: source==Q01+K1.B1-X9:19:4 (False), target==Q01+K1.G1-N2:X2.NO (False)

节点缺失: source==Q01+K1.B1-A4:5 (False), target==Q01+K1.B1-X9:19:3 (False)

节点缺失: source==Q01+K1.B1-X9:20:5 (False), target==Q01+K1.G1-N2:X2.COM (False)

节点缺失: source==Q01+K1.B1-W5(-P1):P1:1 (False), target==Q01+K1.B1-X9:20:2 (False)

节点缺失: source==Q01+K1-W324:Schirm (False), target==A02+K1.B1-W9:SE (False)

节点缺失: source==Q01+K1.B1-A13:1 (False), target==Q01+K1.B1-X9:21:4 (False)

节点缺失: source==Q01+K1.G2-X1:2 (False), target==Q01+K1.B1-X9:21:3 (False)

节点缺失: source==Q01+K1.B1-A13:4 (False), target==Q01+K1.B1-X9:22:5 (False)

节点缺失: source==Q01+K1.G2-X1:3 (False), target==Q01+K1.B1-X9:22:2 (False)

节点缺失: source==Q01+K1.B1-A13:5 (False), target==Q01+K1.B1-X9:23:4 (False)

节点缺失: source==Q01+K1.G2-X1:4 (False), target==Q01+K1.B1-X9:23:3 (False)

节点缺失: source==Q01+K1.B1-A13:8 (False), target==Q01+K1.B1-X9:24:5 (False)

节点缺失: source==Q01+K1.G2-X1:5 (False), target==Q01+K1.B1-X9:24:2 (False)

节点缺失: source==Q01+K1.B1-W5(-P1):P1:2 (False), target==Q01+K1.B1-X9:25:4 (False)

节点缺失: source==Q01+K1.G2-X1:6 (False), target==Q01+K1.B1-X9:25:3 (False)

节点缺失: source==Q01+K1.B1-X9:26:5 (False), target==A02+K1.B1-W11:SE (False)

节点缺失: source==Q01+K1.G2-X1:8 (False), target==Q01+K1.B1-X9:26:2 (False)

节点缺失: source==Q01+K1.B1-X9:27:4 (False), target==Q01+K1.B1-X9:30:5 (False)

节点缺失: source==Q01+K1.B1-X9:30:5 (False), target==Q01+K1.B1-G4:5 (False)

节点缺失: source==Q01+K1.G2-X1:9 (False), target==Q01+K1.B1-X9:27:3 (False)

节点缺失: source==Q01+K1.B1-X9:28:5 (False), target==Q01+K1.B1-A12:1 (False)

节点缺失: source==Q01+K1.G2-X1:10 (False), target==Q01+K1.B1-X9:28:2 (False)

节点缺失: source==Q01+K1.B1-X9:29:4 (False), target==Q01+K1.B1-A12:3 (False)

节点缺失: source==Q01+K1.B1-X9:29:4 (False), target==Q01+K1.B1-X9:32:5 (False)

节点缺失: source==Q01+K1.G2-X1:11 (False), target==Q01+K1.B1-X9:29:3 (False)

节点缺失: source==Q01+K1.G2-X1:12 (False), target==Q01+K1.B1-X9:30:2 (False)

节点缺失: source==Q01+K1.B1-X9:31:4 (False), target==Q01+K1.B1-A12:5 (False)

节点缺失: source==Q01+K1.G2-X1:13 (False), target==Q01+K1.B1-X9:31:3 (False)

节点缺失: source==Q01+K1.B1-X9:32:5 (False), target==Q01+K1.B1-G4:6 (False)

节点缺失: source==Q01+K1.B1-X9:32:5 (False), target==Q01+K1.B1-A12:7 (False)

节点缺失: source==Q01+K1.G2-X1:14 (False), target==Q01+K1.B1-X9:32:2 (False)

节点缺失: source==Q01+K1.B1-G4:8 (False), target==Q01+K1.B1-W5(-P2):P2:1 (False)

节点缺失: source==Q01+K1.B1-G4:7 (False), target==Q01+K1.B1-W5(-P1):P1:2 (False)

节点缺失: source==Q01+K1.B1-A6:14 (False), target==Q01+K1.B1-K5:12 (False)

节点缺失: source==A02+K1.B1-X21-X21.2M:1 (True), target==Q01+S1-X3:1 (False)

节点缺失: source==Q01+K1.B1-K5:11 (False), target==A02+K1.B1-X21-X21.2F:1 (False)
类似的target节点: ['=A02+K1.B1-X21-X21.2F:11', '=A02+K1.B1-X21-X21.2F:12', '=A02+K1.B1-X21-X21.2F:13', '=A02+K1.B1-X21-X21.2F:14', '=A02+K1.B1-X21-X21.2F:15']

节点缺失: source==A02+K1.B1-X21-X21.2M:2 (True), target==Q01+S1-X3:2 (False)

节点缺失: source==Q01+K1.B1-W5(-P2):P2:2 (False), target==Q01+K1.B1-K5:A2 (False)

节点缺失: source==Q01+K1.B1-A6:4 (False), target==Q01+K1.B1-K5:A1 (False)

节点缺失: source==Q01+K1.B1-W5(-P2):P2:1 (False), target==Q01+K1.B1-K4:A2 (False)

节点缺失: source==A02+K1.B1-X21-X21.2M:3 (True), target==Q01+S1-X3:6(5) (False)

节点缺失: source==A02+K1.B1-X21-X21.2M:4 (True), target==Q01+S1-X3:A(3) (False)

节点缺失: source==Q01+K1.B1-W5(-P2):P2 (False), target==A02+K1.B1-X21-X21.2F:4 (False)
类似的target节点: ['=A02+K1.B1-X21-X21.2F:11', '=A02+K1.B1-X21-X21.2F:12', '=A02+K1.B1-X21-X21.2F:13', '=A02+K1.B1-X21-X21.2F:14', '=A02+K1.B1-X21-X21.2F:15']

节点缺失: source==A02+K1.B1-X21-X21.2M:5 (True), target==Q01+S1-X3:5(4) (False)

节点缺失: source==Q01+K1.B1-K4:11 (False), target==A02+K1.B1-X21-X21.2F:5 (False)
类似的target节点: ['=A02+K1.B1-X21-X21.2F:11', '=A02+K1.B1-X21-X21.2F:12', '=A02+K1.B1-X21-X21.2F:13', '=A02+K1.B1-X21-X21.2F:14', '=A02+K1.B1-X21-X21.2F:15']

节点缺失: source==Q01+K1.B1-W5(-P1):P1:1 (False), target==A02+K1.B1-K20:23 (False)

节点缺失: source==Q01+I1-W426:Schirm (False), target==A02+K1.B1-W10:SE (False)

节点缺失: source==Q01+K1.B1-W5(-P1):P1:2 (False), target==Q01+K1.B1-X9:34:2 (False)

节点缺失: source==Q01+S1-M1:BN (False), target==Q01+S1-X3:1 (False)

节点缺失: source==Q01+S1-M1:GY (False), target==Q01+S1-X3:2 (False)

节点缺失: source==Q01+S1-X3:2 (False), target==Q01+S1-X3:A(3) (False)

节点缺失: source==Q01+S1-M1:BU (False), target==Q01+S1-X3:A(3) (False)

节点缺失: source==Q01+K1.B1-K5:14 (False), target==A02+K1.B1-X21-X21.2F:2 (False)
类似的target节点: ['=A02+K1.B1-X21-X21.2F:11', '=A02+K1.B1-X21-X21.2F:12', '=A02+K1.B1-X21-X21.2F:13', '=A02+K1.B1-X21-X21.2F:14', '=A02+K1.B1-X21-X21.2F:15']

节点缺失: source==Q01+K1.B1-K5:14 (False), target==Q01+K1.B1-A6:15 (False)

节点缺失: source==Q01+K1.B1-K4:A1 (False), target==Q01+K1.B1-A6:5 (False)

节点缺失: source==Q01+K1.B1-R1:1 (False), target==Q01+K1.B1-K4:A1 (False)

节点缺失: source==Q01+K1.B1-R1:2 (False), target==A02+K1.B1-X21-X21.2F:3 (False)
类似的target节点: ['=A02+K1.B1-X21-X21.2F:11', '=A02+K1.B1-X21-X21.2F:12', '=A02+K1.B1-X21-X21.2F:13', '=A02+K1.B1-X21-X21.2F:14', '=A02+K1.B1-X21-X21.2F:15']

节点缺失: source==Q01+K1.B1-A6:9 (False), target==A02+K1.B1-X21-X21.2F:3 (False)
类似的target节点: ['=A02+K1.B1-X21-X21.2F:11', '=A02+K1.B1-X21-X21.2F:12', '=A02+K1.B1-X21-X21.2F:13', '=A02+K1.B1-X21-X21.2F:14', '=A02+K1.B1-X21-X21.2F:15']

节点缺失: source==Q01+S1-M1:WH (False), target==Q01+S1-X3:6(5) (False)

节点缺失: source==Q01+S1-M1:PK (False), target==Q01+S1-X3:5(4) (False)

节点缺失: source==A02+K1.B1-K20:24 (False), target==Q01+K1.B1-K4:14 (False)

节点缺失: source==Q01+K1.B1-K4:14 (False), target==Q01+K1.B1-X9:33:3 (False)

节点缺失: source==Q01+K1.B1-A6:10 (False), target==Q01+K1.B1-X9:33:3 (False)

节点缺失: source==Q01+S1-B1:1 (False), target==A02+K1.B1-X21-X21.2M:6 (True)

节点缺失: source==A02+K1.B1-X21-X21.2F:6 (False), target==Q01+K1.B1-W5(-P2):P2 (False)
类似的source节点: ['=A02+K1.B1-X21-X21.2F:11', '=A02+K1.B1-X21-X21.2F:12', '=A02+K1.B1-X21-X21.2F:13', '=A02+K1.B1-X21-X21.2F:14', '=A02+K1.B1-X21-X21.2F:15']

节点缺失: source==Q01+S1-B1:2 (False), target==A02+K1.B1-X21-X21.2M:7 (True)

节点缺失: source==A02+K1.B1-X21-X21.2F:7 (False), target==Q01+K1.B1-W5(-P1):P1 (False)
类似的source节点: ['=A02+K1.B1-X21-X21.2F:11', '=A02+K1.B1-X21-X21.2F:12', '=A02+K1.B1-X21-X21.2F:13', '=A02+K1.B1-X21-X21.2F:14', '=A02+K1.B1-X21-X21.2F:15']

节点缺失: source==Q01+S1-B1:3 (False), target==A02+K1.B1-X21-X21.2M:8 (True)

节点缺失: source==Q01+K1.B1-A6:2 (False), target==A02+K1.B1-X21-X21.2F:8 (False)
类似的target节点: ['=A02+K1.B1-X21-X21.2F:11', '=A02+K1.B1-X21-X21.2F:12', '=A02+K1.B1-X21-X21.2F:13', '=A02+K1.B1-X21-X21.2F:14', '=A02+K1.B1-X21-X21.2F:15']

节点缺失: source==Q01+S1-B1:4 (False), target==A02+K1.B1-X21-X21.2M:9 (True)

节点缺失: source==Q01+K1.B1-A6:1 (False), target==A02+K1.B1-X21-X21.2F:9 (False)
类似的target节点: ['=A02+K1.B1-X21-X21.2F:11', '=A02+K1.B1-X21-X21.2F:12', '=A02+K1.B1-X21-X21.2F:13', '=A02+K1.B1-X21-X21.2F:14', '=A02+K1.B1-X21-X21.2F:15']

节点缺失: source==Q01+S1-B1:5 (False), target==A02+K1.B1-X21-X21.2M:10 (True)

节点缺失: source==Q01+K1.B1-A6:3 (False), target==A02+K1.B1-X21-X21.2F:10 (False)
类似的target节点: ['=A02+K1.B1-X21-X21.2F:11', '=A02+K1.B1-X21-X21.2F:12', '=A02+K1.B1-X21-X21.2F:13', '=A02+K1.B1-X21-X21.2F:14', '=A02+K1.B1-X21-X21.2F:15']

节点缺失: source==Q01+K1-W329:Schirm (False), target==A02+K1.B1-W11:SE (False)

节点缺失: source==A02+K1.B1-W10:SE (False), target==Q01+S1-B1:CASE (False)

节点缺失: source==A02+S1-A21-X1:1 (False), target==A02+K1.B1-X20-X20.1M:1 (True)

节点缺失: source==A02+K1.B1-X20-X20.1F:1 (False), target==Q01+K1.B1-A4:13 (False)

节点缺失: source==A02+S1-A21-X1:2 (False), target==A02+K1.B1-X20-X20.1M:2 (True)

节点缺失: source==A02+K1.B1-X20-X20.1F:2 (False), target==Q01+K1.B1-A4:14 (False)

节点缺失: source==A02+K1.B1-X21-X21.1F:22 (False), target==Q01+K1.B1-W5(-P1):X3:3 (False)

节点缺失: source==Q01+S1-B10:X1.1 (False), target==A02+K1.B1-X21-X21.1M:22 (True)

节点缺失: source==Q01+S1-B10:X1.4 (False), target==A02+K1.B1-X21-X21.1M:23 (True)

节点缺失: source==A02+K1.B1-X21-X21.1F:24 (False), target==Q01+K1.B1-W5(-P2):X3:1 (False)

节点缺失: source==Q01+S1-B10:X1.3 (False), target==A02+K1.B1-X21-X21.1M:24 (True)

节点缺失: source==Q01+K1.D2-X2:1 (False), target==Q01+K1.D2-X2:1 (False)

节点缺失: source==Q01+K1.D2-X2:1 (False), target==Q01+S1-N4:X0.1 (False)

节点缺失: source==Q01+K1.D2-X2:2 (False), target==Q01+K1.D2-X2:2 (False)

节点缺失: source==Q01+K1.D2-X2:2 (False), target==Q01+S1-N4:X0.2 (False)

节点缺失: source==Q01+K1.D2-X2:3 (False), target==Q01+K1.D2-X2:3 (False)

节点缺失: source==Q01+K1.D2-X2:PE (False), target==Q01+S1-N4:X0.PE (False)

节点缺失: source==Q01+K1.D2-X2:PE (False), target==Q01+K1.D2-X2:PE (False)

节点缺失: source==A02+K1.H2-X6:PE:2 (False), target==Q01+K1.D2-X2:PE (False)

节点缺失: source==Q01+S1-N4:X5.1 (False), target==Q01+S1-E2:1 (False)

节点缺失: source==Q01+S1-N4:X5.S (False), target==Q01+S1-E2:S (False)

节点缺失: source==Q01+S1-N4:X6.1 (False), target==Q01+S1-E2:1 (False)

节点缺失: source==Q01+S1-N4:X6.S (False), target==Q01+S1-E2:S (False)

节点缺失: source==Q01+S1-N4:X1.CASE (False), target==Q01+I1-W353 (False)

节点缺失: source==A02+K1.B1-X21-X21.3M:1 (True), target==Q01+S1-N4:X1.1 (False)

节点缺失: source==Q01+K1.B1-A7:9 (False), target==A02+K1.B1-X21-X21.3F:1 (False)

节点缺失: source==A02+K1.B1-X21-X21.3M:2 (True), target==Q01+S1-N4:X1.2 (False)

节点缺失: source==A02+K1.B1-X21-X21.3F:2 (False), target==Q01+K1.B1-W5(-P2):P2:2 (False)

节点缺失: source==A02+K1.B1-X21-X21.3M:3 (True), target==Q01+S1-N4:X1.3 (False)

节点缺失: source==Q01+K1.B1-A7:10 (False), target==A02+K1.B1-X21-X21.3F:3 (False)

节点缺失: source==A02+K1.B1-X21-X21.3M:4 (True), target==Q01+S1-N4:X1.4 (False)

节点缺失: source==A02+K1.B1-X21-X21.3F:4 (False), target==Q01+K1.B1-W5(-P2):P2:2 (False)

节点缺失: source==A02+K1.B1-X21-X21.3M:5 (True), target==Q01+S1-N4:X1.5 (False)

节点缺失: source==Q01+K1.B1-A7:11 (False), target==A02+K1.B1-X21-X21.3F:5 (False)

节点缺失: source==A02+K1.B1-X21-X21.3M:6 (True), target==Q01+S1-N4:X1.6 (False)

节点缺失: source==A02+K1.B1-X21-X21.3F:6 (False), target==Q01+K1.B1-W5(-P2):P2:2 (False)

节点缺失: source==A02+K1.B1-X21-X21.3M:7 (True), target==Q01+S1-N4:X1.7 (False)

节点缺失: source==Q01+K1.B1-A7:2 (False), target==A02+K1.B1-X21-X21.3F:7 (False)

节点缺失: source==A02+K1.B1-X21-X21.3M:8 (True), target==Q01+S1-N4:X1.9 (False)

节点缺失: source==Q01+K1.B1-A7:3 (False), target==A02+K1.B1-X21-X21.3F:8 (False)

节点缺失: source==A02+K1.B1-X21-X21.3M:9 (True), target==Q01+S1-N4:X1.8 (False)

节点缺失: source==Q01+K1.B1-W5(-P1):P1:1 (False), target==A02+K1.B1-X21-X21.3F:9 (False)

节点缺失: source==Q01+I1-W353 (False), target==A02+K1.B1-W10:SE (False)

节点缺失: source==A02+K1.B1-X21-X21.3M:10 (True), target==Q01+S1-N4-X2:3 (False)

节点缺失: source==Q01+K1.B1-A3:3 (False), target==A02+K1.B1-X21-X21.3F:10 (False)

节点缺失: source==A02+K1.B1-X21-X21.3M:11 (True), target==Q01+S1-N4-X2:4 (False)

节点缺失: source==Q01+K1.B1-A3:4 (False), target==A02+K1.B1-X21-X21.3F:11 (False)

节点缺失: source==A02+K1.B1-X21-X21.3M:12 (True), target==Q01+S1-N4-X2:7 (False)

节点缺失: source==Q01+K1.B1-A3:7 (False), target==A02+K1.B1-X21-X21.3F:12 (False)

节点缺失: source==A02+K1.B1-X21-X21.3M:13 (True), target==Q01+S1-N4-X2:8 (False)

节点缺失: source==Q01+K1.B1-A3:8 (False), target==A02+K1.B1-X21-X21.3F:13 (False)

节点缺失: source==A02+K1.B1-X21-X21.3M:14 (True), target==Q01+S1-N4-X2:1 (False)

节点缺失: source==Q01+K1.B1-A2:3 (False), target==A02+K1.B1-X21-X21.3F:14 (False)

节点缺失: source==A02+K1.B1-X21-X21.3M:15 (True), target==Q01+S1-N4-X2:2 (False)

节点缺失: source==Q01+K1.B1-A2:4 (False), target==A02+K1.B1-X21-X21.3F:15 (False)

节点缺失: source==A02+K1.B1-X21-X21.3M:16 (True), target==Q01+S1-N4-X2:5 (False)

节点缺失: source==Q01+K1.B1-A2:7 (False), target==A02+K1.B1-X21-X21.3F:16 (False)

节点缺失: source==A02+K1.B1-X21-X21.3M:17 (True), target==Q01+S1-N4-X2:6 (False)

节点缺失: source==Q01+K1.B1-A2:8 (False), target==A02+K1.B1-X21-X21.3F:17 (False)

节点缺失: source==Q01+I1-W454:Schirm (False), target==Q01+S1-N4:X2.CASE (False)

节点缺失: source==Q01+K1-W454:Schirm (False), target==A02+K1.B1-W11:SE (False)

节点缺失: source==Q01+S1-E2:X1.CASE (False), target==Q01+I1-W159 (False)

节点缺失: source==A02+K1.B1-X21-X21.3M:18 (True), target==Q01+S1-E2:X1.1 (False)

节点缺失: source==A02+K1.B1-X21-X21.3M:19 (True), target==Q01+S1-E2:X1.2 (False)

节点缺失: source==A02+K1.B1-X21-X21.3M:20 (True), target==Q01+S1-E2:X1.3 (False)

节点缺失: source==A02+K1.B1-X21-X21.3M:21 (True), target==Q01+S1-E2:X1.4 (False)

节点缺失: source==Q01+K1.G1-N5:X3A.1 (False), target==A02+K1.B1-X21-X21.3F:18 (False)
类似的source节点: ['=Q01+K1.G1-N5:X1.CASE']

节点缺失: source==Q01+K1.B1-X9:35:4 (False), target==Q01+K1.G1-N5:X0.+24V (False)
类似的target节点: ['=Q01+K1.G1-N5:X1.CASE']

节点缺失: source==Q01+K1.G1-N5:X3A.2 (False), target==A02+K1.B1-X21-X21.3F:19 (False)
类似的source节点: ['=Q01+K1.G1-N5:X1.CASE']

节点缺失: source==Q01+K1.B1-X9:36:5 (False), target==Q01+K1.G1-N5:X0.GND (False)
类似的target节点: ['=Q01+K1.G1-N5:X1.CASE']

节点缺失: source==Q01+K1.G1-N5:X3B.2 (False), target==A02+K1.B1-X21-X21.3F:20 (False)
类似的source节点: ['=Q01+K1.G1-N5:X1.CASE']

节点缺失: source==Q01+K1.B1-X9:PE:1 (False), target==Q01+K1.G1-N5:X0.PE (False)
类似的target节点: ['=Q01+K1.G1-N5:X1.CASE']

节点缺失: source==Q01+K1.G1-N5:X3B.1 (False), target==A02+K1.B1-X21-X21.3F:21 (False)
类似的source节点: ['=Q01+K1.G1-N5:X1.CASE']

节点缺失: source==Q01+K1.B1-A8:1 (False), target==Q01+K1.G1-N5:X1.9 (False)
类似的target节点: ['=Q01+K1.G1-N5:X1.CASE']

节点缺失: source==Q01+K1-W461 (False), target==Q01+K1.G1-N5:X1.CASE (True)

节点缺失: source==Q01+K1.B1-X9:37:4 (False), target==Q01+K1.G1-N5:X2.E+ (False)
类似的target节点: ['=Q01+K1.G1-N5:X1.CASE']

节点缺失: source==Q01+K1.B1-A7:12 (False), target==Q01+K1.B1-X9:37:3 (False)

节点缺失: source==Q01+K1.B1-W5(-P2):P2:2 (False), target==Q01+K1.B1-X9:38:2 (False)

节点缺失: source==Q01+K1.B1-A7:5 (False), target==Q01+K1.B1-X9:39:3 (False)

节点缺失: source==Q01+K1.B1-W5(-P1):P1:1 (False), target==Q01+K1.B1-X9:40:2 (False)

节点缺失: source==Q01+K1-W362 (False), target==A02+K1.B1-W9:SE (False)

节点缺失: source==Q01+K1.B1-A8:3 (False), target==Q01+K1.G1-N5:X1.10 (False)
类似的target节点: ['=Q01+K1.G1-N5:X1.CASE']

节点缺失: source==Q01+K1.B1-A8:5 (False), target==Q01+K1.G1-N5:X1.11 (False)
类似的target节点: ['=Q01+K1.G1-N5:X1.CASE']

节点缺失: source==Q01+K1.B1-A8:7 (False), target==Q01+K1.G1-N5:X1.12 (False)
类似的target节点: ['=Q01+K1.G1-N5:X1.CASE']

节点缺失: source==Q01+K1-W461 (False), target==A02+K1.B1-W11:SE (False)

节点缺失: source==Q01+K1.B1-X9:38:5 (False), target==Q01+K1.G1-N5:X2.E- (False)
类似的target节点: ['=Q01+K1.G1-N5:X1.CASE']

节点缺失: source==Q01+K1.B1-X9:39:4 (False), target==Q01+K1.G1-N5:X2.NO (False)
类似的target节点: ['=Q01+K1.G1-N5:X1.CASE']

节点缺失: source==Q01+K1.B1-X9:40:5 (False), target==Q01+K1.G1-N5:X2.COM (False)
类似的target节点: ['=Q01+K1.G1-N5:X1.CASE']

节点缺失: source==Q01+K1.B1-A9:14 (False), target==Q01+K1.B1-K7:12 (False)

节点缺失: source==A02+K1.B1-X21-X21.4M:1 (True), target==Q01+S1-X3:1 (False)

节点缺失: source==Q01+K1.B1-K7:11 (False), target==A02+K1.B1-X21-X21.4F:1 (False)

节点缺失: source==A02+K1.B1-X21-X21.4M:2 (True), target==Q01+S1-X3:2 (False)

节点缺失: source==Q01+K1.B1-K7:A2 (False), target==Q01+K1.B1-W5(-P2):P2:1 (False)

节点缺失: source==Q01+K1.B1-A9:4 (False), target==Q01+K1.B1-K7:A1 (False)

节点缺失: source==Q01+K1.B1-K6:A2 (False), target==Q01+K1.B1-W5(-P2):P2:1 (False)

节点缺失: source==A02+K1.B1-X21-X21.4M:3 (True), target==Q01+S1-X3:6(5) (False)

节点缺失: source==A02+K1.B1-X21-X21.4M:4 (True), target==Q01+S1-X3:A(3) (False)

节点缺失: source==Q01+K1.B1-W5(-P2):P2 (False), target==A02+K1.B1-X21-X21.4F:4 (False)

节点缺失: source==A02+K1.B1-X21-X21.4M:5 (True), target==Q01+S1-X3:5(4) (False)

节点缺失: source==Q01+K1.B1-K6:11 (False), target==A02+K1.B1-X21-X21.4F:5 (False)

节点缺失: source==Q01+K1.B1-W5(-P1):P1 (False), target==A02+K1.B1-K20:63 (False)

节点缺失: source==Q01+I1-W426 (False), target==A02+K1.B1-W10:SE (False)

节点缺失: source==Q01+K1.B1-W5(-P1):P1:1 (False), target==Q01+K1.B1-X9:42:2 (False)

节点缺失: source==Q01+S1-M2:BN (False), target==Q01+S1-X3:1 (False)

节点缺失: source==Q01+S1-M2:GY (False), target==Q01+S1-X3:2 (False)

节点缺失: source==Q01+S1-M2:BU (False), target==Q01+S1-X3:A(3) (False)

节点缺失: source==Q01+K1.B1-K7:14 (False), target==A02+K1.B1-X21-X21.4F:2 (False)

节点缺失: source==Q01+K1.B1-K7:14 (False), target==Q01+K1.B1-A9:15 (False)

节点缺失: source==Q01+K1.B1-A9:5 (False), target==Q01+K1.B1-K6:A1 (False)

节点缺失: source==Q01+K1.B1-K6:A1 (False), target==Q01+K1.B1-R11:2 (False)

节点缺失: source==Q01+K1.B1-R11:1 (False), target==A02+K1.B1-X21-X21.4F:3 (False)

节点缺失: source==Q01+K1.B1-A9:9 (False), target==A02+K1.B1-X21-X21.4F:3 (False)

节点缺失: source==Q01+S1-M2:WH (False), target==Q01+S1-X3:6(5) (False)

节点缺失: source==Q01+S1-M2:PK (False), target==Q01+S1-X3:5(4) (False)

节点缺失: source==A02+K1.B1-K20:64 (False), target==Q01+K1.B1-K6:14 (False)

节点缺失: source==Q01+K1.B1-K6:14 (False), target==Q01+K1.B1-X9:41:3 (False)

节点缺失: source==Q01+K1.B1-A9:10 (False), target==Q01+K1.B1-X9:41:3 (False)

节点缺失: source==A02+K1.B1-X21-X21.4M:6 (True), target==Q01+S1-B2:1 (False)

节点缺失: source==Q01+K1.B1-W5(-P2):P2 (False), target==A02+K1.B1-X21-X21.4F:6 (False)

节点缺失: source==A02+K1.B1-X21-X21.4M:7 (True), target==Q01+S1-B2:2 (False)

节点缺失: source==Q01+K1.B1-W5(-P1):P1 (False), target==A02+K1.B1-X21-X21.4F:7 (False)

节点缺失: source==A02+K1.B1-X21-X21.4M:8 (True), target==Q01+S1-B2:3 (False)

节点缺失: source==Q01+K1.B1-A9:2 (False), target==A02+K1.B1-X21-X21.4F:8 (False)

节点缺失: source==A02+K1.B1-X21-X21.4M:9 (True), target==Q01+S1-B2:4 (False)

节点缺失: source==Q01+K1.B1-A9:1 (False), target==A02+K1.B1-X21-X21.4F:9 (False)

节点缺失: source==A02+K1.B1-X21-X21.4M:10 (True), target==Q01+S1-B2:5 (False)

节点缺失: source==Q01+K1.B1-A9:3 (False), target==A02+K1.B1-X21-X21.4F:10 (False)

节点缺失: source==Q01+I1-W368 (False), target==Q01+S1-B2:CASE (False)

节点缺失: source==Q01+I1-W330 (False), target==A02+K1.B1-W10:SE (False)

节点缺失: source==Q01+K1-W367 (False), target==A02+K1.B1-W11:SE (False)

节点缺失: source==A02+K1.B1-X20-X20.1M:3 (True), target==A02+S1-A21-X1:3 (False)

节点缺失: source==Q01+K1.B1-A7:13 (False), target==A02+K1.B1-X20-X20.1F:3 (False)

节点缺失: source==A02+K1.B1-X20-X20.1M:4 (True), target==A02+S1-A21-X1:4 (False)

节点缺失: source==Q01+K1.B1-A7:14 (False), target==A02+K1.B1-X20-X20.1F:4 (False)

节点缺失: source==A02+K1.B1-X21-X21.3F:22 (False), target==Q01+K1.B1-W5(-P1):X3:3 (False)

节点缺失: source==Q01+S1-B11:X1.1 (False), target==A02+K1.B1-X21-X21.3M:22 (True)

节点缺失: source==A02+K1.B1-X21-X21.3F:23 (False), target==Q01+K1.B1-A7:6 (False)

节点缺失: source==Q01+S1-B11:X1.4 (False), target==A02+K1.B1-X21-X21.3M:23 (True)

节点缺失: source==A02+K1.B1-X21-X21.3F:24 (False), target==Q01+K1.B1-W5(-P2):X3:1 (False)

节点缺失: source==Q01+S1-B11:X1.3 (False), target==A02+K1.B1-X21-X21.3M:24 (True)

节点缺失: source==A01+K1.H2-Q1:D2 (False), target==A01+K1.B1-K3:14 (False)

节点缺失: source==A01+K1.H2-W0:L1 (False), target==A01+K1.H2-Q1:T1 (False)

节点缺失: source==A01+K1.H2-F0:2 (False), target==A01+K1.H2-Q1:L1 (False)

节点缺失: source==A01+K1.H2-Q1:L1 (False), target==A01+K1.H2-Q2:L1 (False)

节点缺失: source==A01+K1.H2-W0:L2 (False), target==A01+K1.H2-Q1:T2 (False)

节点缺失: source==A01+K1.H2-F0:4 (False), target==A01+K1.H2-Q1:L2 (False)

节点缺失: source==A01+K1.H2-Q1:L2 (False), target==A01+K1.H2-Q2:L2 (False)

节点缺失: source==A01+K1.H2-W0:L3 (False), target==A01+K1.H2-Q1:T3 (False)

节点缺失: source==A01+K1.H2-Q1:L3 (False), target==A01+K1.H2-F0:6 (False)

节点缺失: source==A01+K1.H2-Q1:L3 (False), target==A01+K1.H2-Q2:L3 (False)

节点缺失: source==A01+K1.H2-X1:N:2 (False), target==A01+K1.H2-X1:N:1 (False)
类似的source节点: ['=A01+K1.H2-X1:PE:3']
类似的target节点: ['=A01+K1.H2-X1:PE:3']

节点缺失: source==A01+K1.H2-X1:N:2 (False), target==A02+K1.H2-X5:N:1 (False)
类似的source节点: ['=A01+K1.H2-X1:PE:3']

节点缺失: source==A01+K1.H2-X1:PE:2 (False), target==A01+S1-W0:PE (False)
类似的source节点: ['=A01+K1.H2-X1:PE:3']

节点缺失: source==A01+K1.H2-X1:PE:4 (False), target==A02+K1.H2-W20:SE (False)
类似的source节点: ['=A01+K1.H2-X1:PE:3']

节点缺失: source==A01+K1.H2-X1:PE:2 (False), target==A02+K1.H2-X6:PE:1 (False)
类似的source节点: ['=A01+K1.H2-X1:PE:3']

节点缺失: source==A01+K1.H2-Q1:3.14 (False), target==A01+K1.H2-G1:SEC:31 (False)

节点缺失: source==A01+K1.H2-Q1:3.13 (False), target==A01+K1.H2-Q1:D1 (False)

节点缺失: source==A01+K1.H2-G1:SEC:31 (False), target==A01+K1.H2-X1:PE:1 (False)
类似的target节点: ['=A01+K1.H2-X1:PE:3']

节点缺失: source==A01+K1.H2-X1:PE:1 (False), target==A01+K1.H2-G1:PRI:PE (False)
类似的source节点: ['=A01+K1.H2-X1:PE:3']

节点缺失: source==A01+K1.H2-Q2:T1 (False), target==A01+K1.H2-G1:PRI:1 (False)

节点缺失: source==A01+K1.H2-G1:SEC:32 (False), target==A02+K1.B1-X20-X20.5F:20 (False)
类似的target节点: ['=A02+K1.B1-X20-X20.5F:17']

节点缺失: source==A01+K1.H2-Q2:T2 (False), target==A01+K1.H2-G1:PRI:2 (False)

节点缺失: source==A01+K1.H2-Q2:T3 (False), target==A01+K1.H2-X1:5:3 (False)
类似的target节点: ['=A01+K1.H2-X1:PE:3']

节点缺失: source==A01+K1.H2-X1:5:3 (False), target==A01+K1.H2-X1:7:3 (False)
类似的source节点: ['=A01+K1.H2-X1:PE:3']
类似的target节点: ['=A01+K1.H2-X1:PE:3']

节点缺失: source==A01+K1.B1-K3:11 (False), target==A01+K1.H2-X1:3:4 (False)
类似的target节点: ['=A01+K1.H2-X1:PE:3']

节点缺失: source==A01+K1.H2-X1:2:5 (False), target==A02+K1.B1-A3:13 (False)
类似的source节点: ['=A01+K1.H2-X1:PE:3']

节点缺失: source==A01+K1.G2-S1:4 (False), target==A01+K1.H2-X1:2:2 (False)
类似的target节点: ['=A01+K1.H2-X1:PE:3']

节点缺失: source==A01+K1.H2-X1:1:4 (False), target==A01+K1.G2-S1:3 (False)
类似的source节点: ['=A01+K1.H2-X1:PE:3']

节点缺失: source==A01+K1.B1-W7(-P1):P1:1 (False), target==A01+K1.H2-X1:1:3 (False)
类似的target节点: ['=A01+K1.H2-X1:PE:3']

节点缺失: source==A01+K1.G2-S1:2 (False), target==A01+K1.H2-X1:3:3 (False)
类似的target节点: ['=A01+K1.H2-X1:PE:3']

节点缺失: source==A01+K1.G2-S1:1 (False), target==A01+K1.H2-X1:4:2 (False)
类似的target节点: ['=A01+K1.H2-X1:PE:3']

节点缺失: source==A01+K1.H2-X1:4:5 (False), target==A02+K1.B1-X20-X20.5F:19 (False)
类似的source节点: ['=A01+K1.H2-X1:PE:3']
类似的target节点: ['=A02+K1.B1-X20-X20.5F:17']

节点缺失: source==A02+K1.B1-X20-X20.5F:18 (False), target==A02+K1.B1-A3:14 (False)
类似的source节点: ['=A02+K1.B1-X20-X20.5F:17']

节点缺失: source==A01+S1-S3:4 (False), target==A02+K1.B1-X20-X20.5M:18 (True)

节点缺失: source==A02+K1.B1-X20-X20.5F:17 (True), target==A01+S1-S3:1 (False)

节点缺失: source==A01+K1.B1-W7(-P1):P1:1 (False), target==A02+K1.B1-X20-X20.5M:17 (False)
类似的target节点: ['=A02+K1.B1-X20-X20.5M:18', '=A02+K1.B1-X20-X20.5M:19', '=A02+K1.B1-X20-X20.5M:20', '=A02+K1.B1-X20-X20.5M:1', '=A02+K1.B1-X20-X20.5M:2']

节点缺失: source==A01+S1-S3:.2 (False), target==A02+K1.B1-X20-X20.5M:19 (True)

节点缺失: source==A01+S1-S3:.1 (False), target==A02+K1.B1-X20-X20.5M:20 (True)

节点缺失: source==A01+K1.H2-X1:5:4 (False), target==A01+K1.B1-X20:L (False)
类似的source节点: ['=A01+K1.H2-X1:PE:3']

节点缺失: source==A01+K1.H2-X1:6:5 (False), target==A01+K1.B1-X20:N (False)
类似的source节点: ['=A01+K1.H2-X1:PE:3']

节点缺失: source==A02+K1.H2-X5:N:5 (False), target==A01+K1.H2-X1:6:2 (False)
类似的target节点: ['=A01+K1.H2-X1:PE:3']

节点缺失: source==A01+K1.H2-X1:PE:1 (False), target==A01+K1.B1-X20:PE (False)
类似的source节点: ['=A01+K1.H2-X1:PE:3']

节点缺失: source==A01+K1.H2-X1:7:4 (False), target==A01+K1.E1-E1:L (False)
类似的source节点: ['=A01+K1.H2-X1:PE:3']

节点缺失: source==A01+K1.H2-X1:PE:1 (False), target==A01+K1.E1-E1:PE (False)
类似的source节点: ['=A01+K1.H2-X1:PE:3']

节点缺失: source==A01+K1.H2-X1:8:5 (False), target==A01+K1.E1-E1:N (False)
类似的source节点: ['=A01+K1.H2-X1:PE:3']

节点缺失: source==A02+K1.H2-X5:N:5 (False), target==A01+K1.H2-X1:8:2 (False)
类似的target节点: ['=A01+K1.H2-X1:PE:3']

节点缺失: source==A01+K1.B1-W7(-P1):P1:1 (False), target==A01+K1.H1-G2-L+ (False)

节点缺失: source==A01+K1.H2-F1:2 (False), target==A01+K1.H1-G2-L (False)

节点缺失: source==A01+K1.H2-X1:9:4 (False), target==A01+K1.H2-F1:1 (False)
类似的source节点: ['=A01+K1.H2-X1:PE:3']

节点缺失: source==P01+K1.G1-E1:X4:L (False), target==A01+K1.H2-X1:9:3 (False)
类似的target节点: ['=A01+K1.H2-X1:PE:3']

节点缺失: source==A01+K1.H2-X1:10:5 (False), target==A01+K1.H1-G2-N (False)
类似的source节点: ['=A01+K1.H2-X1:PE:3']

节点缺失: source==P01+K1.G1-E1:X4:N (False), target==A01+K1.H2-X1:10:2 (False)
类似的target节点: ['=A01+K1.H2-X1:PE:3']

节点缺失: source==A01+K1.H1-G2-L- (False), target==A01+K1.B1-W7(-P2):P2:1 (False)

节点缺失: source==A01+K1.H2-X1:PE:1 (False), target==A01+K1.H1-G2-PE (False)
类似的source节点: ['=A01+K1.H2-X1:PE:3']

节点缺失: source==A02+K1.H2-X6:2:2 (False), target==A01+K1.H1-G2-PE:PE (False)

节点缺失: source==A01+K1.H1-G2-L- (False), target==A02+K1.H2-X6:3:1 (False)

节点缺失: source==A01+K1.H2-X1:11:4 (False), target==A02+K1.B1-A5:1 (False)
类似的source节点: ['=A01+K1.H2-X1:PE:3']

节点缺失: source==A01+K1.H2-X1:11:3 (False), target==A02+K1.H2-Q1:T1 (False)
类似的source节点: ['=A01+K1.H2-X1:PE:3']

节点缺失: source==A02+K1.H2-Q1:T1 (False), target==A02+K1.H1-G2:L1 (False)

节点缺失: source==A01+K1.H2-X1:12:5 (False), target==A02+K1.B1-A5:2 (False)
类似的source节点: ['=A01+K1.H2-X1:PE:3']

节点缺失: source==A01+K1.H2-X1:12:2 (False), target==A02+K1.H2-Q1:T2 (False)
类似的source节点: ['=A01+K1.H2-X1:PE:3']

节点缺失: source==A02+K1.H2-Q1:T2 (False), target==A02+K1.H1-G2:L2 (False)

节点缺失: source==A01+K1.H2-X1:13:4 (False), target==A02+K1.B1-A5:3 (False)
类似的source节点: ['=A01+K1.H2-X1:PE:3']

节点缺失: source==A01+K1.H2-X1:13:3 (False), target==A02+K1.H2-Q1:T3 (False)
类似的source节点: ['=A01+K1.H2-X1:PE:3']

节点缺失: source==A02+K1.H2-Q1:T3 (False), target==A02+K1.H1-G2:L3 (False)

节点缺失: source==A01+K1.H2-X1:15:4 (False), target==A02+K1.B1-A5:4 (False)
类似的source节点: ['=A01+K1.H2-X1:PE:3']

节点缺失: source==A01+K1.H2-X1:14:5 (False), target==A01+K1.H2-X1:15:3 (False)
类似的source节点: ['=A01+K1.H2-X1:PE:3']
类似的target节点: ['=A01+K1.H2-X1:PE:3']

节点缺失: source==A01+K1.H2-X1:16:5 (False), target==A02+K1.B1-A5:5 (False)
类似的source节点: ['=A01+K1.H2-X1:PE:3']

节点缺失: source==A01+K1.H2-T1:-L1i (False), target==A01+K1.H2-X1:16:2 (False)
类似的target节点: ['=A01+K1.H2-X1:PE:3']

节点缺失: source==A01+K1.H2-T1:-L1k (False), target==A01+K1.H2-T1:-L2k (False)

节点缺失: source==A01+K1.H2-T1:-L2k (False), target==A01+K1.H2-T1:-L3k (False)

节点缺失: source==A01+K1.H2-T1:-L3k (False), target==A01+K1.H2-X1:19:3 (False)
类似的target节点: ['=A01+K1.H2-X1:PE:3']

节点缺失: source==A01+K1.H2-X1:17:4 (False), target==A02+K1.B1-A5:6 (False)
类似的source节点: ['=A01+K1.H2-X1:PE:3']

节点缺失: source==A01+K1.H2-T1:-L2i (False), target==A01+K1.H2-X1:17:3 (False)
类似的target节点: ['=A01+K1.H2-X1:PE:3']

节点缺失: source==A01+K1.H2-X1:18:5 (False), target==A02+K1.B1-A5:7 (False)
类似的source节点: ['=A01+K1.H2-X1:PE:3']

节点缺失: source==A01+K1.H2-T1:-L3i (False), target==A01+K1.H2-X1:18:2 (False)
类似的target节点: ['=A01+K1.H2-X1:PE:3']

节点缺失: source==A01+K1.H2-X1:19:4 (False), target==A02+K1.B1-A5:8 (False)
类似的source节点: ['=A01+K1.H2-X1:PE:3']

节点缺失: source==A01+K1.H2-K1:A2 (False), target==A02+K1.B1-W5(-P2):P2:1 (False)

节点缺失: source==A02+K1.B1-K20:34 (False), target==A01+K1.H2-K1:A1 (False)

节点缺失: source==A01+K1.H2-K1:A1 (False), target==A01+K1.H2-K1:13 (False)

节点缺失: source==F01+K1.B1-K1:64 (False), target==A02+K1.B1-K20:33 (False)

节点缺失: source==A02+K1.B1-W5(-P1):P1 (False), target==F01+K1.B1-K1:63 (False)

节点缺失: source==A01+K1.H2-K2:A2 (False), target==A02+K1.B1-W5(-P2):P2:1 (False)

节点缺失: source==A01+K1.H2-K1:14 (False), target==A01+K1.H2-K2:A1 (False)

节点缺失: source==A01+K1.H2-K2:44 (False), target==Q15+K1.H2-F11:14 (False)

节点缺失: source==A01+K1.H2-K2:44 (False), target==Q15+K1.H2-F12:13 (False)

节点缺失: source==A01+K1.H2-K2:44 (False), target==Q15+K1.H2-F13:13 (False)

节点缺失: source==A01+K1.H2-K2:44 (False), target==Q15+K1.H2-F14:14 (False)

节点缺失: source==A01+K1.H2-K2:44 (False), target==Q01+K1.H2-Q1:13 (False)

节点缺失: source==A01+K1.H2-K1:44 (False), target==A01+K1.H2-K2:43 (False)

节点缺失: source==A02+K1.B1-W5(-P1):P1:1 (False), target==A01+K1.H2-K1:43 (False)

节点缺失: source==A01+K1.B1-K3:A2 (False), target==A02+K1.B1-W5(-P2):P2:2 (False)

节点缺失: source==A02+K1.B1-A1:1 (False), target==A01+K1.B1-K3:A1 (False)

节点缺失: source==A01+K1.B1-K3:21 (False), target==A02+K1.B1-A3:15 (False)

节点缺失: source==A01+K1.B1-W7(-P1):P1:2 (False), target==A01+K1.B1-K3:22 (False)

节点缺失: source==A01+K1.H2-W0:L1 (False), target==A02+K1.H2-W1:1L1 (False)

节点缺失: source==A01+K1.H2-W0:L2 (False), target==A02+K1.H2-W1:1L2 (False)

节点缺失: source==A01+K1.H2-W0:L3 (False), target==A02+K1.H2-W1:1L3 (False)

节点缺失: source==A01+K1.H2-K1:2 (False), target==A02+K1.H2-W2:2L1 (False)

节点缺失: source==A01+K1.H2-W0:L1 (False), target==A01+K1.H2-K1:1 (False)

节点缺失: source==A01+K1.H2-K1:4 (False), target==A02+K1.H2-W2:2L2 (False)

节点缺失: source==A01+K1.H2-W0:L2 (False), target==A01+K1.H2-K1:3 (False)

节点缺失: source==A01+K1.H2-K1:6 (False), target==A02+K1.H2-W2:2L3 (False)

节点缺失: source==A01+K1.H2-W0:L3 (False), target==A01+K1.H2-K1:5 (False)

节点缺失: source==A01+K1.H2-W0:L1 (False), target==A02+K1.H2-W3:3L1 (False)

节点缺失: source==A01+K1.H2-W0:L2 (False), target==A02+K1.H2-W3:3L2 (False)

节点缺失: source==A01+K1.H2-W0:L3 (False), target==A02+K1.H2-W3:3L3 (False)

节点缺失: source==A01+K1.H2-K2:2 (False), target==A02+K1.H2-W4:1L1 (False)

节点缺失: source==A01+K1.H2-W0:L1 (False), target==A01+K1.H2-K2:1 (False)

节点缺失: source==A01+K1.H2-K2:4 (False), target==A02+K1.H2-W4:1L2 (False)

节点缺失: source==A01+K1.H2-W0:L2 (False), target==A01+K1.H2-K2:3 (False)

节点缺失: source==A01+K1.H2-K2:6 (False), target==A02+K1.H2-W4:1L3 (False)

节点缺失: source==A01+K1.H2-W0:L3 (False), target==A01+K1.H2-K2:5 (False)

节点缺失: source==A02+K1.H2-W2:2L3 (False), target==A02+K1.H2-W2.1:2L3 (False)

节点缺失: source==A02+K1.H2-W2:2L2 (False), target==A02+K1.H2-W2.1:2L2 (False)

节点缺失: source==A02+K1.H2-W2:2L1 (False), target==A02+K1.H2-W2.1:2L1 (False)

节点缺失: source==A02+K1.H1-G2:+V (False), target==A02+K1.B1-V1(0):1 (False)

节点缺失: source==A02+K1.H2-Q1:L1 (False), target==A02+K1.H2-W1:1L1 (False)

节点缺失: source==A02+K1.H2-W1:1L2 (False), target==A02+K1.H2-Q1:L2 (False)

节点缺失: source==A02+K1.H2-W1:1L3 (False), target==A02+K1.H2-Q1:L3 (False)

节点缺失: source==A02+K1.H1-G2:-V (False), target==A02+K1.B1-W6(-P2):P2:1 (False)

节点缺失: source==A02+K1.H2-X6:PE:2 (False), target==A02+K1.H1-G2:PE (False)

节点缺失: source==A02+K1.H1-G2:-V' (False), target==A02+K1.H2-X6:PE:1 (False)

节点缺失: source==A02+K1.H2-F2:2 (False), target==A02+K1.B1-X200:L (False)

节点缺失: source==A01+K1.H2-W0:L1 (False), target==A02+K1.H2-F2:1 (False)

节点缺失: source==A02+K1.H2-X5:2:1 (False), target==A02+K1.B1-X200:N (False)

节点缺失: source==A02+K1.H2-X6:4:1 (False), target==A02+K1.B1-X200:PE (False)

节点缺失: source==A02+K1.H1-K1:2 (False), target==A02+K1.A1-X21:L (False)

节点缺失: source==A02+K1.H1-K1:2 (False), target==A02+K1.H1-K1:4 (False)

节点缺失: source==A02+K1.H1-K1:4 (False), target==A02+K1.H1-K1:6 (False)

节点缺失: source==A02+K1.A1-X21:N (False), target==A02+K1.H2-X22:N (False)

节点缺失: source==A02+K1.H2-X22:N (False), target==A02+K1.H2-F3.1:4/3 (False)

节点缺失: source==A02+K1.H2-X6:PE:2 (False), target==A02+K1.A1-X21:PE (False)

节点缺失: source==A02+K1.H1-K1:3 (False), target==A02+K1.H1-K1:5 (False)

节点缺失: source==A02+K1.H1-K1:1 (False), target==A02+K1.H1-K1:3 (False)

节点缺失: source==A02+K1.H1-K1:1 (False), target==A02+K1.H2-F3.1:2/1 (False)

节点缺失: source==A02+K1.H2-F3.1:2/1 (False), target==A02+K1.H2-X22:L (False)

节点缺失: source==A02+K1.H2-F3:2 (False), target==A02+K1.H2-F3.1:1/2 (False)

节点缺失: source==A01+K1.H2-W0:L2 (False), target==A02+K1.H2-F3:1 (False)

节点缺失: source==A02+K1.H2-X22:PE (False), target==A02+K1.H2-X6:PE:2 (False)

节点缺失: source==A02+K1.H2-F3.1:3/4 (False), target==A02+K1.H2-X5:N:1 (False)

节点缺失: source==A02+K1.H1-K1:A2 (False), target==A02+K1.B1-W5(-P2):P2:1 (False)

节点缺失: source==A02+K1.B1-A1:2 (False), target==A02+K1.H1-K1:A1 (False)

节点缺失: source==A02+K1.E1-S1:14 (False), target==A02+K1.B1-X9:2:5 (False)

节点缺失: source==A02+K1.B1-X9:1:4 (False), target==A02+K1.E1-S1:13 (False)

节点缺失: source==A02+K1.H2-F4:2 (False), target==A02+K1.B1-X9:1:3 (False)

节点缺失: source==A01+K1.H2-W0:L1 (False), target==A02+K1.H2-F4:1 (False)

节点缺失: source==A02+K1.B1-X9:2:2 (False), target==A02+K1.B1-X9:3:3 (False)

节点缺失: source==A02+K1.E1-S2:14 (False), target==A02+K1.B1-X9:4:5 (False)

节点缺失: source==A02+K1.B1-X9:3:4 (False), target==A02+K1.E1-S2:13 (False)

节点缺失: source==A02+K1.B1-X9:4:2 (False), target==A02+K1.B1-X9:5:3 (False)

节点缺失: source==A02+K1.E1-S3:14 (False), target==A02+K1.B1-X9:6:5 (False)

节点缺失: source==A02+K1.B1-X9:5:4 (False), target==A02+K1.E1-S3:13 (False)

节点缺失: source==A02+K1.B1-X9:6:2 (False), target==A02+K1.B1-X9:7:3 (False)

节点缺失: source==A02+K1.B1-X9:7:4 (False), target==A02+K1.A1-M1:X1:L1 (False)
类似的target节点: ['=A02+K1.A1-M1:RS485+', '=A02+K1.A1-M1:RS485-']

节点缺失: source==A02+K1.A1-M1:X1:N (False), target==A02+K1.B1-X9:8:5 (False)
类似的source节点: ['=A02+K1.A1-M1:RS485+', '=A02+K1.A1-M1:RS485-']

节点缺失: source==A02+K1.A1-M1:X1:PE (False), target==A02+K1.B1-X9:PE:1 (False)
类似的source节点: ['=A02+K1.A1-M1:RS485+', '=A02+K1.A1-M1:RS485-']

节点缺失: source==A02+K1.H2-X5:N:2 (False), target==A02+K1.B1-X9:8:2 (False)

节点缺失: source==A02+K1-A1:1 (False), target==A02+K1.A1-M1:RS485+ (True)

节点缺失: source==A02+K1-A1:USB (False), target==P01+K1.G1-D1:USB6 (True)

节点缺失: source==A02+K1-A1:2 (False), target==A02+K1.A1-M1:RS485- (True)

节点缺失: source==A02+S1.I1-X1:1 (False), target==A01+S1-W0:PE (False)

节点缺失: source==A02+S1-X101:1 (False), target==A01+S1-W0:PE (False)

节点缺失: source==A02+K1.H2-X6:PE:2 (False), target==A02+K1.B1-X100:1:1 (False)

节点缺失: source==A02+K1.H2-X6:PE:2 (False), target==A02+K1.B1-X100:2:1 (False)

节点缺失: source==A02+K1.H2-X6:PE:2 (False), target==A02+K1.B1-X100:3:1 (False)

节点缺失: source==A02+K1.H2-X6:PE:2 (False), target==A01+K1.I1-X1:1 (False)
类似的target节点: ['=A01+K1.I1-X1:4']

节点缺失: source==A02+K1-W30:SE (False), target==A01+K1.I1-X1:4 (True)

节点缺失: source==A02+K1.H2-W20:SE (False), target==A02+K1.H1-W21:SE (False)

节点缺失: source==A02+K1.B1-W22:SE (False), target==A02+K1.H1-W21:SE (False)

节点缺失: source==A02+K1.H1-W21:SE (False), target==A02+K1.H1-W12:SE (False)

节点缺失: source==A02+K1.B1-W10:SE (False), target==A02+K1.B1-W22:SE (False)

节点缺失: source==A02+K1.B1-W9:SE (False), target==A02+K1.B1-W22:SE (False)

节点缺失: source==A02+K1.B1-W11:SE (False), target==A02+K1.B1-W22:SE (False)

节点缺失: source==A02+K1.B1-X20-X20.1M:13 (True), target==A02+S1-A21-X1:23 (False)

节点缺失: source==A02+K1.B1-W5(-P2):P2 (False), target==A02+K1.B1-X20-X20.1F:13 (False)

节点缺失: source==A02+K1.B1-X20-X20.1M:14 (True), target==A02+S1-A21-X1:24 (False)

节点缺失: source==A02+K1.B1-W5(-P2):P2 (False), target==A02+K1.B1-X20-X20.1F:14 (False)

节点缺失: source==A02+K1.B1-X20-X20.1M:15 (True), target==A02+S1-A21-X1:25 (False)

节点缺失: source==A02+K1.B1-W5(-P2):P2 (False), target==A02+K1.B1-X20-X20.1F:15 (False)

节点缺失: source==A02+K1.B1-X20-X20.2M:4 (True), target==A02+S1-A23-X1:23 (False)

节点缺失: source==A02+K1.B1-W5(-P2):P2 (False), target==A02+K1.B1-X20-X20.2F:4 (False)

节点缺失: source==A02+K1.B1-X20-X20.2M:5 (True), target==A02+S1-A23-X1:24 (False)

节点缺失: source==A02+K1.B1-W5(-P2):P2 (False), target==A02+K1.B1-X20-X20.2F:5 (False)

节点缺失: source==A02+K1.B1-X20-X20.2M:6 (True), target==A02+S1-A23-X1:25 (False)

节点缺失: source==A02+K1.B1-W5(-P2):P2 (False), target==A02+K1.B1-X20-X20.2F:6 (False)

节点缺失: source==A02+K1.B1-X20-X20.1M:9 (True), target==A02+S1-A21-X1:9 (False)

节点缺失: source==A02+K1.B1-A1:4 (False), target==A02+K1.B1-X20-X20.1F:9 (False)

节点缺失: source==A02+K1.B1-X20-X20.1M:10 (True), target==A02+S1-A21-X1:10 (False)

节点缺失: source==A02+K1.B1-A1:5 (False), target==A02+K1.B1-X20-X20.1F:10 (False)

节点缺失: source==A02+K1.B1-X20-X20.2F:8 (False), target==A02+K1.B1-A3:4 (False)

节点缺失: source==A02+S1-S2 (False), target==A02+K1.B1-X20-X20.2M:8 (True)

节点缺失: source==A02+K1.B1-X20-X20.2M:7 (True), target==A02+S1-S2 (False)

节点缺失: source==A02+K1.B1-W5(-P1):X1:3 (False), target==A02+K1.B1-X20-X20.2F:7 (False)

节点缺失: source==A02+K1.B1-X20-X20.2F:10 (False), target==A02+K1.B1-A3:5 (False)

节点缺失: source==A02+S1-S3 (False), target==A02+K1.B1-X20-X20.2M:10 (True)

节点缺失: source==A02+K1.B1-X20-X20.2M:9 (True), target==A02+S1-S3 (False)

节点缺失: source==A02+K1.B1-W5(-P1):X1:3 (False), target==A02+K1.B1-X20-X20.2F:9 (False)

节点缺失: source==A02+K1.B1-X20-X20.1M:11 (True), target==A02+S1-A21-X1:11 (False)

节点缺失: source==A02+K1.B1-A1:6 (False), target==A02+K1.B1-X20-X20.1F:11 (False)

节点缺失: source==A02+K1.B1-X20-X20.1M:12 (True), target==A02+S1-A21-X1:12 (False)

节点缺失: source==A02+K1.B1-A1:7 (False), target==A02+K1.B1-X20-X20.1F:12 (False)

节点缺失: source==A02+K1.B1-X20-X20.2F:12 (False), target==A02+K1.B1-A3:6 (False)

节点缺失: source==A02+S1-S12 (False), target==A02+K1.B1-X20-X20.2M:12 (True)

节点缺失: source==A02+K1.B1-X20-X20.2M:11 (True), target==A02+S1-S12 (False)

节点缺失: source==A02+K1.B1-W5(-P1):X1:3 (False), target==A02+K1.B1-X20-X20.2F:11 (False)

节点缺失: source==A02+K1.B1-X20-X20.2F:14 (False), target==A02+K1.B1-A3:7 (False)

节点缺失: source==A02+S1-S13 (False), target==A02+K1.B1-X20-X20.2M:14 (True)

节点缺失: source==A02+K1.B1-X20-X20.2M:13 (True), target==A02+S1-S13 (False)

节点缺失: source==A02+K1.B1-W5(-P1):X1:3 (False), target==A02+K1.B1-X20-X20.2F:13 (False)

节点缺失: source==A02+K1.B1-X20-X20.1M:16 (True), target==A02+S1-A23-X1:1 (False)

节点缺失: source==A02+K1.B1-A1:8 (False), target==A02+K1.B1-X20-X20.1F:16 (False)

节点缺失: source==A02+K1.B1-X20-X20.1M:17 (True), target==A02+S1-A23-X1:2 (False)

节点缺失: source==A02+K1.B1-A1:9 (False), target==A02+K1.B1-X20-X20.1F:17 (False)

节点缺失: source==A02+K1.B1-X20-X20.1M:18 (True), target==A02+S1-A23-X1:3 (False)

节点缺失: source==A02+K1.B1-A1:10 (False), target==A02+K1.B1-X20-X20.1F:18 (False)

节点缺失: source==A02+K1.B1-X20-X20.1M:19 (True), target==A02+S1-A23-X1:4 (False)

节点缺失: source==A02+K1.B1-A1:11 (False), target==A02+K1.B1-X20-X20.1F:19 (False)

节点缺失: source==A02+K1.B1-X20-X20.1M:20 (True), target==A02+S1-A23-X1:5 (False)

节点缺失: source==A02+K1.B1-A1:12 (False), target==A02+K1.B1-X20-X20.1F:20 (False)

节点缺失: source==A02+K1.B1-X20-X20.1M:21 (True), target==A02+S1-A23-X1:6 (False)

节点缺失: source==A02+K1.B1-A1:13 (False), target==A02+K1.B1-X20-X20.1F:21 (False)

节点缺失: source==A02+S1-A23-X1:7 (False), target==A02+K1.B1-X20-X20.1M:22 (True)

节点缺失: source==A02+K1.B1-A1:14 (False), target==A02+K1.B1-X20-X20.1F:22 (False)

节点缺失: source==A02+S1-A23-X1:8 (False), target==A02+K1.B1-X20-X20.1M:23 (True)

节点缺失: source==A02+K1.B1-A1:15 (False), target==A02+K1.B1-X20-X20.1F:23 (False)

节点缺失: source==A02+S1-A23-X1:9 (False), target==A02+K1.B1-X20-X20.1M:24 (True)

节点缺失: source==A02+K1.B1-A1:16 (False), target==A02+K1.B1-X20-X20.1F:24 (False)

节点缺失: source==A02+S1-A23-X1:10 (False), target==A02+K1.B1-X20-X20.2M:1 (True)

节点缺失: source==A02+K1.B1-A2:1 (False), target==A02+K1.B1-X20-X20.2F:1 (False)

节点缺失: source==A02+K1.B1-X20-X20.2M:2 (True), target==A02+S1-A23-X1:11 (False)

节点缺失: source==A02+K1.B1-A2:2 (False), target==A02+K1.B1-X20-X20.2F:2 (False)

节点缺失: source==A02+K1.B1-X20-X20.2M:3 (True), target==A02+S1-A23-X1:12 (False)

节点缺失: source==A02+K1.B1-A2:3 (False), target==A02+K1.B1-X20-X20.2F:3 (False)

节点缺失: source==A02+K1.B1-X20-X20.2M:15 (True), target==A02+S1-S2:1 (False)

节点缺失: source==A02+K1.B1-A2:4 (False), target==A02+K1.B1-X20-X20.2F:15 (False)

节点缺失: source==A02+K1.B1-X20-X20.2F:16 (False), target==A02+K1.B1-A3:8 (False)

节点缺失: source==A02+S1-S2:3 (False), target==A02+K1.B1-X20-X20.2M:16 (True)

节点缺失: source==A02+K1.B1-A4:1 (False), target==A02+K1.B1-X20-X20.3F:1 (False)

节点缺失: source==A02+K1.B1-X20-X20.3M:1 (True), target==A02+S1-B20:1 (False)

节点缺失: source==A02+K1.B1-X20-X20.3M:2 (True), target==A02+S1-B20:2 (False)

节点缺失: source==A02+K1.B1-X20-X20.3F:2 (False), target==A02+K1.B1-A4:2 (False)

节点缺失: source==A02+K1.B1-A4:5 (False), target==A02+K1.B1-X20-X20.3F:3 (False)

节点缺失: source==A02+K1.B1-X20-X20.3M:3 (True), target==A02+S1-B21:1 (False)

节点缺失: source==A02+K1.B1-X20-X20.3M:4 (True), target==A02+S1-B21:2 (False)

节点缺失: source==A02+K1.B1-X20-X20.3F:4 (False), target==A02+K1.B1-A4:6 (False)

节点缺失: source==A02+K1.B1-X21-X21.2M:11 (False), target==A02+K1.B1-X21-X21.2M:12 (False)
类似的source节点: ['=A02+K1.B1-X21-X21.2M:1', '=A02+K1.B1-X21-X21.2M:2', '=A02+K1.B1-X21-X21.2M:3', '=A02+K1.B1-X21-X21.2M:4', '=A02+K1.B1-X21-X21.2M:5']
类似的target节点: ['=A02+K1.B1-X21-X21.2M:1', '=A02+K1.B1-X21-X21.2M:2', '=A02+K1.B1-X21-X21.2M:3', '=A02+K1.B1-X21-X21.2M:4', '=A02+K1.B1-X21-X21.2M:5']

节点缺失: source==A02+K1.B1-W5(-P1):P1 (False), target==A02+K1.B1-X21-X21.2M:12 (False)
类似的target节点: ['=A02+K1.B1-X21-X21.2M:1', '=A02+K1.B1-X21-X21.2M:2', '=A02+K1.B1-X21-X21.2M:3', '=A02+K1.B1-X21-X21.2M:4', '=A02+K1.B1-X21-X21.2M:5']

节点缺失: source==A02+S1-J20:2 (False), target==A02+K1.B1-X21-X21.2F:11 (True)

节点缺失: source==A02+S1-S20:2 (False), target==A02+S1-J20:2 (False)

节点缺失: source==A02+S1-J20:1 (False), target==A02+K1.B1-X21-X21.2F:12 (True)

节点缺失: source==A02+S1-S20:1 (False), target==A02+S1-J20:1 (False)

节点缺失: source==A02+K1.B1-X21-X21.2M:13 (False), target==A02+K1.B1-X21-X21.2M:16 (False)
类似的source节点: ['=A02+K1.B1-X21-X21.2M:1', '=A02+K1.B1-X21-X21.2M:2', '=A02+K1.B1-X21-X21.2M:3', '=A02+K1.B1-X21-X21.2M:4', '=A02+K1.B1-X21-X21.2M:5']
类似的target节点: ['=A02+K1.B1-X21-X21.2M:1', '=A02+K1.B1-X21-X21.2M:2', '=A02+K1.B1-X21-X21.2M:3', '=A02+K1.B1-X21-X21.2M:4', '=A02+K1.B1-X21-X21.2M:5']

节点缺失: source==A02+S1-J20:7 (False), target==A02+K1.B1-X21-X21.2F:13 (True)

节点缺失: source==A02+S1-S20:7 (False), target==A02+S1-J20:7 (False)

节点缺失: source==A02+K1.B1-X21-X21.2M:14 (False), target==A02+K1.B1-X21-X21.2M:15 (False)
类似的source节点: ['=A02+K1.B1-X21-X21.2M:1', '=A02+K1.B1-X21-X21.2M:2', '=A02+K1.B1-X21-X21.2M:3', '=A02+K1.B1-X21-X21.2M:4', '=A02+K1.B1-X21-X21.2M:5']
类似的target节点: ['=A02+K1.B1-X21-X21.2M:1', '=A02+K1.B1-X21-X21.2M:2', '=A02+K1.B1-X21-X21.2M:3', '=A02+K1.B1-X21-X21.2M:4', '=A02+K1.B1-X21-X21.2M:5']

节点缺失: source==A02+K1.B1-X21-X21.2M:15 (False), target==A02+K1.B1-K21.1:72 (False)
类似的source节点: ['=A02+K1.B1-X21-X21.2M:1', '=A02+K1.B1-X21-X21.2M:2', '=A02+K1.B1-X21-X21.2M:3', '=A02+K1.B1-X21-X21.2M:4', '=A02+K1.B1-X21-X21.2M:5']

节点缺失: source==A02+S1-J20:8 (False), target==A02+K1.B1-X21-X21.2F:14 (True)

节点缺失: source==A02+S1-S20:8 (False), target==A02+S1-J20:8 (False)

节点缺失: source==A02+S1-S20:6 (False), target==A02+S1-J20:6 (False)

节点缺失: source==A02+S1-J20:5 (False), target==A02+K1.B1-X21-X21.2F:15 (True)

节点缺失: source==A02+S1-S20:5 (False), target==A02+S1-J20:5 (False)

节点缺失: source==A02+S1-J20:3 (False), target==A02+K1.B1-X21-X21.2F:16 (True)

节点缺失: source==A02+S1-S20:3 (False), target==A02+S1-J20:3 (False)

节点缺失: source==A02+K1.B1-X21-X21.2M:17 (False), target==A02+K1.B1-W5(-P2):P2 (False)
类似的source节点: ['=A02+K1.B1-X21-X21.2M:1', '=A02+K1.B1-X21-X21.2M:2', '=A02+K1.B1-X21-X21.2M:3', '=A02+K1.B1-X21-X21.2M:4', '=A02+K1.B1-X21-X21.2M:5']

节点缺失: source==A02+S1-J20:4 (False), target==A02+K1.B1-X21-X21.2F:17 (True)

节点缺失: source==A02+S1-S20:4 (False), target==A02+S1-J20:4 (False)

节点缺失: source==A02+K1.B1-K21.1:71 (False), target==A02+K1.B1-X21-X21.2M:18 (False)
类似的target节点: ['=A02+K1.B1-X21-X21.2M:1', '=A02+K1.B1-X21-X21.2M:2', '=A02+K1.B1-X21-X21.2M:3', '=A02+K1.B1-X21-X21.2M:4', '=A02+K1.B1-X21-X21.2M:5']

节点缺失: source==A02+K1.B1-X21-X21.2F:18 (True), target==A02+S1-Y1:1 (False)

节点缺失: source==A02+K1.B1-X21-X21.2M:19 (False), target==A02+K1.B1-W5(-P2):P2 (False)
类似的source节点: ['=A02+K1.B1-X21-X21.2M:1', '=A02+K1.B1-X21-X21.2M:2', '=A02+K1.B1-X21-X21.2M:3', '=A02+K1.B1-X21-X21.2M:4', '=A02+K1.B1-X21-X21.2M:5']

节点缺失: source==A02+S1-Y1:2 (False), target==A02+K1.B1-X21-X21.2F:19 (True)

节点缺失: source==A02+K1.B1-W5(-P2):P2:2 (False), target==A02+K1.B1-K19:A2 (False)

节点缺失: source==A02+K1.B1-W5(-P1):P1:1 (False), target==A02+K1.B1-K19:A1 (False)

节点缺失: source==A02+K1.B1-X20-X20.2F:17 (False), target==A02+K1.B1-K19:S11 (False)

节点缺失: source==A02+S1-S1:12 (False), target==A02+K1.B1-X20-X20.2M:17 (True)

节点缺失: source==A02+S1-S1:11 (False), target==A02+K1.B1-X20-X20.2M:20 (True)

节点缺失: source==A02+K1.B1-X20-X20.2F:18 (False), target==A02+K1.B1-K19:S21 (False)

节点缺失: source==A02+S1-S1:22 (False), target==A02+K1.B1-X20-X20.2M:18 (True)

节点缺失: source==A02+S1-S1:21 (False), target==A02+K1.B1-X20-X20.2M:19 (True)

节点缺失: source==A02+K1.B1-X20-X20.2F:19 (False), target==A02+K1.B1-X20-X20.2F:22 (False)

节点缺失: source==A02+K1.B1-X20-X20.2F:20 (False), target==A02+K1.B1-X20-X20.2F:21 (False)

节点缺失: source==A02+K1.B1-K21.1:12 (False), target==A02+K1.B1-K22:43 (False)

节点缺失: source==A02+K1.B1-K21:12 (False), target==A02+K1.B1-K21.1:11 (False)

节点缺失: source==A02+K1.B1-K21:11 (False), target==A02+K1.B1-K20:12 (False)

节点缺失: source==A02+K1.B1-K19:S34 (False), target==A02+K1.B1-K20:11 (False)

节点缺失: source==A02+S1-S11:12 (False), target==A02+K1.B1-X20-X20.2M:21 (True)

节点缺失: source==A02+S1-S11:11 (False), target==A02+K1.B1-X20-X20.2M:24 (True)

节点缺失: source==A02+S1-S11:22 (False), target==A02+K1.B1-X20-X20.2M:22 (True)

节点缺失: source==A02+S1-S11:21 (False), target==A02+K1.B1-X20-X20.2M:23 (True)

节点缺失: source==A02+K1.B1-X20-X20.2F:23 (False), target==A02+K1.B1-K19:S22 (False)

节点缺失: source==A02+K1.B1-X20-X20.2F:24 (False), target==A02+K1.B1-K19:S12 (False)

节点缺失: source==F01+K1.B1-K1:12 (False), target==A02+K1.B1-X9:12:5 (False)

节点缺失: source==F01+K1.B1-K1:11 (False), target==A02+K1.B1-K22:44 (False)

节点缺失: source==A02+K1.G2-S2:.4 (False), target==A02+K1.B1-X9:12:2 (False)

节点缺失: source==A02+K1.B1-X9:11:4 (False), target==A02+K1.G2-S2:.3 (False)

节点缺失: source==A02+K1.B1-X9:10:5 (False), target==A02+K1.B1-X9:11:3 (False)

节点缺失: source==A02+K1.G2-S3:12 (False), target==A02+K1.B1-X9:10:2 (False)

节点缺失: source==A02+K1.B1-X9:9:4 (False), target==A02+K1.G2-S3:11 (False)

节点缺失: source==A02+K1.B1-W5(-P1):P1:1 (False), target==A02+K1.B1-X9:9:3 (False)

节点缺失: source==A02+K1.B1-X9:16:5 (False), target==A02+K1.B1-W5(-P2):P2:1 (False)

节点缺失: source==A02+K1.G2-S2:X2 (False), target==A02+K1.B1-X9:16:2 (False)

节点缺失: source==A02+K1.B1-X9:15:4 (False), target==A02+K1.G2-S2:X1 (False)

节点缺失: source==A02+K1.B1-K20:72 (False), target==A02+K1.B1-X9:15:3 (False)

节点缺失: source==A02+K1.B1-X9:14:5 (False), target==A02+K1.B1-K20:71 (False)

节点缺失: source==A02+K1.G2-S3:.4 (False), target==A02+K1.B1-X9:14:2 (False)

节点缺失: source==A02+K1.B1-X9:13:4 (False), target==A02+K1.G2-S3:.3 (False)

节点缺失: source==A02+K1.B1-W5(-P1):P1:2 (False), target==A02+K1.B1-X9:13:3 (False)

节点缺失: source==A02+K1.B1-W5(-P2):P2:2 (False), target==A02+K1.B1-K20:A2 (False)

节点缺失: source==A02+K1.B1-K20 (False), target==A02+K1.B1-K20 (False)

节点缺失: source==A02+K1.B1-K19:14 (False), target==A02+K1.B1-K20:A11 (False)

节点缺失: source==A02+K1.B1-K20:A11 (False), target==A02+K1.B1-K21:A11 (False)

节点缺失: source==A02+K1.B1-K21:A11 (False), target==A02+K1.B1-K21.1:A11 (False)

节点缺失: source==A02+K1.B1-W5(-P1):P1:1 (False), target==A02+K1.B1-K19:13 (False)

节点缺失: source==A02+K1.B1-K19:24 (False), target==A02+K1.B1-K20:A12 (False)

节点缺失: source==A02+K1.B1-K20:A12 (False), target==A02+K1.B1-K21:A12 (False)

节点缺失: source==A02+K1.B1-K21:A12 (False), target==A02+K1.B1-K21.1:A12 (False)

节点缺失: source==A02+K1.B1-A3:9 (False), target==A02+K1.B1-K21.1:A12 (False)

节点缺失: source==A02+K1.B1-W5(-P1):P1:1 (False), target==A02+K1.B1-K19:23 (False)

节点缺失: source==A02+K1.B1-K21:A2 (False), target==A02+K1.B1-W5(-P2):P2:1 (False)

节点缺失: source==A02+K1.B1-K21 (False), target==A02+K1.B1-K21 (False)

节点缺失: source==A02+K1.B1-K21.1:A2 (False), target==A02+K1.B1-W5(-P2):P2:1 (False)

节点缺失: source==A02+K1.B1-K21.1 (False), target==A02+K1.B1-K21.1 (False)

节点缺失: source==A02+K1.B1-W5(-P2):P2:2 (False), target==A02+K1.B1-K22:A2 (False)

节点缺失: source==A02+K1.B1-K22 (False), target==A02+K1.B1-K22 (False)

节点缺失: source==A01+K1.H2-K1:22 (False), target==A02+K1.B1-K22:A11 (False)

节点缺失: source==A02+K1.B1-W5(-P1):P1 (False), target==A02+K1.B1-X20-X20.3F:15 (False)

节点缺失: source==A01+K1.H2-K2:22 (False), target==A02+K1.B1-K22:A12 (False)

节点缺失: source==A01+K1.H2-K1:21 (False), target==A01+K1.H2-K2:21 (False)

节点缺失: source==A01+K1.H2-K1:21 (False), target==A02+K1.B1-X20-X20.3F:14 (False)

节点缺失: source==A02+K1.B1-K22:54 (False), target==A02+K1.B1-A3:10 (False)

节点缺失: source==A02+K1.B1-W5(-P1):P1:1 (False), target==A02+K1.B1-K22:53 (False)

节点缺失: source==A02+K1.B1-X9:17:4 (False), target==A02+K1.G2-H1:0 (False)

节点缺失: source==A02+K1.B1-W5(-P2):P2:1 (False), target==A02+K1.B1-X9:17:3 (False)

节点缺失: source==A02+K1.B1-X9:18:5 (False), target==A02+K1.G2-H1:1 (False)

节点缺失: source==A02+K1.B1-A2:5 (False), target==A02+K1.B1-X9:18:2 (False)

节点缺失: source==A02+K1.B1-X9:19:4 (False), target==A02+K1.G2-H1:2 (False)

节点缺失: source==A02+K1.B1-A2:6 (False), target==A02+K1.B1-X9:19:3 (False)

节点缺失: source==A02+K1.B1-X9:20:5 (False), target==A02+K1.G2-H1:3 (False)

节点缺失: source==A02+K1.B1-A2:7 (False), target==A02+K1.B1-X9:20:2 (False)

节点缺失: source==A02+K1.B1-X9:21:4 (False), target==A02+K1.G2-H1:4 (False)

节点缺失: source==A02+K1.B1-A2:8 (False), target==A02+K1.B1-X9:21:3 (False)

节点缺失: source==A02+K1.B1-X9:PE:1 (False), target==A02+K1.G2-H1:PE (False)

节点缺失: source==A02+K1.B1-V1(0):1 (False), target==A02+K1.B1-V1:1.1 (False)

节点缺失: source==A02+K1.B1-W6(-P2):P2:2 (False), target==A02+K1.B1-V1:3.1 (False)

节点缺失: source==F01+K1.B1-V1:1.1 (False), target==A02+K1.B1-V1:1.1 (False)

节点缺失: source==F01+K1.B1-V1:3.2 (False), target==A02+K1.B1-V1:3.2 (False)

节点缺失: source==O01+K1.B1-V1:1.1 (False), target==F01+K1.B1-V1:1.1 (False)

节点缺失: source==O01+K1.B1-V1:3.2 (False), target==F01+K1.B1-V1:3.2 (False)

节点缺失: source==Q01+K1.B1-V1:1.1 (False), target==O01+K1.B1-V1:1.1 (False)

节点缺失: source==Q01+K1.B1-V1:3.2 (False), target==O01+K1.B1-V1:3.2 (False)

节点缺失: source==S02+K1.B1-V1:1.1 (False), target==Q15+K1.B1-V1:1.1 (False)

节点缺失: source==S02+K1.B1-V1:1.1 (False), target==V01+K1.B1-V1:1.1 (False)

节点缺失: source==S02+K1.B1-V1:3.2 (False), target==Q15+K1.B1-V1:3.2 (False)

节点缺失: source==S02+K1.B1-V1:3.2 (False), target==V01+K1.B1-V1:3.2 (False)

节点缺失: source==V01+K1.B1-V2:1.1 (False), target==V01+K1.B1-V1:1.1 (False)

节点缺失: source==V01+K1.B1-V2:3.2 (False), target==V01+K1.B1-V1:3.2 (False)

节点缺失: source==A02+K1.B1-V1:2.1 (False), target==A02+K1.B1-W5(-P1):X1:9 (False)

节点缺失: source==A02+K1.B1-W5(-P2):P2:1 (False), target==A02+K1.B1-W6(-P2):P2:2 (False)

节点缺失: source==A02+K1.B1-X20-X20.3M:5 (True), target==F01+S1-N1.123:7 (False)

节点缺失: source==F01+K1.B1-W5(-P1):X1:1 (False), target==A02+K1.B1-X20-X20.3F:5 (False)

节点缺失: source==A02+K1.B1-X20-X20.3M:6 (True), target==F01+S1-N1.123:4 (False)

节点缺失: source==F01+K1.B1-W5(-P2):X1:1 (False), target==A02+K1.B1-X20-X20.3F:6 (False)

节点缺失: source==A02+K1.B1-X20-X20.3M:7 (True), target==F01+S1-N1.123:3 (False)

节点缺失: source==F01+K1.B1-K1:34 (False), target==A02+K1.B1-X20-X20.3F:7 (False)

节点缺失: source==F01+K1.B1-W5(-P1):X1:2 (False), target==F01+K1.B1-K1:33 (False)

节点缺失: source==F01+I1-W301 (False), target==F01+S1-N1.123:CASE (False)

节点缺失: source==F01+I1-W301:Schirm (False), target==A02+K1.B1-W10:SE (False)

节点缺失: source==A02+K1.B1-X20-X20.3M:8 (True), target==F01+S1-N2:7 (False)

节点缺失: source==F01+K1.B1-W5(-P1):X1:3 (False), target==A02+K1.B1-X20-X20.3F:8 (False)

节点缺失: source==A02+K1.B1-X20-X20.3M:9 (True), target==F01+S1-N2:4 (False)

节点缺失: source==F01+K1.B1-W5(-P2):X1:2 (False), target==A02+K1.B1-X20-X20.3F:9 (False)

节点缺失: source==A02+K1.B1-X20-X20.3M:10 (True), target==F01+S1-N2:3 (False)

节点缺失: source==F01+K1.B1-K1:54 (False), target==A02+K1.B1-X20-X20.3F:10 (False)

节点缺失: source==F01+K1.B1-W5(-P1):X1:4 (False), target==F01+K1.B1-K1:53 (False)

节点缺失: source==F01+I1-W302 (False), target==F01+S1-N2:CASE (False)

节点缺失: source==F01+I1-W302 (False), target==A02+K1.B1-W10:SE (False)

节点缺失: source==V01+K1.B1-A3:13 (False), target==A02+K1.B1-X22-X22.3F:4 (False)

节点缺失: source==A02+K1.B1-X22-X22.3F:4 (False), target==F01+K1.B1-K1:A11 (False)

节点缺失: source==F01+K1.B1-K1:A2 (False), target==F01+K1.B1-W5(-P2):X1:4 (False)

节点缺失: source==F01+K1.B1-K1 (False), target==F01+K1.B1-K1 (False)

节点缺失: source==V01+K1.B1-A1:9 (False), target==A02+K1.B1-K21:33 (False)
类似的source节点: ['=V01+K1.B1-A13:-X1:B', '=V01+K1.B1-A13:-X1:A', '=V01+K1.B1-A13:-X1:CASE']

节点缺失: source==A02+K1.B1-X22-X22.2F:24 (False), target==F01+K1.B1-K1:A12 (False)

节点缺失: source==V01+K1.B1-A3:14 (False), target==A02+K1.B1-X22-X22.2F:24 (False)

节点缺失: source==A02+K1.B1-X20-X20.3F:13 (False), target==F01+K1.B1-W5(-P2):X1:5 (False)

节点缺失: source==F01+S1-Y11:2 (False), target==A02+K1.B1-X20-X20.3M:13 (True)

节点缺失: source==A02+K1.B1-X20-X20.3M:11 (True), target==F01+S1-Y11:1 (False)

节点缺失: source==F01+K1.B1-K1:24 (False), target==A02+K1.B1-X20-X20.3F:11 (False)

节点缺失: source==F01+K1.B1-W5(-P1):X1:7 (False), target==F01+K1.B1-K1:23 (False)

节点缺失: source==A02+K1.B1-X20-X20.3M:12 (True), target==F01+S1-Y11:PE (False)

节点缺失: source==F01+S1-Y11:NC (False), target==A02+K1.B1-X20-X20.3M:14 (True)

节点缺失: source==F01+S1-Y11:COM (False), target==A02+K1.B1-X20-X20.3M:15 (True)

节点缺失: source==F01+K1.B1-V1:2.1 (False), target==F01+K1.B1-W5(-P1):X1:9 (False)

节点缺失: source==A02+K1.B1-W6(-P2):X1:3 (False), target==F01+K1.B1-W5(-P2):X1:9 (False)

节点缺失: source==A02+K1.H1-W12:SE (False), target==M01+S1-M1:CASE (False)

节点缺失: source==M01+K1.D2-X1:1 (False), target==M01+K1.D2-X1:1 (False)

节点缺失: source==M01+K1.H1-Z1:L/L1 (False), target==M01+K1.H1-U1:L1 (False)

节点缺失: source==M01+K1.H2-F2:2 (False), target==M01+K1.H1-Z1:L/L1 (False)

节点缺失: source==A01+K1.H2-W0:L2 (False), target==M01+K1.H2-F2:1 (False)

节点缺失: source==M01+K1.H1-Z1:N/L2 (False), target==M01+K1.H1-U1:N (False)

节点缺失: source==A02+K1.H2-X5:N:2 (False), target==M01+K1.H1-Z1:N/L2 (False)

节点缺失: source==A02+K1.H2-X6:PE:2 (False), target==M01+K1.H1-Z1:PE (False)

节点缺失: source==M01+K1.H1-Z1:PE (False), target==M01+K1.H1-U1:G (False)

节点缺失: source==M01+K1.H1-U1:P24 (False), target==M01+K1.H1-U1:PSC (False)

节点缺失: source==M01+K1.D2-X1:1 (False), target==M01+S1-M1:U (False)

节点缺失: source==M01+K1.H1-U1:U/T1 (False), target==M01+K1.D2-X1:1 (False)

节点缺失: source==M01+K1.D2-X1:2 (False), target==M01+K1.D2-X1:2 (False)

节点缺失: source==M01+K1.D2-X1:2 (False), target==M01+S1-M1:V (False)

节点缺失: source==M01+K1.H1-U1:V/T2 (False), target==M01+K1.D2-X1:2 (False)

节点缺失: source==M01+K1.D2-X1:3 (False), target==M01+K1.D2-X1:3 (False)

节点缺失: source==M01+K1.D2-X1:3 (False), target==M01+S1-M1:W (False)

节点缺失: source==M01+K1.H1-U1:W/T3 (False), target==M01+K1.D2-X1:3 (False)

节点缺失: source==M01+K1.D2-X1:PE (False), target==M01+S1-M1:PE (False)

节点缺失: source==M01+K1.D2-X1:PE (False), target==M01+K1.D2-X1:PE (False)

节点缺失: source==M01+K1.H1-U1:G' (False), target==M01+K1.D2-X1:PE (False)

节点缺失: source==A02+K1.B1-X20-X20.3M:16 (True), target==M01+S1-M1:T1 (False)

节点缺失: source==M01+K1.H1-U1:S5/TH (False), target==A02+K1.B1-X20-X20.3F:16 (False)

节点缺失: source==A02+K1.B1-X20-X20.3M:17 (True), target==M01+S1-M1:T2 (False)

节点缺失: source==M01+K1.H1-U1:SC (False), target==A02+K1.B1-X20-X20.3F:17 (False)

节点缺失: source==A02+K1.B1-W5(-P1):X2:5 (False), target==A02+K1.B1-X20-X20.3F:18 (False)

节点缺失: source==A02+K1.B1-X20-X20.3M:18 (True), target==M01+S1-B11:1 (False)

节点缺失: source==A02+K1.B1-X20-X20.3M:19 (True), target==M01+S1-B11:2 (False)

节点缺失: source==A02+K1.B1-A3:11 (False), target==A02+K1.B1-X20-X20.3F:19 (False)

节点缺失: source==A02+K1.B1-X20-X20.3M:20 (True), target==M01+S1-B11:3 (False)

节点缺失: source==A02+K1.B1-X20-X20.3F:20 (False), target==A02+K1.B1-W5(-P2):X3:6 (False)

节点缺失: source==A02+K1.B1-X20-X20.3M:21 (True), target==M01+S1-Y11:2 (False)

节点缺失: source==A02+K1.B1-W5(-P2):X3:8 (False), target==A02+K1.B1-X20-X20.3F:21 (False)

节点缺失: source==M01+S1-Y11:1 (False), target==A02+K1.B1-X20-X20.3M:22 (True)

节点缺失: source==A02+K1.B1-K20:44 (False), target==A02+K1.B1-X20-X20.3F:22 (False)

节点缺失: source==A02+K1.B1-K20:44 (False), target==M01+K1.B1-K10:41 (False)

节点缺失: source==M01+K1.B1-K10:41 (False), target==M01+K1.B1-K11:41 (False)

节点缺失: source==A02+K1.B1-A2:9 (False), target==A02+K1.B1-K20:43 (False)

节点缺失: source==A02+K1.B1-W5(-P1):X2:7 (False), target==M01+K1.B1-K9:42 (False)

节点缺失: source==M01+K1.B1-K9:41 (False), target==M01+K1.B1-K10:44 (False)

节点缺失: source==M01+K1.B1-K10:44 (False), target==M01+K1.B1-K11:44 (False)

节点缺失: source==A02+K1.B1-X20-X20.3M:23 (True), target==M01+S1-Y12:4 (False)

节点缺失: source==A02+K1.B1-W5(-P2):X4:2 (False), target==A02+K1.B1-X20-X20.3F:23 (False)

节点缺失: source==M01+S1-Y12:3 (False), target==A02+K1.B1-X20-X20.3M:24 (True)

节点缺失: source==A02+K1.B1-A2:10 (False), target==A02+K1.B1-X20-X20.3F:24 (False)

节点缺失: source==M01+K1.B1-K10:A2 (False), target==A02+K1.B1-W5(-P2):P2:2 (False)

节点缺失: source==M01+K1.B1-K10:A1 (False), target==P01+K1.B1-X9:8:5 (False)

节点缺失: source==M01+K1.B1-K11:A2 (False), target==A02+K1.B1-W5(-P2):P2:2 (False)

节点缺失: source==M01+K1.B1-K11:A1 (False), target==P01+K1.B1-X9:9:4 (False)

节点缺失: source==M01+K1.B1-K9:A2 (False), target==A02+K1.B1-W5(-P2):P2:2 (False)

节点缺失: source==A02+K1.B1-K20:54 (False), target==M01+K1.B1-K9:A1 (False)

节点缺失: source==A02+K1.B1-W5(-P1):X3:3 (False), target==A02+K1.B1-K20:53 (False)

节点缺失: source==M01+K1.B1-K10:11 (False), target==M01+K1.H1-U1:S1 (False)

节点缺失: source==M01+K1.B1-K10:14 (False), target==M01+K1.B1-K11:14 (False)

节点缺失: source==M01+K1.B1-K11:14 (False), target==M01+K1.B1-K9:12 (False)

节点缺失: source==M01+K1.B1-K9:12 (False), target==M01+K1.H1-U1:SC' (False)

节点缺失: source==M01+K1.B1-K11:11 (False), target==M01+K1.H1-U1:S2 (False)

节点缺失: source==M01+K1.B1-K9:11 (False), target==M01+K1.H1-U1:S6 (False)

节点缺失: source==M01+K1.H1-U1:S6 (False), target==M01+K1.H1-U1:S7/EB (False)

节点缺失: source==O01+K1.B1-V2:3 (False), target==O01+K1.B1-W5(-P2):X1:1 (False)

节点缺失: source==O01+K1.B1-A1:9 (False), target==O01+K1.B1-V2:1 (False)

节点缺失: source==O01+K1.B1-V2:1 (False), target==O01+K1.B1-V2:21 (False)

节点缺失: source==O01+K1.B1-W5(-P2):X1:2 (False), target==A02+K1.B1-X20-X20.4F:18 (False)

节点缺失: source==O01+K1.B1-K4:14 (False), target==A02+K1.B1-X20-X20.4F:18 (False)

节点缺失: source==O01+K1.B1-V2:2 (False), target==O01+K1.B1-K4:12 (False)

节点缺失: source==O01+S1-X1:1 (False), target==O01+S1-X1:1 (False)

节点缺失: source==P01+S11-D1.PCIe_X1_SLOT:CH1.1 (False), target==O01+S1-U1:IN.1 (False)

节点缺失: source==O01+S1-W515 (False), target==O01+S1-U1:OUT.G (False)

节点缺失: source==O01+S1-X1:G (False), target==O01+S1-X1:G (False)

节点缺失: source==O01+S1-X1:G (False), target==O01+S1-W515 (False)

节点缺失: source==O01+S1-U1:IN.G (False), target==P01+S11-D1.PCIe_X1_SLOT:CH1.G (False)

节点缺失: source==O01+S1-M1:+ (False), target==O01+S1-X1.2:1 (False)

节点缺失: source==A02+K1.B1-X20-X20.4M:17 (True), target==O01+S1-X1.2:1 (False)

节点缺失: source==O01+K1.B1-K4:11 (False), target==A02+K1.B1-X20-X20.4F:17 (False)

节点缺失: source==O01+S1-M1:- (False), target==O01+S1-X2:3 (False)

节点缺失: source==A02+K1.B1-X20-X20.4M:18 (True), target==O01+S1-X2:3 (False)

节点缺失: source==O01+K1.B1-K1:0 (False), target==O01+K1.B1-W5(-P2):X1:3 (False)

节点缺失: source==O01+K1.B1-K4:A2 (False), target==O01+K1.B1-K1:A (False)

节点缺失: source==O01+S1-X1.3:1 (False), target==O01+S1-E1-X6:1 (False)

节点缺失: source==A02+K1.B1-X20-X20.4M:19 (True), target==O01+S1-X1.3:1 (False)

节点缺失: source==O01+S1-X3:2 (False), target==O01+S1-E1(-X6):2 (False)

节点缺失: source==A02+K1.B1-X20-X20.4M:20 (True), target==O01+S1-X3:2 (False)

节点缺失: source==O01+S1-X3:3 (False), target==O01+S1-E1(-X6):3 (False)

节点缺失: source==A02+K1.B1-X20-X20.4M:21 (True), target==O01+S1-X3:3 (False)

节点缺失: source==O01+K1.B1-W5(-P1):X1:2 (False), target==A02+K1.B1-X20-X20.4F:21 (False)

节点缺失: source==O01+S1-X3:4 (False), target==O01+S1-E1(-X6):4 (False)

节点缺失: source==A02+K1.B1-X20-X20.4M:22 (True), target==O01+S1-X3:4 (False)

节点缺失: source==O01+K1.B1-A1:2 (False), target==A02+K1.B1-X20-X20.4F:22 (False)

节点缺失: source==O01+S1-X3:CASE (False), target==A02+K1.B1-W10:SE (False)

节点缺失: source==O01+K1.B1-K1:A2 (False), target==O01+K1.B1-W5(-P2):X1:4 (False)

节点缺失: source==O01+K1.B1-A1:16 (False), target==O01+K1.B1-K1:A1 (False)

节点缺失: source==O01+S1-X1:1 (False), target==O01+S1-U1:OUT.1 (False)

节点缺失: source==O01+K1.B1-K4:A1 (False), target==O01+K1.B1-A1:1 (False)

节点缺失: source==O01+K1.B1-A1:1 (False), target==A02+K1.B1-X20-X20.4F:20 (False)

节点缺失: source==O01+K1.B1-K1:+ (False), target==A02+K1.B1-X20-X20.4F:19 (False)

节点缺失: source==O01+K1.B1-W5(-P1):X1:1 (False), target==A02+K1.B1-X20-X20.4F:19 (False)

节点缺失: source==O01+K1.B1-A1:5 (False), target==A02+K1.B1-X21-X21.1F:23 (False)

节点缺失: source==A02+K1.B1-X21-X21.1F:23 (False), target==Q01+K1.B1-A4:6 (False)

节点缺失: source==O01+K1.B1-V1:2.1 (False), target==O01+K1.B1-W5(-P1):X1:9 (False)

节点缺失: source==A02+K1.B1-W6(-P2):X1:4 (False), target==O01+K1.B1-W5(-P2):X1:9 (False)

节点缺失: source==O01+K1.B1-A2:2 (False), target==O01+K1.B1-W5(-P1):X1:6 (False)

节点缺失: source==O01+K1.B1-A2:7 (False), target==O01+K1.B1-W5(-P2):X1:8 (False)

节点缺失: source==P01+K1.G1-E1:X3:L (False), target==O02+K1.G1-D2:L (False)
类似的target节点: ['=O02+K1.G1-D2:X4.CASE']

节点缺失: source==P01+K1.G1-E1:X3:N (False), target==O02+K1.G1-D2:N (False)
类似的target节点: ['=O02+K1.G1-D2:X4.CASE']

节点缺失: source==P01+K1.G1-E1:X3:PE (False), target==O02+K1.G1-D2:PE (False)
类似的target节点: ['=O02+K1.G1-D2:X4.CASE']

节点缺失: source==O02+K1.G1-D2:RJ45 (False), target==P01+K1.B1-A0.10:3:3 (False)
类似的source节点: ['=O02+K1.G1-D2:X4.CASE']

节点缺失: source==O01+K1.B1-A1:3 (False), target==O02+K1.B1-X9:1:4 (False)

节点缺失: source==O02+K1.G1-D2-X6:7 (False), target==O02+K1.B1-X9:1:3 (False)

节点缺失: source==O02+K1.B1-X9:2:5 (False), target==O01+K1.B1-W5(-P1):P1:2 (False)

节点缺失: source==O02+K1.G1-D2-X6:8 (False), target==O02+K1.B1-X9:2:2 (False)

节点缺失: source==O02+K1.B1-X9:3:4 (False), target==O01+K1.B1-W5(-P2):P2:2 (False)

节点缺失: source==O02+K1.G1-D2-X6:9 (False), target==O02+K1.B1-X9:3:3 (False)

节点缺失: source==O02+S1-X1:1 (False), target==O02+S1-H1:1 (False)

节点缺失: source==O02+S1-X1:4 (False), target==O02+S1-H1:1 (False)

节点缺失: source==O02+S1-X1:1 (False), target==O02+S1-X1:1 (False)

节点缺失: source==A02+K1.B1-X20-X20.5M:1 (True), target==O02+S1-X1:1 (False)

节点缺失: source==O02+S1-X1:1 (False), target==A02+K1.B1-X20-X20.5M:2 (True)

节点缺失: source==O02+K1.G1-D2-X2:.1 (False), target==A02+K1.B1-X20-X20.5F:1 (False)
类似的target节点: ['=A02+K1.B1-X20-X20.5F:17']

节点缺失: source==O02+K1.G1-D2-X2:.2 (False), target==A02+K1.B1-X20-X20.5F:2 (False)
类似的target节点: ['=A02+K1.B1-X20-X20.5F:17']

节点缺失: source==O02+S1-X1:4 (False), target==O02+S1-X1:4 (False)

节点缺失: source==A02+K1.B1-X20-X20.5M:3 (True), target==O02+S1-X1:4 (False)

节点缺失: source==O02+S1-X1:4 (False), target==A02+K1.B1-X20-X20.5M:4 (True)

节点缺失: source==O02+K1.G1-D2-X2:.6 (False), target==A02+K1.B1-X20-X20.5F:3 (False)
类似的target节点: ['=A02+K1.B1-X20-X20.5F:17']

节点缺失: source==O02+K1.G1-D2-X2:.7 (False), target==A02+K1.B1-X20-X20.5F:4 (False)
类似的target节点: ['=A02+K1.B1-X20-X20.5F:17']

节点缺失: source==O02+S1-H1:2 (False), target==O02+S1-X1:3 (False)

节点缺失: source==O02+S1-H1:2 (False), target==O02+S1-X1:2 (False)

节点缺失: source==O02+S1-X1:3 (False), target==O02+S1-X1:3 (False)

节点缺失: source==A02+K1.B1-X20-X20.5M:5 (True), target==O02+S1-X1:3 (False)

节点缺失: source==O02+S1-X1:3 (False), target==A02+K1.B1-X20-X20.5M:6 (True)

节点缺失: source==O02+K1.G1-D2-X2:.4 (False), target==A02+K1.B1-X20-X20.5F:5 (False)
类似的target节点: ['=A02+K1.B1-X20-X20.5F:17']

节点缺失: source==O02+K1.G1-D2-X2:.5 (False), target==A02+K1.B1-X20-X20.5F:6 (False)
类似的target节点: ['=A02+K1.B1-X20-X20.5F:17']

节点缺失: source==O02+S1-X1:2 (False), target==O02+S1-X1:2 (False)

节点缺失: source==A02+K1.B1-X20-X20.5M:7 (True), target==O02+S1-X1:2 (False)

节点缺失: source==O02+S1-X1:2 (False), target==A02+K1.B1-X20-X20.5M:8 (True)

节点缺失: source==O02+K1.G1-D2-X2:.8 (False), target==A02+K1.B1-X20-X20.5F:7 (False)
类似的target节点: ['=A02+K1.B1-X20-X20.5F:17']

节点缺失: source==O02+K1.G1-D2-X2:.9 (False), target==A02+K1.B1-X20-X20.5F:8 (False)
类似的target节点: ['=A02+K1.B1-X20-X20.5F:17']

节点缺失: source==O02+K1.B1-X9:4:5 (False), target==O01+K1.B1-W5(-P2):P2:2 (False)

节点缺失: source==O02+K1.G1-D2-X5:1 (False), target==O02+K1.B1-X9:4:2 (False)

节点缺失: source==O02+K1.B1-X9:4:2 (False), target==O02+K1.G1-D2-X5:2 (False)

节点缺失: source==O02+K1.B1-X9:5:4 (False), target==O01+K1.B1-W5(-P1):P1:2 (False)

节点缺失: source==O02+K1.G1-D2-X5:4 (False), target==O02+K1.B1-X9:5:3 (False)

节点缺失: source==O02+K1.B1-X9:5:3 (False), target==O02+K1.G1-D2-X5:5 (False)

节点缺失: source==O02+K1.H1-A20-X4:CASE (True), target==O02+K1-W312 (False)

节点缺失: source==O02+K1.G1-D2:X4.CASE (True), target==O02+K1-W312 (False)

节点缺失: source==O02+K1.G1-D2:X4.4 (False), target==O02+K1.H1-A20-X4:3 (False)
类似的source节点: ['=O02+K1.G1-D2:X4.CASE']
类似的target节点: ['=O02+K1.H1-A20-X4:CASE']

节点缺失: source==O02+K1.G1-D2:X4.3 (False), target==O02+K1.H1-A20-X4:1 (False)
类似的source节点: ['=O02+K1.G1-D2:X4.CASE']
类似的target节点: ['=O02+K1.H1-A20-X4:CASE']

节点缺失: source==O02+K1.G1-D2:X4.5 (False), target==O02+K1.H1-A20-X4:7 (False)
类似的source节点: ['=O02+K1.G1-D2:X4.CASE']
类似的target节点: ['=O02+K1.H1-A20-X4:CASE']

节点缺失: source==O02+K1.G1-D2:X4.1 (False), target==O02+K1.H1-A20-X4:5 (False)
类似的source节点: ['=O02+K1.G1-D2:X4.CASE']
类似的target节点: ['=O02+K1.H1-A20-X4:CASE']

节点缺失: source==O02+K1-W312 (False), target==A02+K1.H1-W10:SE (True)

节点缺失: source==O02+K1.H1-A20-X1:2 (False), target==O01+K1.B1-W5(-P1):P1:2 (False)

节点缺失: source==O02+K1.H1-A20-X1:4 (False), target==O02+K1.B1-O01-W5(-P2):P2:2 (False)

节点缺失: source==O02+K1.H1-A20-X2:CASE (True), target==O02+I1-W311 (False)

节点缺失: source==O02+S1-B4:CASE (False), target==+ (False)

节点缺失: source==A02+K1.B1-X20-X20.5F:9 (False), target==O02+K1.H1-A20-X2:3 (False)
类似的source节点: ['=A02+K1.B1-X20-X20.5F:17']
类似的target节点: ['=O02+K1.H1-A20-X2:CASE']

节点缺失: source==O02+S1-B4:1 (False), target==A02+K1.B1-X20-X20.5M:9 (True)

节点缺失: source==A02+K1.B1-X20-X20.5F:10 (False), target==O02+K1.H1-A20-X2:2 (False)
类似的source节点: ['=A02+K1.B1-X20-X20.5F:17']
类似的target节点: ['=O02+K1.H1-A20-X2:CASE']

节点缺失: source==O02+S1-B4:2 (False), target==A02+K1.B1-X20-X20.5M:10 (True)

节点缺失: source==A02+K1.B1-X20-X20.5F:11 (False), target==O02+K1.H1-A20-X2:1 (False)
类似的source节点: ['=A02+K1.B1-X20-X20.5F:17']
类似的target节点: ['=O02+K1.H1-A20-X2:CASE']

节点缺失: source==O02+S1-B4:3 (False), target==A02+K1.B1-X20-X20.5M:11 (True)

节点缺失: source==A02+K1.B1-X20-X20.5F:12 (False), target==O02+K1.H1-A20-X2:9 (False)
类似的source节点: ['=A02+K1.B1-X20-X20.5F:17']
类似的target节点: ['=O02+K1.H1-A20-X2:CASE']

节点缺失: source==O02+S1-B4:4 (False), target==A02+K1.B1-X20-X20.5M:12 (True)

节点缺失: source==A02+K1.B1-X20-X20.5F:13 (False), target==O02+K1.H1-A20-X2:7 (False)
类似的source节点: ['=A02+K1.B1-X20-X20.5F:17']
类似的target节点: ['=O02+K1.H1-A20-X2:CASE']

节点缺失: source==O02+S1-B4:5 (False), target==A02+K1.B1-X20-X20.5M:13 (True)

节点缺失: source==A02+K1.B1-X20-X20.5F:14 (False), target==O02+K1.H1-A20-X2:6 (False)
类似的source节点: ['=A02+K1.B1-X20-X20.5F:17']
类似的target节点: ['=O02+K1.H1-A20-X2:CASE']

节点缺失: source==O02+S1-B4:6 (False), target==A02+K1.B1-X20-X20.5M:14 (True)

节点缺失: source==A02+K1.B1-X20-X20.5F:15 (False), target==O02+K1.H1-A20-X2:4 (False)
类似的source节点: ['=A02+K1.B1-X20-X20.5F:17']
类似的target节点: ['=O02+K1.H1-A20-X2:CASE']

节点缺失: source==O02+S1-B4:7 (False), target==A02+K1.B1-X20-X20.5M:15 (True)

节点缺失: source==A02+K1.B1-X20-X20.5F:16 (False), target==O02+K1.H1-A20-X2:5 (False)
类似的source节点: ['=A02+K1.B1-X20-X20.5F:17']
类似的target节点: ['=O02+K1.H1-A20-X2:CASE']

节点缺失: source==O02+S1-B4:8 (False), target==A02+K1.B1-X20-X20.5M:16 (True)

节点缺失: source==O02+K1-W311 (False), target==A02+K1.H1-W10:SE (True)

节点缺失: source==O02+I1-W311 (False), target==O02+S1-B4:9 (False)

节点缺失: source==A02+K1.B1-X20-X20.1M:7 (True), target==A02+S1-A21-X1:7 (False)

节点缺失: source==O01+K1.B1-A1:10 (False), target==A02+K1.B1-X20-X20.1F:7 (False)

节点缺失: source==A02+K1.B1-X20-X20.1M:8 (True), target==A02+S1-A21-X1:8 (False)

节点缺失: source==O01+K1.B1-A1:11 (False), target==A02+K1.B1-X20-X20.1F:8 (False)

节点缺失: source==O02+K1.H1-A20-X3:5 (False), target==O01+K1.B1-W5(-P2):P2:1 (False)

节点缺失: source==O02+K1.H1-A20-X3:3 (False), target==O01+K1.B1-A2:1 (False)

节点缺失: source==O02+K1.H1-A20-X3:1 (False), target==O01+K1.B1-A2:5 (False)

节点缺失: source==O02+K1.H1-A20-X3:7 (False), target==O01+K1.B1-A2:4 (False)

节点缺失: source==P01+K1.G1-D1:L (False), target==P01+K1.G1-E1:X1:L (False)
类似的source节点: ['=P01+K1.G1-D1:USB6']

节点缺失: source==P01+K1.G1-E1:X0:L (False), target==A01+K1.B1-X20:L (False)

节点缺失: source==P01+K1.G1-D1:N (False), target==P01+K1.G1-E1:X1:N (False)
类似的source节点: ['=P01+K1.G1-D1:USB6']

节点缺失: source==P01+K1.G1-E1:X0:N (False), target==A01+K1.B1-X20:N (False)

节点缺失: source==P01+K1.G1-D1:PE (False), target==P01+K1.G1-E1:X1:PE (False)
类似的source节点: ['=P01+K1.G1-D1:USB6']

节点缺失: source==P01+K1.G1-E1:X0:PE (False), target==A01+K1.B1-X20:PE (False)

节点缺失: source==P01+K1.G1-D1:USB1 (False), target==P01+K1.G1-E1:USB (False)
类似的source节点: ['=P01+K1.G1-D1:USB6']

节点缺失: source==P01+K1.G1-D1:USB3 (False), target==P01+K1.G2-X1 (False)
类似的source节点: ['=P01+K1.G1-D1:USB6']

节点缺失: source==P01+K1.G2-X1:USB A (False), target==P01+K1.G2-X1 (False)

节点缺失: source==P01+K1.G1-D1:MOUSE (False), target==P01+K1.G2-X2 (False)
类似的source节点: ['=P01+K1.G1-D1:USB6']

节点缺失: source==P01+K1.G2-X2:USB A (False), target==P01+K1.G2-X2 (False)

节点缺失: source==P01+K1.G2-P1:L (False), target==P01+K1.G1-E1:X2:L (False)

节点缺失: source==P01+K1.G2-P1:N (False), target==P01+K1.G1-E1:X2:N (False)

节点缺失: source==P01+K1.G2-P1:PE (False), target==P01+K1.G1-E1:X2:PE (False)

节点缺失: source==A02+K1.H2-X6:PE:2 (False), target==+:PE (False)

节点缺失: source==P01+K1.G1-D1:RJ45 (False), target==P01+K1.B1-A0.10:1:1 (False)
类似的source节点: ['=P01+K1.G1-D1:USB6']

节点缺失: source==A02+K1.A1-X21:Ethernet (False), target==P01+K1.G1-D1:RJ45 (False)
类似的target节点: ['=P01+K1.G1-D1:USB6']

节点缺失: source==P01+K1.B1-X9:1:4 (False), target==P01+K1.H1-D2:+ (False)

节点缺失: source==P01+K1.B1-V1:2.1 (False), target==P01+K1.B1-X9:1:3 (False)

节点缺失: source==A01+K1.B1-W7(-P1):P1:2 (False), target==P01+K1.B1-V1:1.1 (False)

节点缺失: source==P01+K1.B1-X9:PE:1 (False), target==P01+K1.H1-D2:GND (False)

节点缺失: source==P01+K1.B1-X9:2:5 (False), target==P01+K1.H1-D2:- (False)

节点缺失: source==P01+K1.B1-X9:2:2 (False), target==A01+K1.B1-W7(-P2):P2:2 (False)

节点缺失: source==A01+K1.B1-W7(-P2):P2:2 (False), target==P01+K1.B1-V1:3.1 (False)

节点缺失: source==P01+K1.H1-D2-LAN-A (False), target==P01+K1.G1-D1:RJ45 (False)
类似的target节点: ['=P01+K1.G1-D1:USB6']

节点缺失: source==A01+K1.B1-W7(-P1):P1:1 (False), target==P01+K1.B1-A0.10:US:1 (False)

节点缺失: source==P01+K1.B1-A0.10:US:2 (False), target==A01+K1.B1-W7(-P2):P2:1 (False)

节点缺失: source==P01+K1.B1-A0.10:2:2 (False), target==P01+K1.H1-D2-LAN-A (False)

节点缺失: source==A02+K1.H2-X6:PE:2 (False), target==P01+K1.B1-A0.10:US:3 (False)

节点缺失: source==P01+K1.B1-A0.0:1 (False), target==A02+K1.B1-W5(-P1):X3:5 (False)

节点缺失: source==P01+K1.B1-A0.0:5 (False), target==A02+K1.B1-W5(-P2):X4:7 (False)

节点缺失: source==P01+K1.B1-A0.0:2 (False), target==A02+K1.B1-W5(-P1):X3:6 (False)

节点缺失: source==P01+K1.B1-A0.0:7 (False), target==A02+K1.B1-W5(-P2):X4:8 (False)

节点缺失: source==P01+K1.B1-A0.0:EtherCAT IN (False), target==P01+K1.H1-D2-LAN-A (False)

节点缺失: source==P01+K1.B1-A0:EtherCAT IN (False), target==P01+K1.B1-A0.0:EtherCAT OUT (False)

节点缺失: source==F01+S1-N1.123:EtherCAT IN (False), target==F01+K1.D2-X11:1 (False)

节点缺失: source==F01+K1.D2-X11:1 (False), target==F01+K1.D2-X11:1 (False)

节点缺失: source==F01+K1.D2-X11:1 (False), target==P01+K1.B1-A0.2:EtherCAT X2 (False)

节点缺失: source==M01+K1.H1-U1:IN:1-8 (False), target==P01+K1.B1-A0.2:EtherCAT X1 (False)

节点缺失: source==F01+S1-N2:EtherCAT IN (False), target==F01+S1-N1.123:EtherCAT OUT (False)

节点缺失: source==P01+K1.B1-A0:1 (False), target==A01+K1.B1-W7(-P1):X3:5 (False)

节点缺失: source==P01+K1.B1-A0:5 (False), target==A01+K1.B1-W7(-P2):X4:7 (False)

节点缺失: source==P01+K1.B1-A0:2 (False), target==A02+K1.B1-W5(-P1):X3:6 (False)

节点缺失: source==P01+K1.B1-A0:7 (False), target==A02+K1.B1-W5(-P2):X4:8 (False)

节点缺失: source==P01+K1.B1-X9:3:4 (False), target==A02+K1.B1-W5(-P1):P1 (False)

节点缺失: source==P01+K1.B1-X9:4:5 (False), target==Q01+K1.B1-X9:33:4 (False)

节点缺失: source==P01+K1.B1-X9:5:4 (False), target==Q01+K1.B1-X9:41:4 (False)

节点缺失: source==P01+K1.B1-X9:7:4 (False), target==A02+K1.B1-K21:71 (False)

节点缺失: source==P01+K1.G2-X3:1-15 (True), target==P01+S1-A50:X1.1-15 (False)

节点缺失: source==P01+S1-A50-X1:1 (False), target==P01+S1-A50-S6:13 (False)

节点缺失: source==P01+S1-A50-S1:14 (False), target==P01+S1-A50-X1:2 (False)

节点缺失: source==P01+S1-A50-S1:13 (False), target==P01+S1-A50-S2:13 (False)

节点缺失: source==P01+S1-A50-S6:14 (False), target==P01+S1-A50-S2:13 (False)

节点缺失: source==P01+S1-A50-S6:14 (False), target==P01+S1-A50-S3:13 (False)

节点缺失: source==P01+S1-A50-S3:13 (False), target==P01+S1-A50-S4:13 (False)

节点缺失: source==P01+S1-A50-S4:13 (False), target==P01+S1-A50-S5:11 (False)

节点缺失: source==P01+S1-A50-S2:14 (False), target==P01+S1-A50-X1:3 (False)

节点缺失: source==P01+S1-A50-S3:14 (False), target==P01+S1-A50-X1:4 (False)

节点缺失: source==P01+S1-A50-S4:14 (False), target==P01+S1-A50-X1:5 (False)

节点缺失: source==P01+S1-A50-S5:14 (False), target==P01+S1-A50-X1:6 (False)

节点缺失: source==P01+S1-A50-S5:12 (False), target==P01+S1-A50-X1:7 (False)

节点缺失: source==A02+K1.B1-K21:72 (False), target==A02+K1.B1-A3:12 (False)

节点缺失: source==A01+S1-W0 (False), target==Q01+K1.G1-G1:PE (False)
类似的target节点: ['=Q01+K1.G1-G1:B.S', '=Q01+K1.G1-G1:GND', '=Q01+K1.G1-G1:GND.S']

节点缺失: source==Q01+K1.B1-X20:1:2 (False), target==Q01+K1.G1-G1:A (False)
类似的target节点: ['=Q01+K1.G1-G1:B.S', '=Q01+K1.G1-G1:GND', '=Q01+K1.G1-G1:GND.S']

节点缺失: source==Q01+K1.H2-Q1:T1 (False), target==Q01+K1.B1-X20:1:1 (False)

节点缺失: source==A02+K1.H2-W2:2L1 (False), target==Q01+K1.H2-Q1:L1 (False)

节点缺失: source==Q01+K1.B1-X20:2:2 (False), target==Q01+K1.G1-G1:B (False)
类似的target节点: ['=Q01+K1.G1-G1:B.S', '=Q01+K1.G1-G1:GND', '=Q01+K1.G1-G1:GND.S']

节点缺失: source==Q01+K1.H2-Q1:T2 (False), target==Q01+K1.B1-X20:2:1 (False)

节点缺失: source==A02+K1.H2-W2:2L2 (False), target==Q01+K1.H2-Q1:L2 (False)

节点缺失: source==Q01+K1.B1-X20:3:2 (False), target==Q01+K1.G1-G1:C (False)
类似的target节点: ['=Q01+K1.G1-G1:B.S', '=Q01+K1.G1-G1:GND', '=Q01+K1.G1-G1:GND.S']

节点缺失: source==Q01+K1.H2-Q1:T3 (False), target==Q01+K1.B1-X20:3:1 (False)

节点缺失: source==A02+K1.H2-W2:2L3 (False), target==Q01+K1.H2-Q1:L3 (False)

节点缺失: source==Q01+K1.B1-X20:PE:1 (False), target==Q01+K1.G1-G1:PE (False)
类似的target节点: ['=Q01+K1.G1-G1:B.S', '=Q01+K1.G1-G1:GND', '=Q01+K1.G1-G1:GND.S']

节点缺失: source==A02+K1.H2-X6:3:2 (False), target==Q01+K1.B1-X20:PE:2 (False)

节点缺失: source==A01+S1-W0 (False), target==Q01+S1-N1:PE (False)

节点缺失: source==A02+K1-W30:SE (False), target==A02+K1-W30:SE (False)

节点缺失: source==Q01+S1-N1:X7.1 (False), target==Q01+K1.G1-G1:A (False)
类似的target节点: ['=Q01+K1.G1-G1:B.S', '=Q01+K1.G1-G1:GND', '=Q01+K1.G1-G1:GND.S']

节点缺失: source==Q01+S1-N1:X7.S (False), target==Q01+S1-N4:X7.S (False)

节点缺失: source==Q01+S1-N4:PE (False), target==A01+S1-W0 (False)

节点缺失: source==Q01+S1-N4:X7.1 (False), target==Q01+K1.G1-G1:B (False)
类似的target节点: ['=Q01+K1.G1-G1:B.S', '=Q01+K1.G1-G1:GND', '=Q01+K1.G1-G1:GND.S']

节点缺失: source==Q01+I1-W104:Schirm1 (False), target==Q01+K1.G1-G1:B.S (True)

节点缺失: source==A02+K1-W30:SE (False), target==Q01+I1-W105:Schirm2 (False)

节点缺失: source==Q01+S1-X100:1:1 (False), target==Q01+K1.G1-G1:GND (True)

节点缺失: source==Q01+K1.H2-Q1:14 (False), target==Q01+K1.B1-A1:1 (False)

节点缺失: source==Q01+K1.G1-G1:GND.S (True), target==Q01+S1-X100:G (False)

节点缺失: source==Q01+K1.B1-X9:1:4 (False), target==Q01+K1.G1-G1:J2.1 (False)
类似的target节点: ['=Q01+K1.G1-G1:B.S', '=Q01+K1.G1-G1:GND', '=Q01+K1.G1-G1:GND.S']

节点缺失: source==Q01+K1.B1-X9:1:3 (False), target==Q01+K1.B1-X9:2:2 (False)

节点缺失: source==Q01+K1.B1-X9:2:5 (False), target==Q01+K1.G1-G1:J2.2 (False)
类似的target节点: ['=Q01+K1.G1-G1:B.S', '=Q01+K1.G1-G1:GND', '=Q01+K1.G1-G1:GND.S']

节点缺失: source==Q01+K1.G1-G1:J3.CASE (False), target==A02+K1.B1-W11:SE (False)
类似的source节点: ['=Q01+K1.G1-G1:B.S', '=Q01+K1.G1-G1:GND', '=Q01+K1.G1-G1:GND.S']

节点缺失: source==Q01+K1.B1-A10:7 (False), target==Q01+K1.G1-G1:J3.1 (False)
类似的target节点: ['=Q01+K1.G1-G1:B.S', '=Q01+K1.G1-G1:GND', '=Q01+K1.G1-G1:GND.S']

节点缺失: source==Q01+K1.B1-A10:8 (False), target==Q01+K1.G1-G1:J3.2 (False)
类似的target节点: ['=Q01+K1.G1-G1:B.S', '=Q01+K1.G1-G1:GND', '=Q01+K1.G1-G1:GND.S']

节点缺失: source==Q01+K1.B1-A11:3 (False), target==Q01+K1.G1-G1:J3.5 (False)
类似的target节点: ['=Q01+K1.G1-G1:B.S', '=Q01+K1.G1-G1:GND', '=Q01+K1.G1-G1:GND.S']

节点缺失: source==Q01+K1.B1-A11:4 (False), target==Q01+K1.G1-G1:J3.6 (False)
类似的target节点: ['=Q01+K1.G1-G1:B.S', '=Q01+K1.G1-G1:GND', '=Q01+K1.G1-G1:GND.S']

节点缺失: source==Q01+K1.B1-A11:7 (False), target==Q01+K1.G1-G1:J3.7 (False)
类似的target节点: ['=Q01+K1.G1-G1:B.S', '=Q01+K1.G1-G1:GND', '=Q01+K1.G1-G1:GND.S']

节点缺失: source==Q01+K1.B1-A11:8 (False), target==Q01+K1.G1-G1:J3.9 (False)
类似的target节点: ['=Q01+K1.G1-G1:B.S', '=Q01+K1.G1-G1:GND', '=Q01+K1.G1-G1:GND.S']

节点缺失: source==Q01+K1.B1-W5(-P2):P2:1 (False), target==Q01+K1.B1-X9:4:5 (False)

节点缺失: source==Q01+K1.G1-G1:J4.CASE (False), target==A02+K1.B1-W9:SE (False)
类似的source节点: ['=Q01+K1.G1-G1:B.S', '=Q01+K1.G1-G1:GND', '=Q01+K1.G1-G1:GND.S']

节点缺失: source==Q01+K1.B1-X9:3:4 (False), target==Q01+K1.B1-A1:9 (False)

节点缺失: source==Q01+K1.G1-G1:J4.1 (False), target==Q01+K1.B1-X9:3:3 (False)
类似的source节点: ['=Q01+K1.G1-G1:B.S', '=Q01+K1.G1-G1:GND', '=Q01+K1.G1-G1:GND.S']

节点缺失: source==Q01+K1.G1-G1:J4.2 (False), target==Q01+K1.B1-X9:4:2 (False)
类似的source节点: ['=Q01+K1.G1-G1:B.S', '=Q01+K1.G1-G1:GND', '=Q01+K1.G1-G1:GND.S']

节点缺失: source==Q01+K1.B1-X9:5:4 (False), target==Q01+K1.B1-A1:2 (False)

节点缺失: source==Q01+K1.G1-G1:J4.5 (False), target==Q01+K1.B1-X9:5:3 (False)
类似的source节点: ['=Q01+K1.G1-G1:B.S', '=Q01+K1.G1-G1:GND', '=Q01+K1.G1-G1:GND.S']

节点缺失: source==Q01+K1.B1-X9:6:5 (False), target==Q01+K1.B1-W5(-P1):X1:1 (False)

节点缺失: source==Q01+K1.G1-G1:J4.6 (False), target==Q01+K1.B1-X9:6:2 (False)
类似的source节点: ['=Q01+K1.G1-G1:B.S', '=Q01+K1.G1-G1:GND', '=Q01+K1.G1-G1:GND.S']

节点缺失: source==Q01+K1.B1-X9:7:4 (False), target==Q01+K1.B1-A1:3 (False)

节点缺失: source==Q01+K1.G1-G1:J4.7 (False), target==Q01+K1.B1-X9:7:3 (False)
类似的source节点: ['=Q01+K1.G1-G1:B.S', '=Q01+K1.G1-G1:GND', '=Q01+K1.G1-G1:GND.S']

节点缺失: source==Q01+K1.B1-X9:8:5 (False), target==Q01+K1.B1-W5(-P1):X1:2 (False)

节点缺失: source==Q01+K1.G1-G1:J4.8 (False), target==Q01+K1.B1-X9:8:2 (False)
类似的source节点: ['=Q01+K1.G1-G1:B.S', '=Q01+K1.G1-G1:GND', '=Q01+K1.G1-G1:GND.S']

节点缺失: source==Q01+K1.B1-X9:9:4 (False), target==Q01+K1.B1-A1:4 (False)

节点缺失: source==Q01+K1.G1-G1:J4.9 (False), target==Q01+K1.B1-X9:9:3 (False)
类似的source节点: ['=Q01+K1.G1-G1:B.S', '=Q01+K1.G1-G1:GND', '=Q01+K1.G1-G1:GND.S']

节点缺失: source==Q01+K1.B1-X9:10:5 (False), target==Q01+K1.B1-W5(-P1):X1:3 (False)

节点缺失: source==Q01+K1.G1-G1:J4.10 (False), target==Q01+K1.B1-X9:10:2 (False)
类似的source节点: ['=Q01+K1.G1-G1:B.S', '=Q01+K1.G1-G1:GND', '=Q01+K1.G1-G1:GND.S']
错误: Existing exports of data: object cannot be re-sized
详细错误信息:
Traceback (most recent call last):
  File "C:\project\2025\2025 leybold 图论\lbgraph\d1c_create_graph_conn.py", line 119, in main
    target_result = session.run("""
        MATCH (n:V_Terminal {FTID: $ftid})
        RETURN n
    """, ftid=target)
  File "C:\project\2025\2025 leybold 图论\lbgraph\.venv\Lib\site-packages\neo4j\_sync\work\session.py", line 328, in run
    self._auto_result._run(
    ~~~~~~~~~~~~~~~~~~~~~~^
        query,
        ^^^^^^
    ...<6 lines>...
        self._config.notifications_disabled_classifications,
        ^^^^^^^^^^^^^^^^^^^^^^^^^^^^^^^^^^^^^^^^^^^^^^^^^^^^
    )
    ^
  File "C:\project\2025\2025 leybold 图论\lbgraph\.venv\Lib\site-packages\neo4j\_sync\work\result.py", line 236, in _run
    self._attach()
    ~~~~~~~~~~~~^^
  File "C:\project\2025\2025 leybold 图论\lbgraph\.venv\Lib\site-packages\neo4j\_sync\work\result.py", line 430, in _attach
    self._connection.fetch_message()
    ~~~~~~~~~~~~~~~~~~~~~~~~~~~~~~^^
  File "C:\project\2025\2025 leybold 图论\lbgraph\.venv\Lib\site-packages\neo4j\_sync\io\_common.py", line 184, in inner
    func(*args, **kwargs)
    ~~~~^^^^^^^^^^^^^^^^^
  File "C:\project\2025\2025 leybold 图论\lbgraph\.venv\Lib\site-packages\neo4j\_sync\io\_bolt.py", line 861, in fetch_message
    tag, fields = self.inbox.pop(
                  ~~~~~~~~~~~~~~^
        hydration_hooks=self.responses[0].hydration_hooks
        ^^^^^^^^^^^^^^^^^^^^^^^^^^^^^^^^^^^^^^^^^^^^^^^^^
    )
    ^
  File "C:\project\2025\2025 leybold 图论\lbgraph\.venv\Lib\site-packages\neo4j\_sync\io\_common.py", line 77, in pop
    self._buffer_one_chunk()
    ~~~~~~~~~~~~~~~~~~~~~~^^
  File "C:\project\2025\2025 leybold 图论\lbgraph\.venv\Lib\site-packages\neo4j\_sync\io\_common.py", line 54, in _buffer_one_chunk
    receive_into_buffer(self._socket, self._buffer, 2)
    ~~~~~~~~~~~~~~~~~~~^^^^^^^^^^^^^^^^^^^^^^^^^^^^^^^
  File "C:\project\2025\2025 leybold 图论\lbgraph\.venv\Lib\site-packages\neo4j\_sync\io\_common.py", line 345, in receive_into_buffer
    n = sock.recv_into(
        view[buffer.used : end], end - buffer.used
    )
  File "C:\project\2025\2025 leybold 图论\lbgraph\.venv\Lib\site-packages\neo4j\_async_compat\network\_bolt_socket.py", line 364, in recv_into
    return self._wait_for_io(self._socket.recv_into, buffer, nbytes)
           ~~~~~~~~~~~~~~~~~^^^^^^^^^^^^^^^^^^^^^^^^^^^^^^^^^^^^^^^^
  File "C:\project\2025\2025 leybold 图论\lbgraph\.venv\Lib\site-packages\neo4j\_async_compat\network\_bolt_socket.py", line 339, in _wait_for_io
    return func(*args, **kwargs)
KeyboardInterrupt

During handling of the above exception, another exception occurred:

Traceback (most recent call last):
  File "C:\project\2025\2025 leybold 图论\lbgraph\.venv\Lib\site-packages\neo4j\_sync\work\session.py", line 222, in close
    self._connection.fetch_all()
    ~~~~~~~~~~~~~~~~~~~~~~~~~~^^
  File "C:\project\2025\2025 leybold 图论\lbgraph\.venv\Lib\site-packages\neo4j\_sync\io\_bolt.py", line 879, in fetch_all
    detail_delta, summary_delta = self.fetch_message()
                                  ~~~~~~~~~~~~~~~~~~^^
  File "C:\project\2025\2025 leybold 图论\lbgraph\.venv\Lib\site-packages\neo4j\_sync\io\_bolt.py", line 861, in fetch_message
    tag, fields = self.inbox.pop(
                  ~~~~~~~~~~~~~~^
        hydration_hooks=self.responses[0].hydration_hooks
        ^^^^^^^^^^^^^^^^^^^^^^^^^^^^^^^^^^^^^^^^^^^^^^^^^
    )
    ^
  File "C:\project\2025\2025 leybold 图论\lbgraph\.venv\Lib\site-packages\neo4j\_sync\io\_common.py", line 77, in pop
    self._buffer_one_chunk()
    ~~~~~~~~~~~~~~~~~~~~~~^^
  File "C:\project\2025\2025 leybold 图论\lbgraph\.venv\Lib\site-packages\neo4j\_sync\io\_common.py", line 59, in _buffer_one_chunk
    receive_into_buffer(
    ~~~~~~~~~~~~~~~~~~~^
        self._socket, self._buffer, chunk_size + 2
        ^^^^^^^^^^^^^^^^^^^^^^^^^^^^^^^^^^^^^^^^^^
    )
    ^
  File "C:\project\2025\2025 leybold 图论\lbgraph\.venv\Lib\site-packages\neo4j\_sync\io\_common.py", line 342, in receive_into_buffer
    buffer.data += bytearray(end - len(buffer.data))
BufferError: Existing exports of data: object cannot be re-sized

During handling of the above exception, another exception occurred:

Traceback (most recent call last):
  File "C:\project\2025\2025 leybold 图论\lbgraph\d1c_create_graph_conn.py", line 113, in main
    with driver.session() as session:
         ~~~~~~~~~~~~~~^^
  File "C:\project\2025\2025 leybold 图论\lbgraph\.venv\Lib\site-packages\neo4j\_sync\work\session.py", line 130, in __exit__
    self.close()
    ~~~~~~~~~~^^
  File "C:\project\2025\2025 leybold 图论\lbgraph\.venv\Lib\site-packages\neo4j\_sync\work\session.py", line 233, in close
    self._disconnect()
    ~~~~~~~~~~~~~~~~^^
  File "C:\project\2025\2025 leybold 图论\lbgraph\.venv\Lib\site-packages\neo4j\_sync\work\session.py", line 145, in _disconnect
    return super()._disconnect(sync=sync)
           ~~~~~~~~~~~~~~~~~~~^^^^^^^^^^^
  File "C:\project\2025\2025 leybold 图论\lbgraph\.venv\Lib\site-packages\neo4j\_sync\work\workspace.py", line 298, in _disconnect
    self._pool.release(self._connection)
    ~~~~~~~~~~~~~~~~~~^^^^^^^^^^^^^^^^^^
  File "C:\project\2025\2025 leybold 图论\lbgraph\.venv\Lib\site-packages\neo4j\_sync\io\_pool.py", line 481, in release
    connection.reset()
    ~~~~~~~~~~~~~~~~^^
  File "C:\project\2025\2025 leybold 图论\lbgraph\.venv\Lib\site-packages\neo4j\_sync\io\_bolt5.py", line 447, in reset
    self.fetch_all()
    ~~~~~~~~~~~~~~^^
  File "C:\project\2025\2025 leybold 图论\lbgraph\.venv\Lib\site-packages\neo4j\_sync\io\_bolt.py", line 879, in fetch_all
    detail_delta, summary_delta = self.fetch_message()
                                  ~~~~~~~~~~~~~~~~~~^^
  File "C:\project\2025\2025 leybold 图论\lbgraph\.venv\Lib\site-packages\neo4j\_sync\io\_bolt.py", line 861, in fetch_message
    tag, fields = self.inbox.pop(
                  ~~~~~~~~~~~~~~^
        hydration_hooks=self.responses[0].hydration_hooks
        ^^^^^^^^^^^^^^^^^^^^^^^^^^^^^^^^^^^^^^^^^^^^^^^^^
    )
    ^
  File "C:\project\2025\2025 leybold 图论\lbgraph\.venv\Lib\site-packages\neo4j\_sync\io\_common.py", line 77, in pop
    self._buffer_one_chunk()
    ~~~~~~~~~~~~~~~~~~~~~~^^
  File "C:\project\2025\2025 leybold 图论\lbgraph\.venv\Lib\site-packages\neo4j\_sync\io\_common.py", line 59, in _buffer_one_chunk
    receive_into_buffer(
    ~~~~~~~~~~~~~~~~~~~^
        self._socket, self._buffer, chunk_size + 2
        ^^^^^^^^^^^^^^^^^^^^^^^^^^^^^^^^^^^^^^^^^^
    )
    ^
  File "C:\project\2025\2025 leybold 图论\lbgraph\.venv\Lib\site-packages\neo4j\_sync\io\_common.py", line 342, in receive_into_buffer
    buffer.data += bytearray(end - len(buffer.data))
BufferError: Existing exports of data: object cannot be re-sized

